"ride_id","hvfhs_license_num","request_datetime","on_scene_datetime","pickup_datetime","dropoff_datetime","pickup_zone_id","pickup_zone","pickup_borough","dropoff_zone_id","dropoff_zone","dropoff_borough","trip_miles","trip_duration_min","request_to_pickup_min","request_to_on_scene_min","on_scene_to_pickup_min","on_scene_status","validation_status","in_kpi_population","in_stage_population","in_zone_population","request_on_whole_minute","trip_time_mismatch","request_hour","request_weekday","is_weekend","time_period","weather_hour","temperature_c","precipitation_mm","wind_speed_kmh","precip_band"
0,"HV0003",2026-07-01 00:11:48.000000,2026-07-01 00:14:30.000000,2026-07-01 00:19:26.000000,2026-07-01 00:45:06.000000,211,"SoHo","Manhattan",236,"Upper East Side North","Manhattan",4.65,25.666666,7.633333,2.7,4.9333334,"observed","valid",true,true,true,false,false,0,2,false,"overnight_00_05",2026-07-01 00:00:00.000000,26.8,0,12.6,"dry"
1,"HV0003",2026-06-30 23:49:45.000000,2026-07-01 00:04:16.000000,2026-07-01 00:05:53.000000,2026-07-01 00:35:24.000000,114,"Greenwich Village South","Manhattan",7,"Astoria","Queens",6.47,29.516666,16.133333,14.516666,1.6166667,"observed","valid",true,true,true,false,false,23,1,false,"evening_20_23",2026-06-30 23:00:00.000000,27.9,0,13.3,"dry"
2,"HV0003",2026-07-01 00:25:33.000000,2026-07-01 00:36:44.000000,2026-07-01 00:37:22.000000,2026-07-01 01:00:57.000000,7,"Astoria","Queens",63,"Cypress Hills","Brooklyn",12.95,23.583334,11.816667,11.183333,0.6333333,"observed","valid",true,true,true,false,false,0,2,false,"overnight_00_05",2026-07-01 00:00:00.000000,26.8,0,12.6,"dry"
3,"HV0005",2026-07-01 00:04:29.000000,2026-07-01 00:08:38.000000,2026-07-01 00:09:20.000000,2026-07-01 00:26:42.000000,74,"East Harlem North","Manhattan",262,"Yorkville East","Manhattan",2.262,17.366667,4.85,4.15,0.7,"observed","valid",true,true,true,false,false,0,2,false,"overnight_00_05",2026-07-01 00:00:00.000000,26.8,0,12.6,"dry"
4,"HV0005",2026-07-01 00:44:42.000000,2026-07-01 00:47:32.000000,2026-07-01 00:50:16.000000,2026-07-01 00:58:39.000000,262,"Yorkville East","Manhattan",141,"Lenox Hill West","Manhattan",1.584,8.383333,5.5666666,2.8333333,2.7333333,"observed","valid",true,true,true,false,false,0,2,false,"overnight_00_05",2026-07-01 00:00:00.000000,26.8,0,12.6,"dry"
5,"HV0003",2026-07-01 00:04:28.000000,2026-07-01 00:10:33.000000,2026-07-01 00:10:33.000000,2026-07-01 00:47:30.000000,132,"JFK Airport","Queens",170,"Murray Hill","Manhattan",17.48,36.95,6.0833335,6.0833335,0,"same_as_pickup","valid",true,false,true,false,false,0,2,false,"overnight_00_05",2026-07-01 00:00:00.000000,26.8,0,12.6,"dry"
6,"HV0003",2026-07-01 00:50:15.000000,2026-07-01 00:53:48.000000,2026-07-01 00:55:21.000000,2026-07-01 01:03:31.000000,161,"Midtown Center","Manhattan",263,"Yorkville West","Manhattan",2.52,8.166667,5.1,3.55,1.55,"observed","valid",true,true,true,false,false,0,2,false,"overnight_00_05",2026-07-01 00:00:00.000000,26.8,0,12.6,"dry"
7,"HV0003",2026-07-01 00:08:41.000000,2026-07-01 00:23:16.000000,2026-07-01 00:25:16.000000,2026-07-01 00:36:24.000000,225,"Stuyvesant Heights","Brooklyn",61,"Crown Heights North","Brooklyn",2.2,11.133333,16.583334,14.583333,2,"observed","valid",true,true,true,false,false,0,2,false,"overnight_00_05",2026-07-01 00:00:00.000000,26.8,0,12.6,"dry"
8,"HV0003",2026-07-01 00:01:47.000000,2026-07-01 00:19:53.000000,2026-07-01 00:20:04.000000,2026-07-01 00:30:50.000000,252,"Whitestone","Queens",95,"Forest Hills","Queens",6.29,10.766666,18.283333,18.1,0.18333334,"observed","valid",true,true,true,false,false,0,2,false,"overnight_00_05",2026-07-01 00:00:00.000000,26.8,0,12.6,"dry"
9,"HV0003",2026-07-01 00:29:05.000000,2026-07-01 00:33:53.000000,2026-07-01 00:34:03.000000,2026-07-01 00:54:22.000000,95,"Forest Hills","Queens",173,"North Corona","Queens",6.52,20.316668,4.9666667,4.8,0.16666667,"observed","valid",true,true,true,false,false,0,2,false,"overnight_00_05",2026-07-01 00:00:00.000000,26.8,0,12.6,"dry"
10,"HV0003",2026-07-01 00:43:57.000000,2026-07-01 00:54:33.000000,2026-07-01 00:56:24.000000,2026-07-01 01:11:22.000000,173,"North Corona","Queens",226,"Sunnyside","Queens",7.69,14.966666,12.45,10.6,1.85,"observed","valid",true,true,true,false,false,0,2,false,"overnight_00_05",2026-07-01 00:00:00.000000,26.8,0,12.6,"dry"
11,"HV0003",2026-07-01 00:03:15.000000,2026-07-01 00:05:05.000000,2026-07-01 00:05:12.000000,2026-07-01 00:14:34.000000,148,"Lower East Side","Manhattan",256,"Williamsburg (South Side)","Brooklyn",2.79,9.366667,1.95,1.8333334,0.11666667,"observed","valid",true,true,true,false,false,0,2,false,"overnight_00_05",2026-07-01 00:00:00.000000,26.8,0,12.6,"dry"
12,"HV0003",2026-07-01 00:10:28.000000,2026-07-01 00:16:21.000000,2026-07-01 00:17:52.000000,2026-07-01 00:53:39.000000,256,"Williamsburg (South Side)","Brooklyn",142,"Lincoln Square East","Manhattan",9.64,35.783333,7.4,5.883333,1.5166667,"observed","valid",true,true,true,false,false,0,2,false,"overnight_00_05",2026-07-01 00:00:00.000000,26.8,0,12.6,"dry"
13,"HV0003",2026-07-01 00:54:46.000000,2026-07-01 00:57:09.000000,2026-07-01 00:57:27.000000,2026-07-01 01:01:35.000000,142,"Lincoln Square East","Manhattan",239,"Upper West Side South","Manhattan",1.04,4.133333,2.6833334,2.3833334,0.3,"observed","valid",true,true,true,false,false,0,2,false,"overnight_00_05",2026-07-01 00:00:00.000000,26.8,0,12.6,"dry"
14,"HV0003",2026-07-01 00:06:37.000000,2026-07-01 00:12:54.000000,2026-07-01 00:13:32.000000,2026-07-01 00:28:23.000000,148,"Lower East Side","Manhattan",83,"Elmhurst/Maspeth","Queens",6.44,14.85,6.9166665,6.2833333,0.6333333,"observed","valid",true,true,true,false,false,0,2,false,"overnight_00_05",2026-07-01 00:00:00.000000,26.8,0,12.6,"dry"
15,"HV0003",2026-07-01 00:25:07.000000,2026-07-01 00:32:30.000000,2026-07-01 00:33:33.000000,2026-07-01 00:59:18.000000,82,"Elmhurst","Queens",61,"Crown Heights North","Brooklyn",7.7,25.75,8.433333,7.383333,1.05,"observed","valid",true,true,true,false,false,0,2,false,"overnight_00_05",2026-07-01 00:00:00.000000,26.8,0,12.6,"dry"
16,"HV0005",2026-07-01 00:13:11.000000,2026-07-01 00:16:12.000000,2026-07-01 00:18:14.000000,2026-07-01 00:27:46.000000,33,"Brooklyn Heights","Brooklyn",181,"Park Slope","Brooklyn",2.072,9.533334,5.05,3.0166667,2.0333333,"observed","valid",true,true,true,false,false,0,2,false,"overnight_00_05",2026-07-01 00:00:00.000000,26.8,0,12.6,"dry"
17,"HV0005",2026-07-01 00:45:27.000000,2026-07-01 00:47:26.000000,2026-07-01 00:51:26.000000,2026-07-01 01:18:56.000000,211,"SoHo","Manhattan",265,"Outside of NYC","N/A",6.911,27.5,5.983333,1.9833333,4,"observed","valid",true,true,true,false,true,0,2,false,"overnight_00_05",2026-07-01 00:00:00.000000,26.8,0,12.6,"dry"
18,"HV0003",2026-07-01 00:19:27.000000,2026-07-01 00:24:38.000000,2026-07-01 00:24:48.000000,2026-07-01 00:43:58.000000,13,"Battery Park City","Manhattan",181,"Park Slope","Brooklyn",6.79,19.166666,5.35,5.1833334,0.16666667,"observed","valid",true,true,true,false,false,0,2,false,"overnight_00_05",2026-07-01 00:00:00.000000,26.8,0,12.6,"dry"
19,"HV0003",2026-07-01 00:09:09.000000,2026-07-01 00:11:05.000000,2026-07-01 00:11:58.000000,2026-07-01 00:16:54.000000,48,"Clinton East","Manhattan",68,"East Chelsea","Manhattan",1.57,4.9333334,2.8166666,1.9333333,0.8833333,"observed","valid",true,true,true,false,false,0,2,false,"overnight_00_05",2026-07-01 00:00:00.000000,26.8,0,12.6,"dry"
20,"HV0005",2026-07-01 00:33:55.000000,2026-07-01 00:36:34.000000,2026-07-01 00:37:36.000000,2026-07-01 00:54:02.000000,249,"West Village","Manhattan",265,"Outside of NYC","N/A",5.183,16.433332,3.6833334,2.65,1.0333333,"observed","valid",true,true,true,false,false,0,2,false,"overnight_00_05",2026-07-01 00:00:00.000000,26.8,0,12.6,"dry"
21,"HV0003",2026-07-01 00:37:44.000000,2026-07-01 00:45:54.000000,2026-07-01 00:46:05.000000,2026-07-01 01:33:16.000000,132,"JFK Airport","Queens",142,"Lincoln Square East","Manhattan",17.53,47.183334,8.35,8.166667,0.18333334,"observed","valid",true,true,true,false,false,0,2,false,"overnight_00_05",2026-07-01 00:00:00.000000,26.8,0,12.6,"dry"
22,"HV0003",2026-07-01 00:16:50.000000,2026-07-01 00:35:45.000000,2026-07-01 00:36:02.000000,2026-07-01 00:56:08.000000,223,"Steinway","Queens",116,"Hamilton Heights","Manhattan",6.02,20.1,19.2,18.916666,0.28333333,"observed","valid",true,true,true,false,false,0,2,false,"overnight_00_05",2026-07-01 00:00:00.000000,26.8,0,12.6,"dry"
23,"HV0005",2026-07-01 00:06:18.000000,2026-07-01 00:11:18.000000,2026-07-01 00:12:06.000000,2026-07-01 00:32:27.000000,36,"Bushwick North","Brooklyn",7,"Astoria","Queens",6.268,20.35,5.8,5,0.8,"observed","valid",true,true,true,false,false,0,2,false,"overnight_00_05",2026-07-01 00:00:00.000000,26.8,0,12.6,"dry"
24,"HV0005",2026-07-01 00:31:21.000000,2026-07-01 00:42:31.000000,2026-07-01 00:43:04.000000,2026-07-01 00:47:24.000000,207,"Saint Michaels Cemetery/Woodside","Queens",129,"Jackson Heights","Queens",0.77,4.3333335,11.716666,11.166667,0.55,"observed","valid",true,true,true,false,false,0,2,false,"overnight_00_05",2026-07-01 00:00:00.000000,26.8,0,12.6,"dry"
25,"HV0003",2026-07-01 00:07:28.000000,2026-07-01 00:10:32.000000,2026-07-01 00:11:28.000000,2026-07-01 00:48:04.000000,162,"Midtown East","Manhattan",237,"Upper East Side South","Manhattan",3.6,36.6,4,3.0666666,0.93333334,"observed","valid",true,true,true,false,false,0,2,false,"overnight_00_05",2026-07-01 00:00:00.000000,26.8,0,12.6,"dry"
26,"HV0003",2026-07-01 00:51:04.000000,2026-07-01 00:52:28.000000,2026-07-01 00:53:41.000000,2026-07-01 01:11:57.000000,161,"Midtown Center","Manhattan",152,"Manhattanville","Manhattan",5.21,18.266666,2.6166666,1.4,1.2166667,"observed","valid",true,true,true,false,false,0,2,false,"overnight_00_05",2026-07-01 00:00:00.000000,26.8,0,12.6,"dry"
27,"HV0003",2026-06-30 23:53:02.000000,2026-07-01 00:03:31.000000,2026-07-01 00:05:32.000000,2026-07-01 00:50:13.000000,42,"Central Harlem North","Manhattan",265,"Outside of NYC","N/A",32.57,44.683334,12.5,10.483334,2.0166667,"observed","valid",true,true,true,false,false,23,1,false,"evening_20_23",2026-06-30 23:00:00.000000,27.9,0,13.3,"dry"
28,"HV0003",2026-07-01 00:10:00.000000,2026-07-01 00:13:03.000000,2026-07-01 00:13:03.000000,2026-07-01 00:21:19.000000,234,"Union Sq","Manhattan",233,"UN/Turtle Bay South","Manhattan",1.28,8.266666,3.05,3.05,0,"same_as_pickup","valid",true,false,true,true,false,0,2,false,"overnight_00_05",2026-07-01 00:00:00.000000,26.8,0,12.6,"dry"
29,"HV0003",2026-07-01 00:33:05.000000,2026-07-01 00:34:25.000000,2026-07-01 00:36:41.000000,2026-07-01 00:50:49.000000,161,"Midtown Center","Manhattan",249,"West Village","Manhattan",3.1,14.133333,3.6,1.3333334,2.2666667,"observed","valid",true,true,true,false,false,0,2,false,"overnight_00_05",2026-07-01 00:00:00.000000,26.8,0,12.6,"dry"
30,"HV0003",2026-06-30 23:55:39.000000,2026-07-01 00:04:00.000000,2026-07-01 00:05:19.000000,2026-07-01 00:18:11.000000,242,"Van Nest/Morris Park","Bronx",18,"Bedford Park","Bronx",3.57,12.866667,9.666667,8.35,1.3166667,"observed","valid",true,true,true,false,false,23,1,false,"evening_20_23",2026-06-30 23:00:00.000000,27.9,0,13.3,"dry"
31,"HV0003",2026-07-01 00:24:30.000000,2026-07-01 00:26:09.000000,2026-07-01 00:27:08.000000,2026-07-01 00:36:05.000000,18,"Bedford Park","Bronx",32,"Bronxdale","Bronx",1.92,8.95,2.6333334,1.65,0.98333335,"observed","valid",true,true,true,false,false,0,2,false,"overnight_00_05",2026-07-01 00:00:00.000000,26.8,0,12.6,"dry"
32,"HV0005",2026-07-01 00:37:20.000000,2026-07-01 00:41:14.000000,2026-07-01 00:41:32.000000,2026-07-01 00:57:24.000000,32,"Bronxdale","Bronx",58,"Country Club","Bronx",4.589,15.866667,4.2,3.9,0.3,"observed","valid",true,true,true,false,false,0,2,false,"overnight_00_05",2026-07-01 00:00:00.000000,26.8,0,12.6,"dry"
33,"HV0003",2026-07-01 00:05:09.000000,2026-07-01 00:06:42.000000,2026-07-01 00:07:05.000000,2026-07-01 00:29:44.000000,65,"Downtown Brooklyn/MetroTech","Brooklyn",53,"College Point","Queens",13.51,22.65,1.9333333,1.55,0.38333333,"observed","valid",true,true,true,false,false,0,2,false,"overnight_00_05",2026-07-01 00:00:00.000000,26.8,0,12.6,"dry"
34,"HV0003",2026-07-01 00:21:29.000000,2026-07-01 00:32:02.000000,2026-07-01 00:32:26.000000,2026-07-01 00:51:26.000000,53,"College Point","Queens",78,"East Tremont","Bronx",8.64,19,10.95,10.55,0.4,"observed","valid",true,true,true,false,false,0,2,false,"overnight_00_05",2026-07-01 00:00:00.000000,26.8,0,12.6,"dry"
35,"HV0003",2026-07-01 00:25:49.000000,2026-07-01 00:28:58.000000,2026-07-01 00:29:18.000000,2026-07-01 01:11:15.000000,133,"Kensington","Brooklyn",129,"Jackson Heights","Queens",13.74,41.95,3.4833333,3.15,0.33333334,"observed","valid",true,true,true,false,false,0,2,false,"overnight_00_05",2026-07-01 00:00:00.000000,26.8,0,12.6,"dry"
36,"HV0003",2026-06-30 23:57:00.000000,2026-06-30 23:59:30.000000,2026-07-01 00:01:29.000000,2026-07-01 00:06:35.000000,39,"Canarsie","Brooklyn",39,"Canarsie","Brooklyn",1.04,5.1,4.483333,2.5,1.9833333,"observed","valid",true,true,true,true,false,23,1,false,"evening_20_23",2026-06-30 23:00:00.000000,27.9,0,13.3,"dry"
37,"HV0003",2026-07-01 00:06:21.000000,2026-07-01 00:08:07.000000,2026-07-01 00:09:33.000000,2026-07-01 00:15:15.000000,39,"Canarsie","Brooklyn",76,"East New York","Brooklyn",1.07,5.7,3.2,1.7666667,1.4333333,"observed","valid",true,true,true,false,false,0,2,false,"overnight_00_05",2026-07-01 00:00:00.000000,26.8,0,12.6,"dry"
38,"HV0003",2026-07-01 00:19:48.000000,2026-07-01 00:22:27.000000,2026-07-01 00:24:27.000000,2026-07-01 00:35:02.000000,72,"East Flatbush/Remsen Village","Brooklyn",39,"Canarsie","Brooklyn",1.62,10.583333,4.65,2.65,2,"observed","valid",true,true,true,false,false,0,2,false,"overnight_00_05",2026-07-01 00:00:00.000000,26.8,0,12.6,"dry"
39,"HV0003",2026-07-01 00:36:05.000000,2026-07-01 00:39:35.000000,2026-07-01 00:40:00.000000,2026-07-01 00:46:07.000000,39,"Canarsie","Brooklyn",222,"Starrett City","Brooklyn",1.41,6.116667,3.9166667,3.5,0.41666666,"observed","valid",true,true,true,false,false,0,2,false,"overnight_00_05",2026-07-01 00:00:00.000000,26.8,0,12.6,"dry"
40,"HV0003",2026-07-01 00:52:26.000000,2026-07-01 00:55:07.000000,2026-07-01 00:57:08.000000,2026-07-01 01:04:04.000000,39,"Canarsie","Brooklyn",35,"Brownsville","Brooklyn",1.3,6.9333334,4.7,2.6833334,2.0166667,"observed","valid",true,true,true,false,false,0,2,false,"overnight_00_05",2026-07-01 00:00:00.000000,26.8,0,12.6,"dry"
41,"HV0003",2026-07-01 00:06:18.000000,2026-07-01 00:07:41.000000,2026-07-01 00:08:28.000000,2026-07-01 00:21:33.000000,230,"Times Sq/Theatre District","Manhattan",233,"UN/Turtle Bay South","Manhattan",1.67,13.083333,2.1666667,1.3833333,0.78333336,"observed","valid",true,true,true,false,false,0,2,false,"overnight_00_05",2026-07-01 00:00:00.000000,26.8,0,12.6,"dry"
42,"HV0003",2026-07-01 00:23:56.000000,2026-07-01 00:24:45.000000,2026-07-01 00:26:23.000000,2026-07-01 00:32:52.000000,170,"Murray Hill","Manhattan",230,"Times Sq/Theatre District","Manhattan",1.28,6.483333,2.45,0.81666666,1.6333333,"observed","valid",true,true,true,false,false,0,2,false,"overnight_00_05",2026-07-01 00:00:00.000000,26.8,0,12.6,"dry"
43,"HV0003",2026-07-01 00:32:09.000000,2026-07-01 00:37:45.000000,2026-07-01 00:39:45.000000,2026-07-01 00:53:56.000000,100,"Garment District","Manhattan",234,"Union Sq","Manhattan",2.2,14.183333,7.6,5.6,2,"observed","valid",true,true,true,false,false,0,2,false,"overnight_00_05",2026-07-01 00:00:00.000000,26.8,0,12.6,"dry"
44,"HV0003",2026-07-01 00:04:57.000000,2026-07-01 00:06:12.000000,2026-07-01 00:06:28.000000,2026-07-01 00:19:48.000000,37,"Bushwick South","Brooklyn",17,"Bedford","Brooklyn",2.44,13.333333,1.5166667,1.25,0.26666668,"observed","valid",true,true,true,false,false,0,2,false,"overnight_00_05",2026-07-01 00:00:00.000000,26.8,0,12.6,"dry"
45,"HV0003",2026-07-01 00:12:20.000000,2026-07-01 00:38:56.000000,2026-07-01 00:39:47.000000,2026-07-01 01:04:47.000000,148,"Lower East Side","Manhattan",167,"Morrisania/Melrose","Bronx",10.88,25,27.45,26.6,0.85,"observed","valid",true,true,true,false,false,0,2,false,"overnight_00_05",2026-07-01 00:00:00.000000,26.8,0,12.6,"dry"
46,"HV0005",2026-07-01 00:24:09.000000,2026-07-01 00:38:20.000000,2026-07-01 00:38:51.000000,2026-07-01 01:00:36.000000,138,"LaGuardia Airport","Queens",229,"Sutton Place/Turtle Bay North","Manhattan",8.445,21.75,14.7,14.183333,0.51666665,"observed","valid",true,true,true,false,false,0,2,false,"overnight_00_05",2026-07-01 00:00:00.000000,26.8,0,12.6,"dry"
47,"HV0003",2026-07-01 00:47:17.000000,2026-07-01 00:52:18.000000,2026-07-01 00:53:41.000000,2026-07-01 01:19:22.000000,79,"East Village","Manhattan",62,"Crown Heights South","Brooklyn",5.84,25.683332,6.4,5.016667,1.3833333,"observed","valid",true,true,true,false,false,0,2,false,"overnight_00_05",2026-07-01 00:00:00.000000,26.8,0,12.6,"dry"
48,"HV0003",2026-07-01 00:06:48.000000,2026-07-01 00:11:44.000000,2026-07-01 00:13:45.000000,2026-07-01 00:35:50.000000,117,"Hammels/Arverne","Queens",218,"Springfield Gardens North","Queens",7.24,22.083334,6.95,4.9333334,2.0166667,"observed","valid",true,true,true,false,false,0,2,false,"overnight_00_05",2026-07-01 00:00:00.000000,26.8,0,12.6,"dry"
49,"HV0003",2026-07-01 00:09:13.000000,2026-07-01 00:10:11.000000,2026-07-01 00:10:19.000000,2026-07-01 00:37:11.000000,107,"Gramercy","Manhattan",61,"Crown Heights North","Brooklyn",6.61,26.866667,1.1,0.96666664,0.13333334,"observed","valid",true,true,true,false,false,0,2,false,"overnight_00_05",2026-07-01 00:00:00.000000,26.8,0,12.6,"dry"
50,"HV0003",2026-07-01 00:40:14.000000,2026-07-01 00:44:22.000000,2026-07-01 00:46:22.000000,2026-07-01 00:54:38.000000,61,"Crown Heights North","Brooklyn",225,"Stuyvesant Heights","Brooklyn",1.38,8.266666,6.133333,4.133333,2,"observed","valid",true,true,true,false,false,0,2,false,"overnight_00_05",2026-07-01 00:00:00.000000,26.8,0,12.6,"dry"
51,"HV0003",2026-07-01 00:15:19.000000,2026-07-01 00:17:36.000000,2026-07-01 00:17:47.000000,2026-07-01 00:38:26.000000,162,"Midtown East","Manhattan",196,"Rego Park","Queens",7.82,20.65,2.4666667,2.2833333,0.18333334,"observed","valid",true,true,true,false,false,0,2,false,"overnight_00_05",2026-07-01 00:00:00.000000,26.8,0,12.6,"dry"
52,"HV0003",2026-07-01 00:34:52.000000,2026-07-01 00:40:40.000000,2026-07-01 00:40:47.000000,2026-07-01 00:50:43.000000,196,"Rego Park","Queens",173,"North Corona","Queens",3.45,9.933333,5.9166665,5.8,0.11666667,"observed","valid",true,true,true,false,false,0,2,false,"overnight_00_05",2026-07-01 00:00:00.000000,26.8,0,12.6,"dry"
53,"HV0005",2026-07-01 00:10:20.000000,2026-07-01 00:20:31.000000,2026-07-01 00:20:58.000000,2026-07-01 00:36:15.000000,256,"Williamsburg (South Side)","Brooklyn",37,"Bushwick South","Brooklyn",2.334,15.283334,10.633333,10.183333,0.45,"observed","valid",true,true,true,false,false,0,2,false,"overnight_00_05",2026-07-01 00:00:00.000000,26.8,0,12.6,"dry"
54,"HV0005",2026-07-01 00:38:04.000000,2026-07-01 00:41:14.000000,2026-07-01 00:41:26.000000,2026-07-01 00:48:22.000000,37,"Bushwick South","Brooklyn",37,"Bushwick South","Brooklyn",0.834,6.9333334,3.3666666,3.1666667,0.2,"observed","valid",true,true,true,false,false,0,2,false,"overnight_00_05",2026-07-01 00:00:00.000000,26.8,0,12.6,"dry"
55,"HV0005",2026-07-01 00:53:04.000000,2026-07-01 00:56:51.000000,2026-07-01 00:57:05.000000,2026-07-01 01:03:40.000000,36,"Bushwick North","Brooklyn",157,"Maspeth","Queens",1.195,6.5833335,4.016667,3.7833333,0.23333333,"observed","valid",true,true,true,false,false,0,2,false,"overnight_00_05",2026-07-01 00:00:00.000000,26.8,0,12.6,"dry"
56,"HV0003",2026-07-01 00:18:44.000000,2026-07-01 00:20:35.000000,2026-07-01 00:21:01.000000,2026-07-01 00:59:58.000000,113,"Greenwich Village North","Manhattan",14,"Bay Ridge","Brooklyn",9.98,38.95,2.2833333,1.85,0.43333334,"observed","valid",true,true,true,false,false,0,2,false,"overnight_00_05",2026-07-01 00:00:00.000000,26.8,0,12.6,"dry"
57,"HV0003",2026-07-01 00:21:34.000000,2026-07-01 00:26:11.000000,2026-07-01 00:26:12.000000,2026-07-01 00:47:54.000000,161,"Midtown Center","Manhattan",87,"Financial District North","Manhattan",6.3,21.7,4.633333,4.616667,0.016666668,"observed","valid",true,true,true,false,false,0,2,false,"overnight_00_05",2026-07-01 00:00:00.000000,26.8,0,12.6,"dry"
58,"HV0003",2026-07-01 00:03:17.000000,2026-07-01 00:13:37.000000,2026-07-01 00:15:37.000000,2026-07-01 00:42:34.000000,125,"Hudson Sq","Manhattan",225,"Stuyvesant Heights","Brooklyn",5,26.95,12.333333,10.333333,2,"observed","valid",true,true,true,false,false,0,2,false,"overnight_00_05",2026-07-01 00:00:00.000000,26.8,0,12.6,"dry"
59,"HV0003",2026-07-01 00:13:28.000000,2026-07-01 00:27:38.000000,2026-07-01 00:29:10.000000,2026-07-01 00:34:30.000000,173,"North Corona","Queens",70,"East Elmhurst","Queens",0.73,5.3333335,15.7,14.166667,1.5333333,"observed","valid",true,true,true,false,false,0,2,false,"overnight_00_05",2026-07-01 00:00:00.000000,26.8,0,12.6,"dry"
60,"HV0003",2026-07-01 00:31:38.000000,2026-07-01 00:43:50.000000,2026-07-01 00:44:14.000000,2026-07-01 01:49:38.000000,138,"LaGuardia Airport","Queens",265,"Outside of NYC","N/A",48.33,65.4,12.6,12.2,0.4,"observed","valid",true,true,true,false,false,0,2,false,"overnight_00_05",2026-07-01 00:00:00.000000,26.8,0,12.6,"dry"
61,"HV0003",2026-07-01 00:09:08.000000,2026-07-01 00:24:56.000000,2026-07-01 00:25:04.000000,2026-07-01 00:39:01.000000,245,"West Brighton","Staten Island",221,"Stapleton","Staten Island",3.1,13.95,15.933333,15.8,0.13333334,"observed","valid",true,true,true,false,false,0,2,false,"overnight_00_05",2026-07-01 00:00:00.000000,26.8,0,12.6,"dry"
62,"HV0003",2026-07-01 00:41:55.000000,2026-07-01 00:49:24.000000,2026-07-01 00:49:34.000000,2026-07-01 01:04:16.000000,221,"Stapleton","Staten Island",251,"Westerleigh","Staten Island",4.68,14.7,7.65,7.483333,0.16666667,"observed","valid",true,true,true,false,false,0,2,false,"overnight_00_05",2026-07-01 00:00:00.000000,26.8,0,12.6,"dry"
63,"HV0003",2026-07-01 00:10:21.000000,2026-07-01 00:14:27.000000,2026-07-01 00:15:38.000000,2026-07-01 00:41:34.000000,144,"Little Italy/NoLiTa","Manhattan",166,"Morningside Heights","Manhattan",7.32,25.933332,5.2833333,4.1,1.1833333,"observed","valid",true,true,true,false,false,0,2,false,"overnight_00_05",2026-07-01 00:00:00.000000,26.8,0,12.6,"dry"
64,"HV0003",2026-06-30 23:54:45.000000,2026-07-01 00:06:42.000000,2026-07-01 00:06:42.000000,2026-07-01 00:38:44.000000,132,"JFK Airport","Queens",188,"Prospect-Lefferts Gardens","Brooklyn",16.2,32.033333,11.95,11.95,0,"same_as_pickup","valid",true,false,true,false,false,23,1,false,"evening_20_23",2026-06-30 23:00:00.000000,27.9,0,13.3,"dry"
65,"HV0003",2026-07-01 00:08:10.000000,2026-07-01 00:22:51.000000,2026-07-01 00:23:42.000000,2026-07-01 01:02:38.000000,25,"Boerum Hill","Brooklyn",205,"Saint Albans","Queens",16.76,38.933334,15.533334,14.683333,0.85,"observed","valid",true,true,true,false,false,0,2,false,"overnight_00_05",2026-07-01 00:00:00.000000,26.8,0,12.6,"dry"
66,"HV0005",2026-07-01 00:08:46.000000,2026-07-01 00:12:06.000000,2026-07-01 00:12:35.000000,2026-07-01 00:31:51.000000,48,"Clinton East","Manhattan",148,"Lower East Side","Manhattan",3.912,19.266666,3.8166666,3.3333333,0.48333332,"observed","valid",true,true,true,false,false,0,2,false,"overnight_00_05",2026-07-01 00:00:00.000000,26.8,0,12.6,"dry"
67,"HV0005",2026-07-01 00:30:52.000000,2026-07-01 00:34:05.000000,2026-07-01 00:34:14.000000,2026-07-01 00:53:44.000000,144,"Little Italy/NoLiTa","Manhattan",61,"Crown Heights North","Brooklyn",4.681,19.5,3.3666666,3.2166667,0.15,"observed","valid",true,true,true,false,false,0,2,false,"overnight_00_05",2026-07-01 00:00:00.000000,26.8,0,12.6,"dry"
68,"HV0003",2026-07-01 00:09:49.000000,2026-07-01 00:13:16.000000,2026-07-01 00:15:16.000000,2026-07-01 00:26:58.000000,262,"Yorkville East","Manhattan",229,"Sutton Place/Turtle Bay North","Manhattan",2.38,11.7,5.45,3.45,2,"observed","valid",true,true,true,false,false,0,2,false,"overnight_00_05",2026-07-01 00:00:00.000000,26.8,0,12.6,"dry"
69,"HV0003",2026-07-01 00:37:23.000000,2026-07-01 00:40:16.000000,2026-07-01 00:40:34.000000,2026-07-01 00:58:27.000000,162,"Midtown East","Manhattan",249,"West Village","Manhattan",3.2,17.883333,3.1833334,2.8833334,0.3,"observed","valid",true,true,true,false,false,0,2,false,"overnight_00_05",2026-07-01 00:00:00.000000,26.8,0,12.6,"dry"
70,"HV0003",2026-07-01 00:33:04.000000,2026-07-01 00:39:49.000000,2026-07-01 00:41:49.000000,2026-07-01 01:18:45.000000,132,"JFK Airport","Queens",149,"Madison","Brooklyn",15.76,36.933334,8.75,6.75,2,"observed","valid",true,true,true,false,false,0,2,false,"overnight_00_05",2026-07-01 00:00:00.000000,26.8,0,12.6,"dry"
71,"HV0003",2026-07-01 00:16:59.000000,2026-07-01 00:23:31.000000,2026-07-01 00:25:32.000000,2026-07-01 00:40:11.000000,258,"Woodhaven","Queens",28,"Briarwood/Jamaica Hills","Queens",4,14.65,8.55,6.5333333,2.0166667,"observed","valid",true,true,true,false,false,0,2,false,"overnight_00_05",2026-07-01 00:00:00.000000,26.8,0,12.6,"dry"
72,"HV0003",2026-07-01 00:41:38.000000,2026-07-01 00:45:39.000000,2026-07-01 00:46:20.000000,2026-07-01 01:09:50.000000,130,"Jamaica","Queens",212,"Soundview/Bruckner","Bronx",13.52,23.5,4.7,4.016667,0.68333334,"observed","valid",true,true,true,false,false,0,2,false,"overnight_00_05",2026-07-01 00:00:00.000000,26.8,0,12.6,"dry"
73,"HV0003",2026-07-01 00:35:10.000000,2026-07-01 00:37:07.000000,2026-07-01 00:39:08.000000,2026-07-01 00:56:48.000000,246,"West Chelsea/Hudson Yards","Manhattan",148,"Lower East Side","Manhattan",3.76,17.666666,3.9666667,1.95,2.0166667,"observed","valid",true,true,true,false,false,0,2,false,"overnight_00_05",2026-07-01 00:00:00.000000,26.8,0,12.6,"dry"
74,"HV0003",2026-07-01 00:10:54.000000,2026-07-01 00:14:19.000000,2026-07-01 00:14:47.000000,2026-07-01 00:23:04.000000,25,"Boerum Hill","Brooklyn",40,"Carroll Gardens","Brooklyn",1.75,8.283334,3.8833334,3.4166667,0.46666667,"observed","valid",true,true,true,false,false,0,2,false,"overnight_00_05",2026-07-01 00:00:00.000000,26.8,0,12.6,"dry"
75,"HV0003",2026-07-01 00:21:36.000000,2026-07-01 00:24:03.000000,2026-07-01 00:24:46.000000,2026-07-01 00:39:35.000000,40,"Carroll Gardens","Brooklyn",228,"Sunset Park West","Brooklyn",2.92,14.816667,3.1666667,2.45,0.71666664,"observed","valid",true,true,true,false,false,0,2,false,"overnight_00_05",2026-07-01 00:00:00.000000,26.8,0,12.6,"dry"
76,"HV0003",2026-07-01 00:38:10.000000,2026-07-01 00:43:19.000000,2026-07-01 00:43:41.000000,2026-07-01 00:52:10.000000,228,"Sunset Park West","Brooklyn",227,"Sunset Park East","Brooklyn",1.16,8.483334,5.516667,5.15,0.36666667,"observed","valid",true,true,true,false,false,0,2,false,"overnight_00_05",2026-07-01 00:00:00.000000,26.8,0,12.6,"dry"
77,"HV0003",2026-06-30 23:57:53.000000,2026-06-30 23:59:42.000000,2026-07-01 00:01:42.000000,2026-07-01 00:27:31.000000,164,"Midtown South","Manhattan",262,"Yorkville East","Manhattan",4.72,25.816668,3.8166666,1.8166667,2,"observed","valid",true,true,true,false,false,23,1,false,"evening_20_23",2026-06-30 23:00:00.000000,27.9,0,13.3,"dry"
78,"HV0003",2026-07-01 00:39:07.000000,2026-07-01 00:40:22.000000,2026-07-01 00:40:56.000000,2026-07-01 01:07:07.000000,162,"Midtown East","Manhattan",265,"Outside of NYC","N/A",7.39,26.183332,1.8166667,1.25,0.56666666,"observed","valid",true,true,true,false,false,0,2,false,"overnight_00_05",2026-07-01 00:00:00.000000,26.8,0,12.6,"dry"
79,"HV0003",2026-07-01 00:13:19.000000,2026-07-01 00:29:35.000000,2026-07-01 00:30:49.000000,2026-07-01 01:03:50.000000,228,"Sunset Park West","Brooklyn",112,"Greenpoint","Brooklyn",7.53,33.016666,17.5,16.266666,1.2333333,"observed","valid",true,true,true,false,false,0,2,false,"overnight_00_05",2026-07-01 00:00:00.000000,26.8,0,12.6,"dry"
80,"HV0003",2026-06-30 23:59:53.000000,2026-07-01 00:06:36.000000,2026-07-01 00:07:04.000000,2026-07-01 00:23:58.000000,255,"Williamsburg (North Side)","Brooklyn",37,"Bushwick South","Brooklyn",2.75,16.9,7.1833334,6.7166667,0.46666667,"observed","valid",true,true,true,false,false,23,1,false,"evening_20_23",2026-06-30 23:00:00.000000,27.9,0,13.3,"dry"
81,"HV0003",2026-07-01 00:35:29.000000,2026-07-01 00:40:00.000000,2026-07-01 00:40:35.000000,2026-07-01 00:49:13.000000,36,"Bushwick North","Brooklyn",80,"East Williamsburg","Brooklyn",1.99,8.633333,5.1,4.516667,0.5833333,"observed","valid",true,true,true,false,false,0,2,false,"overnight_00_05",2026-07-01 00:00:00.000000,26.8,0,12.6,"dry"
82,"HV0003",2026-07-01 00:53:13.000000,2026-07-01 00:55:20.000000,2026-07-01 00:55:37.000000,2026-07-01 01:07:14.000000,80,"East Williamsburg","Brooklyn",148,"Lower East Side","Manhattan",2.47,11.616667,2.4,2.1166666,0.28333333,"observed","valid",true,true,true,false,false,0,2,false,"overnight_00_05",2026-07-01 00:00:00.000000,26.8,0,12.6,"dry"
83,"HV0005",2026-07-01 00:15:42.000000,2026-07-01 00:21:54.000000,2026-07-01 00:22:34.000000,2026-07-01 00:44:18.000000,40,"Carroll Gardens","Brooklyn",21,"Bensonhurst East","Brooklyn",6.909,21.733334,6.866667,6.2,0.6666667,"observed","valid",true,true,true,false,false,0,2,false,"overnight_00_05",2026-07-01 00:00:00.000000,26.8,0,12.6,"dry"
84,"HV0003",2026-06-30 23:58:45.000000,2026-07-01 00:08:45.000000,2026-07-01 00:09:10.000000,2026-07-01 00:36:56.000000,62,"Crown Heights South","Brooklyn",107,"Gramercy","Manhattan",6.16,27.766666,10.416667,10,0.41666666,"observed","valid",true,true,true,false,false,23,1,false,"evening_20_23",2026-06-30 23:00:00.000000,27.9,0,13.3,"dry"
85,"HV0003",2026-07-01 00:37:18.000000,2026-07-01 00:41:09.000000,2026-07-01 00:43:09.000000,2026-07-01 01:03:40.000000,234,"Union Sq","Manhattan",238,"Upper West Side North","Manhattan",5.35,20.516666,5.85,3.85,2,"observed","valid",true,true,true,false,false,0,2,false,"overnight_00_05",2026-07-01 00:00:00.000000,26.8,0,12.6,"dry"
86,"HV0003",2026-07-01 00:25:34.000000,2026-07-01 00:28:39.000000,2026-07-01 00:28:51.000000,2026-07-01 00:38:23.000000,61,"Crown Heights North","Brooklyn",85,"Erasmus","Brooklyn",2.01,9.533334,3.2833333,3.0833333,0.2,"observed","valid",true,true,true,false,false,0,2,false,"overnight_00_05",2026-07-01 00:00:00.000000,26.8,0,12.6,"dry"
87,"HV0003",2026-07-01 00:05:56.000000,2026-07-01 00:06:03.000000,2026-07-01 00:08:03.000000,2026-07-01 00:24:08.000000,231,"TriBeCa/Civic Center","Manhattan",79,"East Village","Manhattan",1.95,16.083334,2.1166666,0.11666667,2,"observed","valid",true,true,true,false,false,0,2,false,"overnight_00_05",2026-07-01 00:00:00.000000,26.8,0,12.6,"dry"
88,"HV0003",2026-07-01 00:25:03.000000,2026-07-01 00:28:43.000000,2026-07-01 00:29:03.000000,2026-07-01 00:49:14.000000,79,"East Village","Manhattan",7,"Astoria","Queens",9.8,20.183332,4,3.6666667,0.33333334,"observed","valid",true,true,true,false,false,0,2,false,"overnight_00_05",2026-07-01 00:00:00.000000,26.8,0,12.6,"dry"
89,"HV0003",2026-07-01 00:34:33.000000,2026-07-01 00:53:31.000000,2026-07-01 00:54:41.000000,2026-07-01 01:04:41.000000,7,"Astoria","Queens",83,"Elmhurst/Maspeth","Queens",3.05,10,20.133333,18.966667,1.1666666,"observed","valid",true,true,true,false,false,0,2,false,"overnight_00_05",2026-07-01 00:00:00.000000,26.8,0,12.6,"dry"
90,"HV0003",2026-07-01 00:03:59.000000,2026-07-01 00:10:29.000000,2026-07-01 00:10:54.000000,2026-07-01 00:22:01.000000,82,"Elmhurst","Queens",56,"Corona","Queens",2.56,11.116667,6.9166665,6.5,0.41666666,"observed","valid",true,true,true,false,false,0,2,false,"overnight_00_05",2026-07-01 00:00:00.000000,26.8,0,12.6,"dry"
91,"HV0003",2026-07-01 00:08:43.000000,2026-07-01 00:25:21.000000,2026-07-01 00:25:29.000000,2026-07-01 00:31:21.000000,173,"North Corona","Queens",82,"Elmhurst","Queens",1.03,5.866667,16.766666,16.633333,0.13333334,"observed","valid",true,true,true,false,false,0,2,false,"overnight_00_05",2026-07-01 00:00:00.000000,26.8,0,12.6,"dry"
92,"HV0003",2026-07-01 00:19:08.000000,2026-07-01 00:34:41.000000,2026-07-01 00:35:04.000000,2026-07-01 00:54:33.000000,82,"Elmhurst","Queens",130,"Jamaica","Queens",6.74,19.483334,15.933333,15.55,0.38333333,"observed","valid",true,true,true,false,false,0,2,false,"overnight_00_05",2026-07-01 00:00:00.000000,26.8,0,12.6,"dry"
93,"HV0003",2026-07-01 00:27:09.000000,2026-07-01 00:33:34.000000,2026-07-01 00:35:16.000000,2026-07-01 00:55:51.000000,132,"JFK Airport","Queens",95,"Forest Hills","Queens",6.79,20.583334,8.116667,6.4166665,1.7,"observed","valid",true,true,true,false,false,0,2,false,"overnight_00_05",2026-07-01 00:00:00.000000,26.8,0,12.6,"dry"
94,"HV0003",2026-07-01 00:54:47.000000,2026-07-01 00:58:54.000000,2026-07-01 00:59:45.000000,2026-07-01 01:08:01.000000,134,"Kew Gardens","Queens",121,"Hillcrest/Pomonok","Queens",2.31,8.266666,4.9666667,4.116667,0.85,"observed","valid",true,true,true,false,false,0,2,false,"overnight_00_05",2026-07-01 00:00:00.000000,26.8,0,12.6,"dry"
95,"HV0003",2026-06-30 23:59:16.000000,2026-07-01 00:00:17.000000,2026-07-01 00:02:10.000000,2026-07-01 00:23:56.000000,142,"Lincoln Square East","Manhattan",79,"East Village","Manhattan",4.1,21.766666,2.9,1.0166667,1.8833333,"observed","valid",true,true,true,false,false,23,1,false,"evening_20_23",2026-06-30 23:00:00.000000,27.9,0,13.3,"dry"
96,"HV0003",2026-07-01 00:30:28.000000,2026-07-01 00:35:17.000000,2026-07-01 00:35:27.000000,2026-07-01 00:46:49.000000,114,"Greenwich Village South","Manhattan",230,"Times Sq/Theatre District","Manhattan",2.44,11.366667,4.983333,4.8166666,0.16666667,"observed","valid",true,true,true,false,false,0,2,false,"overnight_00_05",2026-07-01 00:00:00.000000,26.8,0,12.6,"dry"
97,"HV0003",2026-07-01 00:04:41.000000,2026-07-01 00:18:35.000000,2026-07-01 00:18:41.000000,2026-07-01 00:36:18.000000,16,"Bayside","Queens",226,"Sunnyside","Queens",10.11,17.616667,14,13.9,0.1,"observed","valid",true,true,true,false,false,0,2,false,"overnight_00_05",2026-07-01 00:00:00.000000,26.8,0,12.6,"dry"
98,"HV0003",2026-07-01 00:32:56.000000,2026-07-01 00:44:59.000000,2026-07-01 00:45:07.000000,2026-07-01 00:48:14.000000,80,"East Williamsburg","Brooklyn",256,"Williamsburg (South Side)","Brooklyn",0.75,3.1166666,12.183333,12.05,0.13333334,"observed","valid",true,true,true,false,false,0,2,false,"overnight_00_05",2026-07-01 00:00:00.000000,26.8,0,12.6,"dry"
99,"HV0003",2026-07-01 00:46:31.000000,2026-07-01 00:48:47.000000,2026-07-01 00:49:06.000000,2026-07-01 00:52:49.000000,256,"Williamsburg (South Side)","Brooklyn",255,"Williamsburg (North Side)","Brooklyn",0.89,3.7166667,2.5833333,2.2666667,0.31666666,"observed","valid",true,true,true,false,false,0,2,false,"overnight_00_05",2026-07-01 00:00:00.000000,26.8,0,12.6,"dry"
100,"HV0003",2026-07-01 00:45:59.000000,2026-07-01 00:54:15.000000,2026-07-01 00:55:14.000000,2026-07-01 01:33:53.000000,255,"Williamsburg (North Side)","Brooklyn",265,"Outside of NYC","N/A",17.19,38.65,9.25,8.266666,0.98333335,"observed","valid",true,true,true,false,false,0,2,false,"overnight_00_05",2026-07-01 00:00:00.000000,26.8,0,12.6,"dry"
101,"HV0005",2026-07-01 00:46:21.000000,2026-07-01 00:51:01.000000,2026-07-01 00:51:16.000000,2026-07-01 00:53:58.000000,251,"Westerleigh","Staten Island",23,"Bloomfield/Emerson Hill","Staten Island",0.85,2.7,4.9166665,4.6666665,0.25,"observed","valid",true,true,true,false,false,0,2,false,"overnight_00_05",2026-07-01 00:00:00.000000,26.8,0,12.6,"dry"
102,"HV0003",2026-07-01 00:03:24.000000,2026-07-01 00:03:32.000000,2026-07-01 00:04:50.000000,2026-07-01 00:12:55.000000,231,"TriBeCa/Civic Center","Manhattan",87,"Financial District North","Manhattan",1.31,8.083333,1.4333333,0.13333334,1.3,"observed","valid",true,true,true,false,false,0,2,false,"overnight_00_05",2026-07-01 00:00:00.000000,26.8,0,12.6,"dry"
103,"HV0003",2026-07-01 00:15:53.000000,2026-07-01 00:19:01.000000,2026-07-01 00:20:16.000000,2026-07-01 00:26:23.000000,231,"TriBeCa/Civic Center","Manhattan",87,"Financial District North","Manhattan",1.03,6.116667,4.383333,3.1333334,1.25,"observed","valid",true,true,true,false,false,0,2,false,"overnight_00_05",2026-07-01 00:00:00.000000,26.8,0,12.6,"dry"
104,"HV0003",2026-07-01 00:46:00.000000,2026-07-01 00:46:14.000000,2026-07-01 00:48:43.000000,2026-07-01 01:05:42.000000,231,"TriBeCa/Civic Center","Manhattan",181,"Park Slope","Brooklyn",4.84,16.983334,2.7166667,0.23333333,2.4833333,"observed","valid",true,true,true,true,false,0,2,false,"overnight_00_05",2026-07-01 00:00:00.000000,26.8,0,12.6,"dry"
105,"HV0003",2026-06-30 23:59:04.000000,2026-07-01 00:01:15.000000,2026-07-01 00:01:51.000000,2026-07-01 00:10:09.000000,129,"Jackson Heights","Queens",70,"East Elmhurst","Queens",0.96,8.3,2.7833333,2.1833334,0.6,"observed","valid",true,true,true,false,false,23,1,false,"evening_20_23",2026-06-30 23:00:00.000000,27.9,0,13.3,"dry"
106,"HV0003",2026-07-01 00:20:28.000000,2026-07-01 00:28:14.000000,2026-07-01 00:28:34.000000,2026-07-01 00:40:56.000000,145,"Long Island City/Hunters Point","Queens",232,"Two Bridges/Seward Park","Manhattan",5.65,12.366667,8.1,7.766667,0.33333334,"observed","valid",true,true,true,false,false,0,2,false,"overnight_00_05",2026-07-01 00:00:00.000000,26.8,0,12.6,"dry"
107,"HV0003",2026-07-01 00:42:11.000000,2026-07-01 00:44:34.000000,2026-07-01 00:45:45.000000,2026-07-01 01:19:38.000000,79,"East Village","Manhattan",63,"Cypress Hills","Brooklyn",7.08,33.883335,3.5666666,2.3833334,1.1833333,"observed","valid",true,true,true,false,false,0,2,false,"overnight_00_05",2026-07-01 00:00:00.000000,26.8,0,12.6,"dry"
108,"HV0003",2026-07-01 00:04:23.000000,2026-07-01 00:08:08.000000,2026-07-01 00:08:15.000000,2026-07-01 00:27:36.000000,79,"East Village","Manhattan",75,"East Harlem South","Manhattan",5.7,19.35,3.8666666,3.75,0.11666667,"observed","valid",true,true,true,false,false,0,2,false,"overnight_00_05",2026-07-01 00:00:00.000000,26.8,0,12.6,"dry"
109,"HV0003",2026-07-01 00:27:10.000000,2026-07-01 00:29:40.000000,2026-07-01 00:29:57.000000,2026-07-01 00:35:34.000000,75,"East Harlem South","Manhattan",42,"Central Harlem North","Manhattan",1.76,5.616667,2.7833333,2.5,0.28333333,"observed","valid",true,true,true,false,false,0,2,false,"overnight_00_05",2026-07-01 00:00:00.000000,26.8,0,12.6,"dry"
110,"HV0003",2026-07-01 00:37:31.000000,2026-07-01 00:42:28.000000,2026-07-01 00:43:09.000000,2026-07-01 01:29:00.000000,41,"Central Harlem","Manhattan",157,"Maspeth","Queens",11.53,45.85,5.633333,4.95,0.68333334,"observed","valid",true,true,true,false,false,0,2,false,"overnight_00_05",2026-07-01 00:00:00.000000,26.8,0,12.6,"dry"
111,"HV0003",2026-07-01 00:40:32.000000,2026-07-01 00:45:44.000000,2026-07-01 00:47:18.000000,2026-07-01 01:07:57.000000,41,"Central Harlem","Manhattan",223,"Steinway","Queens",5.22,20.65,6.766667,5.2,1.5666667,"observed","valid",true,true,true,false,false,0,2,false,"overnight_00_05",2026-07-01 00:00:00.000000,26.8,0,12.6,"dry"
112,"HV0003",2026-07-01 00:04:50.000000,2026-07-01 00:07:16.000000,2026-07-01 00:07:40.000000,2026-07-01 00:34:59.000000,255,"Williamsburg (North Side)","Brooklyn",143,"Lincoln Square West","Manhattan",8.11,27.316668,2.8333333,2.4333334,0.4,"observed","valid",true,true,true,false,false,0,2,false,"overnight_00_05",2026-07-01 00:00:00.000000,26.8,0,12.6,"dry"
113,"HV0003",2026-07-01 00:54:28.000000,2026-07-01 00:57:02.000000,2026-07-01 00:58:25.000000,2026-07-01 01:22:21.000000,48,"Clinton East","Manhattan",179,"Old Astoria","Queens",5.25,23.933332,3.95,2.5666666,1.3833333,"observed","valid",true,true,true,false,false,0,2,false,"overnight_00_05",2026-07-01 00:00:00.000000,26.8,0,12.6,"dry"
114,"HV0003",2026-07-01 00:00:01.000000,2026-07-01 00:01:12.000000,2026-07-01 00:03:12.000000,2026-07-01 00:14:22.000000,182,"Parkchester","Bronx",78,"East Tremont","Bronx",1.71,11.166667,3.1833334,1.1833333,2,"observed","valid",true,true,true,false,false,0,2,false,"overnight_00_05",2026-07-01 00:00:00.000000,26.8,0,12.6,"dry"
115,"HV0003",2026-07-01 00:24:46.000000,2026-07-01 00:29:00.000000,2026-07-01 00:30:42.000000,2026-07-01 00:43:57.000000,230,"Times Sq/Theatre District","Manhattan",249,"West Village","Manhattan",3,13.25,5.9333334,4.233333,1.7,"observed","valid",true,true,true,false,false,0,2,false,"overnight_00_05",2026-07-01 00:00:00.000000,26.8,0,12.6,"dry"
116,"HV0003",2026-07-01 00:43:45.000000,2026-07-01 00:49:44.000000,2026-07-01 00:51:44.000000,2026-07-01 01:17:49.000000,114,"Greenwich Village South","Manhattan",220,"Spuyten Duyvil/Kingsbridge","Bronx",13.19,26.083334,7.983333,5.983333,2,"observed","valid",true,true,true,false,false,0,2,false,"overnight_00_05",2026-07-01 00:00:00.000000,26.8,0,12.6,"dry"
117,"HV0003",2026-07-01 00:08:14.000000,2026-07-01 00:16:44.000000,2026-07-01 00:17:03.000000,2026-07-01 00:43:05.000000,223,"Steinway","Queens",173,"North Corona","Queens",5.91,26.033333,8.816667,8.5,0.31666666,"observed","valid",true,true,true,false,false,0,2,false,"overnight_00_05",2026-07-01 00:00:00.000000,26.8,0,12.6,"dry"
118,"HV0003",2026-07-01 00:48:34.000000,2026-07-01 00:51:56.000000,2026-07-01 00:53:15.000000,2026-07-01 01:03:21.000000,173,"North Corona","Queens",56,"Corona","Queens",1.44,10.1,4.6833334,3.3666666,1.3166667,"observed","valid",true,true,true,false,false,0,2,false,"overnight_00_05",2026-07-01 00:00:00.000000,26.8,0,12.6,"dry"
119,"HV0003",2026-07-01 00:01:56.000000,2026-07-01 00:14:35.000000,2026-07-01 00:15:10.000000,2026-07-01 00:49:08.000000,36,"Bushwick North","Brooklyn",48,"Clinton East","Manhattan",8.33,33.966667,13.233334,12.65,0.5833333,"observed","valid",true,true,true,false,false,0,2,false,"overnight_00_05",2026-07-01 00:00:00.000000,26.8,0,12.6,"dry"
120,"HV0003",2026-07-01 00:48:14.000000,2026-07-01 00:49:27.000000,2026-07-01 00:49:47.000000,2026-07-01 01:21:57.000000,48,"Clinton East","Manhattan",243,"Washington Heights North","Manhattan",8.24,32.166668,1.55,1.2166667,0.33333334,"observed","valid",true,true,true,false,false,0,2,false,"overnight_00_05",2026-07-01 00:00:00.000000,26.8,0,12.6,"dry"
121,"HV0003",2026-07-01 00:05:39.000000,2026-07-01 00:07:40.000000,2026-07-01 00:07:40.000000,2026-07-01 00:18:41.000000,162,"Midtown East","Manhattan",234,"Union Sq","Manhattan",2.17,11.016666,2.0166667,2.0166667,0,"same_as_pickup","valid",true,false,true,false,false,0,2,false,"overnight_00_05",2026-07-01 00:00:00.000000,26.8,0,12.6,"dry"
122,"HV0003",2026-06-30 23:55:35.000000,2026-07-01 00:05:44.000000,2026-07-01 00:05:44.000000,2026-07-01 00:21:19.000000,112,"Greenpoint","Brooklyn",198,"Ridgewood","Queens",3.66,15.583333,10.15,10.15,0,"same_as_pickup","valid",true,false,true,false,false,23,1,false,"evening_20_23",2026-06-30 23:00:00.000000,27.9,0,13.3,"dry"
123,"HV0005",2026-07-01 00:29:40.000000,2026-07-01 00:34:23.000000,2026-07-01 00:34:43.000000,2026-07-01 00:48:43.000000,226,"Sunnyside","Queens",33,"Brooklyn Heights","Brooklyn",5.389,14,5.05,4.7166667,0.33333334,"observed","valid",true,true,true,false,false,0,2,false,"overnight_00_05",2026-07-01 00:00:00.000000,26.8,0,12.6,"dry"
124,"HV0003",2026-07-01 00:13:55.000000,2026-07-01 00:29:13.000000,2026-07-01 00:29:51.000000,2026-07-01 00:56:56.000000,7,"Astoria","Queens",130,"Jamaica","Queens",11.66,27.083334,15.933333,15.3,0.6333333,"observed","valid",true,true,true,false,false,0,2,false,"overnight_00_05",2026-07-01 00:00:00.000000,26.8,0,12.6,"dry"
125,"HV0005",2026-06-30 23:54:18.000000,2026-06-30 23:58:32.000000,2026-07-01 00:01:49.000000,2026-07-01 00:24:43.000000,7,"Astoria","Queens",82,"Elmhurst","Queens",3.49,22.9,7.516667,4.233333,3.2833333,"observed","valid",true,true,true,false,true,23,1,false,"evening_20_23",2026-06-30 23:00:00.000000,27.9,0,13.3,"dry"
126,"HV0005",2026-07-01 00:06:14.000000,2026-07-01 00:27:06.000000,2026-07-01 00:28:37.000000,2026-07-01 00:45:09.000000,82,"Elmhurst","Queens",56,"Corona","Queens",1.292,16.533333,22.383333,20.866667,1.5166667,"observed","valid",true,true,true,false,false,0,2,false,"overnight_00_05",2026-07-01 00:00:00.000000,26.8,0,12.6,"dry"
127,"HV0005",2026-07-01 00:45:56.000000,2026-07-01 00:47:52.000000,2026-07-01 00:48:16.000000,2026-07-01 01:10:25.000000,56,"Corona","Queens",70,"East Elmhurst","Queens",2.461,22.15,2.3333333,1.9333333,0.4,"observed","valid",true,true,true,false,false,0,2,false,"overnight_00_05",2026-07-01 00:00:00.000000,26.8,0,12.6,"dry"
128,"HV0005",2026-07-01 00:23:21.000000,2026-07-01 00:26:20.000000,2026-07-01 00:29:05.000000,2026-07-01 00:40:44.000000,113,"Greenwich Village North","Manhattan",231,"TriBeCa/Civic Center","Manhattan",2.318,11.65,5.733333,2.9833333,2.75,"observed","valid",true,true,true,false,false,0,2,false,"overnight_00_05",2026-07-01 00:00:00.000000,26.8,0,12.6,"dry"
129,"HV0005",2026-07-01 00:46:37.000000,2026-07-01 00:50:41.000000,2026-07-01 00:51:13.000000,2026-07-01 01:06:57.000000,249,"West Village","Manhattan",163,"Midtown North","Manhattan",2.878,15.733334,4.6,4.0666666,0.53333336,"observed","valid",true,true,true,false,false,0,2,false,"overnight_00_05",2026-07-01 00:00:00.000000,26.8,0,12.6,"dry"
130,"HV0003",2026-07-01 00:22:00.000000,2026-07-01 00:25:28.000000,2026-07-01 00:25:56.000000,2026-07-01 00:33:01.000000,65,"Downtown Brooklyn/MetroTech","Brooklyn",33,"Brooklyn Heights","Brooklyn",1.52,7.0833335,3.9333334,3.4666667,0.46666667,"observed","valid",true,true,true,true,false,0,2,false,"overnight_00_05",2026-07-01 00:00:00.000000,26.8,0,12.6,"dry"
131,"HV0003",2026-07-01 00:32:02.000000,2026-07-01 00:33:57.000000,2026-07-01 00:33:57.000000,2026-07-01 00:50:45.000000,33,"Brooklyn Heights","Brooklyn",225,"Stuyvesant Heights","Brooklyn",4.29,16.8,1.9166666,1.9166666,0,"same_as_pickup","valid",true,false,true,false,false,0,2,false,"overnight_00_05",2026-07-01 00:00:00.000000,26.8,0,12.6,"dry"
132,"HV0003",2026-07-01 00:01:56.000000,2026-07-01 00:05:59.000000,2026-07-01 00:07:59.000000,2026-07-01 00:20:22.000000,137,"Kips Bay","Manhattan",145,"Long Island City/Hunters Point","Queens",2,12.383333,6.05,4.05,2,"observed","valid",true,true,true,false,false,0,2,false,"overnight_00_05",2026-07-01 00:00:00.000000,26.8,0,12.6,"dry"
133,"HV0003",2026-07-01 00:11:57.000000,2026-07-01 00:21:55.000000,2026-07-01 00:22:24.000000,2026-07-01 00:38:35.000000,145,"Long Island City/Hunters Point","Queens",129,"Jackson Heights","Queens",6.87,16.183332,10.45,9.966666,0.48333332,"observed","valid",true,true,true,false,false,0,2,false,"overnight_00_05",2026-07-01 00:00:00.000000,26.8,0,12.6,"dry"
134,"HV0003",2026-07-01 00:32:25.000000,2026-07-01 00:42:07.000000,2026-07-01 00:42:13.000000,2026-07-01 00:53:54.000000,129,"Jackson Heights","Queens",129,"Jackson Heights","Queens",1.6,11.683333,9.8,9.7,0.1,"observed","valid",true,true,true,false,false,0,2,false,"overnight_00_05",2026-07-01 00:00:00.000000,26.8,0,12.6,"dry"
135,"HV0003",2026-07-01 00:35:17.000000,2026-07-01 00:55:35.000000,2026-07-01 00:56:11.000000,2026-07-01 01:16:43.000000,82,"Elmhurst","Queens",135,"Kew Gardens Hills","Queens",7.04,20.533333,20.9,20.3,0.6,"observed","valid",true,true,true,false,false,0,2,false,"overnight_00_05",2026-07-01 00:00:00.000000,26.8,0,12.6,"dry"
136,"HV0003",2026-07-01 00:06:50.000000,2026-07-01 00:12:03.000000,2026-07-01 00:12:28.000000,2026-07-01 00:14:56.000000,147,"Longwood","Bronx",147,"Longwood","Bronx",0.42,2.4666667,5.633333,5.2166667,0.41666666,"observed","valid",true,true,true,false,false,0,2,false,"overnight_00_05",2026-07-01 00:00:00.000000,26.8,0,12.6,"dry"
137,"HV0003",2026-07-01 00:08:11.000000,2026-07-01 00:08:54.000000,2026-07-01 00:10:11.000000,2026-07-01 00:43:07.000000,162,"Midtown East","Manhattan",265,"Outside of NYC","N/A",7.56,32.933334,2,0.71666664,1.2833333,"observed","valid",true,true,true,false,false,0,2,false,"overnight_00_05",2026-07-01 00:00:00.000000,26.8,0,12.6,"dry"
138,"HV0003",2026-07-01 00:57:48.000000,2026-07-01 00:59:10.000000,2026-07-01 00:59:19.000000,2026-07-01 01:16:11.000000,249,"West Village","Manhattan",265,"Outside of NYC","N/A",7.5,16.866667,1.5166667,1.3666667,0.15,"observed","valid",true,true,true,false,false,0,2,false,"overnight_00_05",2026-07-01 00:00:00.000000,26.8,0,12.6,"dry"
139,"HV0003",2026-07-01 00:27:37.000000,2026-07-01 00:36:22.000000,2026-07-01 00:37:39.000000,2026-07-01 01:01:50.000000,129,"Jackson Heights","Queens",130,"Jamaica","Queens",6.58,24.183332,10.033334,8.75,1.2833333,"observed","valid",true,true,true,false,false,0,2,false,"overnight_00_05",2026-07-01 00:00:00.000000,26.8,0,12.6,"dry"
140,"HV0003",2026-07-01 00:14:15.000000,2026-07-01 00:16:52.000000,2026-07-01 00:18:52.000000,2026-07-01 00:29:35.000000,20,"Belmont","Bronx",242,"Van Nest/Morris Park","Bronx",1.17,10.716666,4.616667,2.6166666,2,"observed","valid",true,true,true,false,false,0,2,false,"overnight_00_05",2026-07-01 00:00:00.000000,26.8,0,12.6,"dry"
141,"HV0003",2026-07-01 00:07:09.000000,2026-07-01 00:09:27.000000,2026-07-01 00:13:32.000000,2026-07-01 00:25:14.000000,231,"TriBeCa/Civic Center","Manhattan",246,"West Chelsea/Hudson Yards","Manhattan",2.68,11.7,6.383333,2.3,4.0833335,"observed","valid",true,true,true,false,false,0,2,false,"overnight_00_05",2026-07-01 00:00:00.000000,26.8,0,12.6,"dry"
142,"HV0003",2026-07-01 00:24:42.000000,2026-07-01 00:27:23.000000,2026-07-01 00:28:52.000000,2026-07-01 00:37:55.000000,246,"West Chelsea/Hudson Yards","Manhattan",234,"Union Sq","Manhattan",1.74,9.05,4.1666665,2.6833334,1.4833333,"observed","valid",true,true,true,false,false,0,2,false,"overnight_00_05",2026-07-01 00:00:00.000000,26.8,0,12.6,"dry"
143,"HV0003",2026-07-01 00:40:09.000000,2026-07-01 00:42:51.000000,2026-07-01 00:43:54.000000,2026-07-01 00:51:49.000000,164,"Midtown South","Manhattan",79,"East Village","Manhattan",1.36,7.9166665,3.75,2.7,1.05,"observed","valid",true,true,true,false,false,0,2,false,"overnight_00_05",2026-07-01 00:00:00.000000,26.8,0,12.6,"dry"
144,"HV0003",2026-07-01 00:08:58.000000,2026-07-01 00:16:33.000000,2026-07-01 00:16:57.000000,2026-07-01 00:29:11.000000,246,"West Chelsea/Hudson Yards","Manhattan",249,"West Village","Manhattan",2.26,12.233334,7.983333,7.5833335,0.4,"observed","valid",true,true,true,false,false,0,2,false,"overnight_00_05",2026-07-01 00:00:00.000000,26.8,0,12.6,"dry"
145,"HV0003",2026-07-01 00:28:32.000000,2026-07-01 00:31:37.000000,2026-07-01 00:32:21.000000,2026-07-01 01:05:41.000000,249,"West Village","Manhattan",71,"East Flatbush/Farragut","Brooklyn",10.4,33.333332,3.8166666,3.0833333,0.73333335,"observed","valid",true,true,true,false,false,0,2,false,"overnight_00_05",2026-07-01 00:00:00.000000,26.8,0,12.6,"dry"
146,"HV0003",2026-07-01 00:32:51.000000,2026-07-01 00:35:28.000000,2026-07-01 00:35:41.000000,2026-07-01 00:45:01.000000,162,"Midtown East","Manhattan",68,"East Chelsea","Manhattan",1.94,9.333333,2.8333333,2.6166666,0.21666667,"observed","valid",true,true,true,false,false,0,2,false,"overnight_00_05",2026-07-01 00:00:00.000000,26.8,0,12.6,"dry"
147,"HV0003",2026-07-01 00:44:10.000000,2026-07-01 00:46:52.000000,2026-07-01 00:46:56.000000,2026-07-01 01:10:07.000000,246,"West Chelsea/Hudson Yards","Manhattan",255,"Williamsburg (North Side)","Brooklyn",6.62,23.183332,2.7666667,2.7,0.06666667,"observed","valid",true,true,true,false,false,0,2,false,"overnight_00_05",2026-07-01 00:00:00.000000,26.8,0,12.6,"dry"
148,"HV0003",2026-07-01 00:08:47.000000,2026-07-01 00:10:44.000000,2026-07-01 00:11:26.000000,2026-07-01 00:16:58.000000,230,"Times Sq/Theatre District","Manhattan",48,"Clinton East","Manhattan",0.73,5.5333333,2.65,1.95,0.7,"observed","valid",true,true,true,false,false,0,2,false,"overnight_00_05",2026-07-01 00:00:00.000000,26.8,0,12.6,"dry"
149,"HV0003",2026-07-01 00:12:19.000000,2026-07-01 00:18:44.000000,2026-07-01 00:19:15.000000,2026-07-01 00:35:07.000000,50,"Clinton West","Manhattan",244,"Washington Heights South","Manhattan",7.6,15.866667,6.9333334,6.4166665,0.51666665,"observed","valid",true,true,true,false,false,0,2,false,"overnight_00_05",2026-07-01 00:00:00.000000,26.8,0,12.6,"dry"
150,"HV0003",2026-07-01 00:25:51.000000,2026-07-01 00:36:24.000000,2026-07-01 00:36:52.000000,2026-07-01 00:56:47.000000,244,"Washington Heights South","Manhattan",174,"Norwood","Bronx",4.93,19.916666,11.016666,10.55,0.46666667,"observed","valid",true,true,true,false,false,0,2,false,"overnight_00_05",2026-07-01 00:00:00.000000,26.8,0,12.6,"dry"
151,"HV0003",2026-06-30 23:57:57.000000,2026-07-01 00:04:46.000000,2026-07-01 00:04:46.000000,2026-07-01 00:16:40.000000,261,"World Trade Center","Manhattan",79,"East Village","Manhattan",2.22,11.9,6.8166666,6.8166666,0,"same_as_pickup","valid",true,false,true,false,false,23,1,false,"evening_20_23",2026-06-30 23:00:00.000000,27.9,0,13.3,"dry"
152,"HV0005",2026-07-01 00:40:23.000000,2026-07-01 00:45:56.000000,2026-07-01 00:45:59.000000,2026-07-01 00:59:24.000000,75,"East Harlem South","Manhattan",179,"Old Astoria","Queens",5.968,13.416667,5.6,5.55,0.05,"observed","valid",true,true,true,false,false,0,2,false,"overnight_00_05",2026-07-01 00:00:00.000000,26.8,0,12.6,"dry"
153,"HV0005",2026-07-01 00:04:04.000000,2026-07-01 00:07:10.000000,2026-07-01 00:09:23.000000,2026-07-01 00:18:43.000000,117,"Hammels/Arverne","Queens",86,"Far Rockaway","Queens",1.624,9.333333,5.3166666,3.1,2.2166667,"observed","valid",true,true,true,false,false,0,2,false,"overnight_00_05",2026-07-01 00:00:00.000000,26.8,0,12.6,"dry"
154,"HV0003",2026-07-01 00:01:52.000000,2026-07-01 00:04:10.000000,2026-07-01 00:04:32.000000,2026-07-01 00:17:02.000000,89,"Flatbush/Ditmas Park","Brooklyn",72,"East Flatbush/Remsen Village","Brooklyn",2.32,12.5,2.6666667,2.3,0.36666667,"observed","valid",true,true,true,false,false,0,2,false,"overnight_00_05",2026-07-01 00:00:00.000000,26.8,0,12.6,"dry"
155,"HV0003",2026-07-01 00:25:48.000000,2026-07-01 00:29:30.000000,2026-07-01 00:29:42.000000,2026-07-01 00:37:37.000000,71,"East Flatbush/Farragut","Brooklyn",188,"Prospect-Lefferts Gardens","Brooklyn",1.47,7.9166665,3.9,3.7,0.2,"observed","valid",true,true,true,false,false,0,2,false,"overnight_00_05",2026-07-01 00:00:00.000000,26.8,0,12.6,"dry"
156,"HV0003",2026-07-01 00:39:41.000000,2026-07-01 00:41:46.000000,2026-07-01 00:43:36.000000,2026-07-01 00:52:52.000000,188,"Prospect-Lefferts Gardens","Brooklyn",61,"Crown Heights North","Brooklyn",1.3,9.266666,3.9166667,2.0833333,1.8333334,"observed","valid",true,true,true,false,false,0,2,false,"overnight_00_05",2026-07-01 00:00:00.000000,26.8,0,12.6,"dry"
157,"HV0003",2026-07-01 00:53:14.000000,2026-07-01 00:55:26.000000,2026-07-01 00:56:27.000000,2026-07-01 01:03:56.000000,61,"Crown Heights North","Brooklyn",17,"Bedford","Brooklyn",1.57,7.483333,3.2166667,2.2,1.0166667,"observed","valid",true,true,true,false,false,0,2,false,"overnight_00_05",2026-07-01 00:00:00.000000,26.8,0,12.6,"dry"
158,"HV0005",2026-07-01 00:02:32.000000,2026-07-01 00:10:10.000000,2026-07-01 00:10:12.000000,2026-07-01 00:19:45.000000,25,"Boerum Hill","Brooklyn",61,"Crown Heights North","Brooklyn",1.793,9.55,7.6666665,7.633333,0.033333335,"observed","valid",true,true,true,false,false,0,2,false,"overnight_00_05",2026-07-01 00:00:00.000000,26.8,0,12.6,"dry"
159,"HV0003",2026-07-01 00:16:26.000000,2026-07-01 00:18:36.000000,2026-07-01 00:22:44.000000,2026-07-01 00:29:46.000000,100,"Garment District","Manhattan",230,"Times Sq/Theatre District","Manhattan",0.77,7.0333333,6.3,2.1666667,4.133333,"observed","valid",true,true,true,false,false,0,2,false,"overnight_00_05",2026-07-01 00:00:00.000000,26.8,0,12.6,"dry"
160,"HV0003",2026-07-01 00:48:02.000000,2026-07-01 00:49:24.000000,2026-07-01 00:49:44.000000,2026-07-01 00:56:49.000000,162,"Midtown East","Manhattan",142,"Lincoln Square East","Manhattan",1.31,7.0833335,1.7,1.3666667,0.33333334,"observed","valid",true,true,true,false,false,0,2,false,"overnight_00_05",2026-07-01 00:00:00.000000,26.8,0,12.6,"dry"
161,"HV0003",2026-07-01 00:07:52.000000,2026-07-01 00:17:15.000000,2026-07-01 00:17:43.000000,2026-07-01 00:24:56.000000,82,"Elmhurst","Queens",260,"Woodside","Queens",1.7,7.2166667,9.85,9.383333,0.46666667,"observed","valid",true,true,true,false,false,0,2,false,"overnight_00_05",2026-07-01 00:00:00.000000,26.8,0,12.6,"dry"
162,"HV0003",2026-07-01 00:22:40.000000,2026-07-01 00:28:51.000000,2026-07-01 00:29:44.000000,2026-07-01 01:16:09.000000,260,"Woodside","Queens",265,"Outside of NYC","N/A",12.93,46.416668,7.0666666,6.1833334,0.8833333,"observed","valid",true,true,true,false,false,0,2,false,"overnight_00_05",2026-07-01 00:00:00.000000,26.8,0,12.6,"dry"
163,"HV0003",2026-07-01 00:45:14.000000,2026-07-01 00:53:12.000000,2026-07-01 00:53:12.000000,2026-07-01 00:59:30.000000,242,"Van Nest/Morris Park","Bronx",182,"Parkchester","Bronx",1.33,6.3,7.9666667,7.9666667,0,"same_as_pickup","valid",true,false,true,false,false,0,2,false,"overnight_00_05",2026-07-01 00:00:00.000000,26.8,0,12.6,"dry"
164,"HV0005",2026-07-01 00:03:59.000000,2026-07-01 00:05:52.000000,2026-07-01 00:06:43.000000,2026-07-01 00:31:09.000000,227,"Sunset Park East","Brooklyn",210,"Sheepshead Bay","Brooklyn",6.468,24.433332,2.7333333,1.8833333,0.85,"observed","valid",true,true,true,false,false,0,2,false,"overnight_00_05",2026-07-01 00:00:00.000000,26.8,0,12.6,"dry"
165,"HV0005",2026-07-01 00:25:55.000000,2026-07-01 00:34:03.000000,2026-07-01 00:34:06.000000,2026-07-01 00:41:17.000000,210,"Sheepshead Bay","Brooklyn",149,"Madison","Brooklyn",1.772,7.1833334,8.183333,8.133333,0.05,"observed","valid",true,true,true,false,false,0,2,false,"overnight_00_05",2026-07-01 00:00:00.000000,26.8,0,12.6,"dry"
166,"HV0005",2026-07-01 00:38:35.000000,2026-07-01 00:42:43.000000,2026-07-01 00:42:49.000000,2026-07-01 00:49:38.000000,149,"Madison","Brooklyn",123,"Homecrest","Brooklyn",1.427,6.8166666,4.233333,4.133333,0.1,"observed","valid",true,true,true,false,false,0,2,false,"overnight_00_05",2026-07-01 00:00:00.000000,26.8,0,12.6,"dry"
167,"HV0005",2026-07-01 00:49:28.000000,2026-07-01 00:53:46.000000,2026-07-01 00:54:07.000000,2026-07-01 01:11:25.000000,123,"Homecrest","Brooklyn",227,"Sunset Park East","Brooklyn",4.222,17.3,4.65,4.3,0.35,"observed","valid",true,true,true,false,false,0,2,false,"overnight_00_05",2026-07-01 00:00:00.000000,26.8,0,12.6,"dry"
168,"HV0003",2026-07-01 00:50:50.000000,2026-07-01 00:51:08.000000,2026-07-01 00:51:49.000000,2026-07-01 01:04:44.000000,75,"East Harlem South","Manhattan",119,"Highbridge","Bronx",4.03,12.916667,0.98333335,0.3,0.68333334,"observed","valid",true,true,true,false,false,0,2,false,"overnight_00_05",2026-07-01 00:00:00.000000,26.8,0,12.6,"dry"
169,"HV0003",2026-06-30 23:49:04.000000,2026-07-01 00:00:09.000000,2026-07-01 00:00:12.000000,2026-07-01 00:11:22.000000,42,"Central Harlem North","Manhattan",75,"East Harlem South","Manhattan",3.54,11.166667,11.133333,11.083333,0.05,"observed","valid",true,true,true,false,false,23,1,false,"evening_20_23",2026-06-30 23:00:00.000000,27.9,0,13.3,"dry"
170,"HV0003",2026-07-01 00:12:14.000000,2026-07-01 00:14:33.000000,2026-07-01 00:15:02.000000,2026-07-01 00:43:50.000000,263,"Yorkville West","Manhattan",136,"Kingsbridge Heights","Bronx",7.56,28.8,2.8,2.3166666,0.48333332,"observed","valid",true,true,true,false,false,0,2,false,"overnight_00_05",2026-07-01 00:00:00.000000,26.8,0,12.6,"dry"
171,"HV0003",2026-07-01 00:19:47.000000,2026-07-01 00:21:04.000000,2026-07-01 00:21:38.000000,2026-07-01 00:34:53.000000,49,"Clinton Hill","Brooklyn",37,"Bushwick South","Brooklyn",2.82,13.25,1.85,1.2833333,0.56666666,"observed","valid",true,true,true,false,false,0,2,false,"overnight_00_05",2026-07-01 00:00:00.000000,26.8,0,12.6,"dry"
172,"HV0003",2026-07-01 00:29:21.000000,2026-07-01 00:36:08.000000,2026-07-01 00:37:03.000000,2026-07-01 00:53:05.000000,37,"Bushwick South","Brooklyn",17,"Bedford","Brooklyn",2.7,16.033333,7.7,6.7833333,0.9166667,"observed","valid",true,true,true,false,false,0,2,false,"overnight_00_05",2026-07-01 00:00:00.000000,26.8,0,12.6,"dry"
173,"HV0003",2026-07-01 00:07:41.000000,2026-07-01 00:13:18.000000,2026-07-01 00:13:18.000000,2026-07-01 00:25:27.000000,161,"Midtown Center","Manhattan",262,"Yorkville East","Manhattan",2.48,12.15,5.616667,5.616667,0,"same_as_pickup","valid",true,false,true,false,false,0,2,false,"overnight_00_05",2026-07-01 00:00:00.000000,26.8,0,12.6,"dry"
174,"HV0003",2026-07-01 00:16:14.000000,2026-07-01 00:27:58.000000,2026-07-01 00:29:58.000000,2026-07-01 00:53:56.000000,262,"Yorkville East","Manhattan",94,"Fordham South","Bronx",7.91,23.966667,13.733334,11.733334,2,"observed","valid",true,true,true,false,false,0,2,false,"overnight_00_05",2026-07-01 00:00:00.000000,26.8,0,12.6,"dry"
175,"HV0005",2026-07-01 00:11:14.000000,2026-07-01 00:12:43.000000,2026-07-01 00:12:56.000000,2026-07-01 00:31:14.000000,161,"Midtown Center","Manhattan",158,"Meatpacking/West Village West","Manhattan",2.896,18.3,1.7,1.4833333,0.21666667,"observed","valid",true,true,true,false,false,0,2,false,"overnight_00_05",2026-07-01 00:00:00.000000,26.8,0,12.6,"dry"
176,"HV0005",2026-07-01 00:32:52.000000,2026-07-01 00:36:08.000000,2026-07-01 00:37:43.000000,2026-07-01 00:57:27.000000,249,"West Village","Manhattan",140,"Lenox Hill East","Manhattan",5.231,19.733334,4.85,3.2666667,1.5833334,"observed","valid",true,true,true,false,false,0,2,false,"overnight_00_05",2026-07-01 00:00:00.000000,26.8,0,12.6,"dry"
177,"HV0005",2026-06-30 23:58:24.000000,2026-06-30 23:59:37.000000,2026-07-01 00:02:24.000000,2026-07-01 00:11:32.000000,130,"Jamaica","Queens",205,"Saint Albans","Queens",1.952,9.133333,4,1.2166667,2.7833333,"observed","valid",true,true,true,false,false,23,1,false,"evening_20_23",2026-06-30 23:00:00.000000,27.9,0,13.3,"dry"
178,"HV0005",2026-07-01 00:25:15.000000,2026-07-01 00:27:18.000000,2026-07-01 00:28:34.000000,2026-07-01 00:49:32.000000,130,"Jamaica","Queens",191,"Queens Village","Queens",5.52,20.966667,3.3166666,2.05,1.2666667,"observed","valid",true,true,true,false,false,0,2,false,"overnight_00_05",2026-07-01 00:00:00.000000,26.8,0,12.6,"dry"
179,"HV0003",2026-06-30 23:57:43.000000,2026-07-01 00:02:44.000000,2026-07-01 00:04:45.000000,2026-07-01 00:19:51.000000,90,"Flatiron","Manhattan",249,"West Village","Manhattan",1,15.1,7.0333333,5.016667,2.0166667,"observed","valid",true,true,true,false,false,23,1,false,"evening_20_23",2026-06-30 23:00:00.000000,27.9,0,13.3,"dry"
180,"HV0003",2026-07-01 00:18:37.000000,2026-07-01 00:23:04.000000,2026-07-01 00:25:04.000000,2026-07-01 00:41:57.000000,249,"West Village","Manhattan",87,"Financial District North","Manhattan",2.25,16.883333,6.45,4.45,2,"observed","valid",true,true,true,false,false,0,2,false,"overnight_00_05",2026-07-01 00:00:00.000000,26.8,0,12.6,"dry"
181,"HV0003",2026-07-01 00:47:28.000000,2026-07-01 00:50:32.000000,2026-07-01 00:51:09.000000,2026-07-01 01:12:44.000000,232,"Two Bridges/Seward Park","Manhattan",198,"Ridgewood","Queens",6.05,21.583334,3.6833334,3.0666666,0.6166667,"observed","valid",true,true,true,false,false,0,2,false,"overnight_00_05",2026-07-01 00:00:00.000000,26.8,0,12.6,"dry"
182,"HV0003",2026-07-01 00:48:48.000000,2026-07-01 00:50:41.000000,2026-07-01 00:52:41.000000,2026-07-01 01:36:29.000000,87,"Financial District North","Manhattan",120,"Highbridge Park","Manhattan",16.09,43.8,3.8833334,1.8833333,2,"observed","valid",true,true,true,false,false,0,2,false,"overnight_00_05",2026-07-01 00:00:00.000000,26.8,0,12.6,"dry"
183,"HV0003",2026-07-01 00:11:27.000000,2026-07-01 00:17:00.000000,2026-07-01 00:17:31.000000,2026-07-01 00:37:17.000000,95,"Forest Hills","Queens",36,"Bushwick North","Brooklyn",7.43,19.766666,6.0666666,5.55,0.51666665,"observed","valid",true,true,true,false,false,0,2,false,"overnight_00_05",2026-07-01 00:00:00.000000,26.8,0,12.6,"dry"
184,"HV0003",2026-07-01 00:27:22.000000,2026-07-01 00:39:52.000000,2026-07-01 00:39:57.000000,2026-07-01 00:53:34.000000,36,"Bushwick North","Brooklyn",63,"Cypress Hills","Brooklyn",2.69,13.616667,12.583333,12.5,0.083333336,"observed","valid",true,true,true,false,false,0,2,false,"overnight_00_05",2026-07-01 00:00:00.000000,26.8,0,12.6,"dry"
185,"HV0003",2026-07-01 00:40:50.000000,2026-07-01 00:55:12.000000,2026-07-01 00:55:15.000000,2026-07-01 01:08:50.000000,63,"Cypress Hills","Brooklyn",72,"East Flatbush/Remsen Village","Brooklyn",3.16,13.583333,14.416667,14.366667,0.05,"observed","valid",true,true,true,false,false,0,2,false,"overnight_00_05",2026-07-01 00:00:00.000000,26.8,0,12.6,"dry"
186,"HV0003",2026-07-01 00:06:36.000000,2026-07-01 00:07:53.000000,2026-07-01 00:08:29.000000,2026-07-01 00:27:07.000000,114,"Greenwich Village South","Manhattan",181,"Park Slope","Brooklyn",4.2,18.633333,1.8833333,1.2833333,0.6,"observed","valid",true,true,true,false,false,0,2,false,"overnight_00_05",2026-07-01 00:00:00.000000,26.8,0,12.6,"dry"
187,"HV0003",2026-07-01 00:19:40.000000,2026-07-01 00:29:57.000000,2026-07-01 00:30:23.000000,2026-07-01 01:09:34.000000,181,"Park Slope","Brooklyn",30,"Broad Channel","Queens",21.65,39.183334,10.716666,10.283334,0.43333334,"observed","valid",true,true,true,false,false,0,2,false,"overnight_00_05",2026-07-01 00:00:00.000000,26.8,0,12.6,"dry"
188,"HV0003",2026-07-01 00:02:49.000000,2026-07-01 00:04:39.000000,2026-07-01 00:05:29.000000,2026-07-01 00:15:46.000000,258,"Woodhaven","Queens",258,"Woodhaven","Queens",1.43,10.283334,2.6666667,1.8333334,0.8333333,"observed","valid",true,true,true,false,false,0,2,false,"overnight_00_05",2026-07-01 00:00:00.000000,26.8,0,12.6,"dry"
189,"HV0003",2026-07-01 00:16:14.000000,2026-07-01 00:23:06.000000,2026-07-01 00:24:24.000000,2026-07-01 00:38:38.000000,63,"Cypress Hills","Brooklyn",198,"Ridgewood","Queens",3.27,14.233334,8.166667,6.866667,1.3,"observed","valid",true,true,true,false,false,0,2,false,"overnight_00_05",2026-07-01 00:00:00.000000,26.8,0,12.6,"dry"
190,"HV0003",2026-07-01 00:33:22.000000,2026-07-01 00:45:38.000000,2026-07-01 00:46:24.000000,2026-07-01 00:50:45.000000,36,"Bushwick North","Brooklyn",198,"Ridgewood","Queens",0.71,4.35,13.033334,12.266666,0.76666665,"observed","valid",true,true,true,false,false,0,2,false,"overnight_00_05",2026-07-01 00:00:00.000000,26.8,0,12.6,"dry"
191,"HV0003",2026-07-01 00:50:35.000000,2026-07-01 00:51:50.000000,2026-07-01 00:53:08.000000,2026-07-01 01:00:46.000000,198,"Ridgewood","Queens",102,"Glendale","Queens",0.96,7.633333,2.55,1.25,1.3,"observed","valid",true,true,true,false,false,0,2,false,"overnight_00_05",2026-07-01 00:00:00.000000,26.8,0,12.6,"dry"
192,"HV0003",2026-07-01 00:02:17.000000,2026-07-01 00:04:53.000000,2026-07-01 00:06:53.000000,2026-07-01 00:29:57.000000,36,"Bushwick North","Brooklyn",188,"Prospect-Lefferts Gardens","Brooklyn",4.82,23.066668,4.6,2.6,2,"observed","valid",true,true,true,false,false,0,2,false,"overnight_00_05",2026-07-01 00:00:00.000000,26.8,0,12.6,"dry"
193,"HV0003",2026-07-01 00:36:10.000000,2026-07-01 00:39:49.000000,2026-07-01 00:40:18.000000,2026-07-01 00:53:39.000000,61,"Crown Heights North","Brooklyn",225,"Stuyvesant Heights","Brooklyn",2.62,13.35,4.133333,3.65,0.48333332,"observed","valid",true,true,true,false,false,0,2,false,"overnight_00_05",2026-07-01 00:00:00.000000,26.8,0,12.6,"dry"
194,"HV0003",2026-07-01 00:43:00.000000,2026-07-01 00:54:29.000000,2026-07-01 00:55:59.000000,2026-07-01 01:12:01.000000,225,"Stuyvesant Heights","Brooklyn",85,"Erasmus","Brooklyn",3.9,16.033333,12.983334,11.483334,1.5,"observed","valid",true,true,true,true,false,0,2,false,"overnight_00_05",2026-07-01 00:00:00.000000,26.8,0,12.6,"dry"
195,"HV0003",2026-07-01 00:29:12.000000,2026-07-01 00:36:58.000000,2026-07-01 00:36:58.000000,2026-07-01 00:53:40.000000,232,"Two Bridges/Seward Park","Manhattan",198,"Ridgewood","Queens",5.45,16.7,7.766667,7.766667,0,"same_as_pickup","valid",true,false,true,false,false,0,2,false,"overnight_00_05",2026-07-01 00:00:00.000000,26.8,0,12.6,"dry"
196,"HV0005",2026-06-30 23:57:30.000000,2026-07-01 00:02:01.000000,2026-07-01 00:02:03.000000,2026-07-01 00:12:55.000000,161,"Midtown Center","Manhattan",224,"Stuy Town/Peter Cooper Village","Manhattan",2.115,10.866667,4.55,4.516667,0.033333335,"observed","valid",true,true,true,false,false,23,1,false,"evening_20_23",2026-06-30 23:00:00.000000,27.9,0,13.3,"dry"
197,"HV0005",2026-07-01 00:16:33.000000,2026-07-01 00:17:35.000000,2026-07-01 00:17:36.000000,2026-07-01 00:29:38.000000,224,"Stuy Town/Peter Cooper Village","Manhattan",45,"Chinatown","Manhattan",3.81,12.033334,1.05,1.0333333,0.016666668,"observed","valid",true,true,true,false,false,0,2,false,"overnight_00_05",2026-07-01 00:00:00.000000,26.8,0,12.6,"dry"
198,"HV0005",2026-07-01 00:52:55.000000,2026-07-01 00:57:02.000000,2026-07-01 00:58:33.000000,2026-07-01 01:01:37.000000,198,"Ridgewood","Queens",198,"Ridgewood","Queens",0.466,3.0666666,5.633333,4.116667,1.5166667,"observed","valid",true,true,true,false,false,0,2,false,"overnight_00_05",2026-07-01 00:00:00.000000,26.8,0,12.6,"dry"
199,"HV0003",2026-07-01 00:17:07.000000,2026-07-01 00:19:33.000000,2026-07-01 00:20:17.000000,2026-07-01 00:42:41.000000,13,"Battery Park City","Manhattan",107,"Gramercy","Manhattan",6.11,22.4,3.1666667,2.4333334,0.73333335,"observed","valid",true,true,true,false,false,0,2,false,"overnight_00_05",2026-07-01 00:00:00.000000,26.8,0,12.6,"dry"
200,"HV0003",2026-07-01 00:49:27.000000,2026-07-01 00:54:53.000000,2026-07-01 00:56:54.000000,2026-07-01 02:35:38.000000,158,"Meatpacking/West Village West","Manhattan",265,"Outside of NYC","N/A",33.57,98.73333,7.45,5.4333334,2.0166667,"observed","valid",true,true,true,false,false,0,2,false,"overnight_00_05",2026-07-01 00:00:00.000000,26.8,0,12.6,"dry"
201,"HV0005",2026-07-01 00:13:17.000000,2026-07-01 00:19:18.000000,2026-07-01 00:19:35.000000,2026-07-01 00:34:51.000000,211,"SoHo","Manhattan",189,"Prospect Heights","Brooklyn",3.513,15.266666,6.3,6.016667,0.28333333,"observed","valid",true,true,true,false,false,0,2,false,"overnight_00_05",2026-07-01 00:00:00.000000,26.8,0,12.6,"dry"
202,"HV0005",2026-07-01 00:44:42.000000,2026-07-01 00:50:19.000000,2026-07-01 00:51:41.000000,2026-07-01 01:07:02.000000,177,"Ocean Hill","Brooklyn",17,"Bedford","Brooklyn",3.303,15.35,6.983333,5.616667,1.3666667,"observed","valid",true,true,true,false,false,0,2,false,"overnight_00_05",2026-07-01 00:00:00.000000,26.8,0,12.6,"dry"
203,"HV0003",2026-07-01 00:07:39.000000,2026-07-01 00:08:36.000000,2026-07-01 00:09:41.000000,2026-07-01 00:30:05.000000,16,"Bayside","Queens",265,"Outside of NYC","N/A",12.71,20.4,2.0333333,0.95,1.0833334,"observed","valid",true,true,true,false,false,0,2,false,"overnight_00_05",2026-07-01 00:00:00.000000,26.8,0,12.6,"dry"
204,"HV0003",2026-07-01 00:21:15.000000,2026-07-01 00:34:14.000000,2026-07-01 00:34:43.000000,2026-07-01 00:53:28.000000,167,"Morrisania/Melrose","Bronx",42,"Central Harlem North","Manhattan",3.11,18.75,13.466666,12.983334,0.48333332,"observed","valid",true,true,true,false,false,0,2,false,"overnight_00_05",2026-07-01 00:00:00.000000,26.8,0,12.6,"dry"
205,"HV0003",2026-07-01 00:54:36.000000,2026-07-01 00:56:39.000000,2026-07-01 00:56:39.000000,2026-07-01 01:02:47.000000,42,"Central Harlem North","Manhattan",42,"Central Harlem North","Manhattan",0.99,6.133333,2.05,2.05,0,"same_as_pickup","valid",true,false,true,false,false,0,2,false,"overnight_00_05",2026-07-01 00:00:00.000000,26.8,0,12.6,"dry"
206,"HV0003",2026-07-01 00:08:22.000000,2026-07-01 00:13:09.000000,2026-07-01 00:15:09.000000,2026-07-01 00:30:52.000000,95,"Forest Hills","Queens",82,"Elmhurst","Queens",2.31,15.716666,6.7833333,4.7833333,2,"observed","valid",true,true,true,false,false,0,2,false,"overnight_00_05",2026-07-01 00:00:00.000000,26.8,0,12.6,"dry"
207,"HV0003",2026-07-01 00:16:43.000000,2026-07-01 00:32:05.000000,2026-07-01 00:32:24.000000,2026-07-01 00:39:42.000000,82,"Elmhurst","Queens",129,"Jackson Heights","Queens",1.08,7.3,15.683333,15.366667,0.31666666,"observed","valid",true,true,true,false,false,0,2,false,"overnight_00_05",2026-07-01 00:00:00.000000,26.8,0,12.6,"dry"
208,"HV0003",2026-07-01 00:26:09.000000,2026-07-01 00:42:37.000000,2026-07-01 00:43:08.000000,2026-07-01 01:01:47.000000,129,"Jackson Heights","Queens",92,"Flushing","Queens",3.26,18.65,16.983334,16.466667,0.51666665,"observed","valid",true,true,true,false,false,0,2,false,"overnight_00_05",2026-07-01 00:00:00.000000,26.8,0,12.6,"dry"
209,"HV0003",2026-06-30 23:51:53.000000,2026-07-01 00:00:37.000000,2026-07-01 00:01:07.000000,2026-07-01 00:32:58.000000,132,"JFK Airport","Queens",17,"Bedford","Brooklyn",11.51,31.85,9.233334,8.733334,0.5,"observed","valid",true,true,true,false,false,23,1,false,"evening_20_23",2026-06-30 23:00:00.000000,27.9,0,13.3,"dry"
210,"HV0003",2026-07-01 00:31:46.000000,2026-07-01 00:37:49.000000,2026-07-01 00:38:38.000000,2026-07-01 00:44:16.000000,225,"Stuyvesant Heights","Brooklyn",17,"Bedford","Brooklyn",0.88,5.633333,6.866667,6.05,0.81666666,"observed","valid",true,true,true,false,false,0,2,false,"overnight_00_05",2026-07-01 00:00:00.000000,26.8,0,12.6,"dry"
211,"HV0003",2026-07-01 00:53:35.000000,2026-07-01 00:57:29.000000,2026-07-01 00:57:35.000000,2026-07-01 01:16:56.000000,217,"South Williamsburg","Brooklyn",36,"Bushwick North","Brooklyn",3.38,19.35,4,3.9,0.1,"observed","valid",true,true,true,false,false,0,2,false,"overnight_00_05",2026-07-01 00:00:00.000000,26.8,0,12.6,"dry"
212,"HV0003",2026-07-01 00:01:16.000000,2026-07-01 00:03:12.000000,2026-07-01 00:04:07.000000,2026-07-01 00:16:37.000000,145,"Long Island City/Hunters Point","Queens",7,"Astoria","Queens",2.73,12.5,2.85,1.9333333,0.9166667,"observed","valid",true,true,true,false,false,0,2,false,"overnight_00_05",2026-07-01 00:00:00.000000,26.8,0,12.6,"dry"
213,"HV0003",2026-07-01 00:02:37.000000,2026-07-01 00:21:01.000000,2026-07-01 00:22:09.000000,2026-07-01 00:48:24.000000,7,"Astoria","Queens",18,"Bedford Park","Bronx",10.51,26.25,19.533333,18.4,1.1333333,"observed","valid",true,true,true,false,false,0,2,false,"overnight_00_05",2026-07-01 00:00:00.000000,26.8,0,12.6,"dry"
214,"HV0005",2026-07-01 00:30:36.000000,2026-07-01 00:32:55.000000,2026-07-01 00:34:01.000000,2026-07-01 00:43:27.000000,162,"Midtown East","Manhattan",107,"Gramercy","Manhattan",1.579,9.433333,3.4166667,2.3166666,1.1,"observed","valid",true,true,true,false,false,0,2,false,"overnight_00_05",2026-07-01 00:00:00.000000,26.8,0,12.6,"dry"
215,"HV0005",2026-07-01 00:45:43.000000,2026-07-01 00:48:18.000000,2026-07-01 00:48:20.000000,2026-07-01 00:57:37.000000,107,"Gramercy","Manhattan",140,"Lenox Hill East","Manhattan",3.175,9.283334,2.6166666,2.5833333,0.033333335,"observed","valid",true,true,true,false,false,0,2,false,"overnight_00_05",2026-07-01 00:00:00.000000,26.8,0,12.6,"dry"
216,"HV0003",2026-06-30 23:54:31.000000,2026-06-30 23:58:32.000000,2026-07-01 00:00:32.000000,2026-07-01 00:36:19.000000,161,"Midtown Center","Manhattan",265,"Outside of NYC","N/A",20.06,35.783333,6.016667,4.016667,2,"observed","valid",true,true,true,false,false,23,1,false,"evening_20_23",2026-06-30 23:00:00.000000,27.9,0,13.3,"dry"
217,"HV0003",2026-07-01 00:12:14.000000,2026-07-01 00:18:06.000000,2026-07-01 00:18:55.000000,2026-07-01 00:49:59.000000,61,"Crown Heights North","Brooklyn",143,"Lincoln Square West","Manhattan",10.87,31.066668,6.6833334,5.866667,0.81666666,"observed","valid",true,true,true,false,false,0,2,false,"overnight_00_05",2026-07-01 00:00:00.000000,26.8,0,12.6,"dry"
218,"HV0005",2026-07-01 00:17:29.000000,2026-07-01 00:23:11.000000,2026-07-01 00:23:24.000000,2026-07-01 00:30:48.000000,67,"Dyker Heights","Brooklyn",22,"Bensonhurst West","Brooklyn",1.456,7.4,5.9166665,5.7,0.21666667,"observed","valid",true,true,true,false,false,0,2,false,"overnight_00_05",2026-07-01 00:00:00.000000,26.8,0,12.6,"dry"
219,"HV0005",2026-07-01 00:34:58.000000,2026-07-01 00:37:01.000000,2026-07-01 00:37:15.000000,2026-07-01 00:51:01.000000,67,"Dyker Heights","Brooklyn",227,"Sunset Park East","Brooklyn",2.481,13.766666,2.2833333,2.05,0.23333333,"observed","valid",true,true,true,false,false,0,2,false,"overnight_00_05",2026-07-01 00:00:00.000000,26.8,0,12.6,"dry"
220,"HV0005",2026-07-01 00:48:06.000000,2026-07-01 00:52:19.000000,2026-07-01 00:56:45.000000,2026-07-01 01:06:21.000000,227,"Sunset Park East","Brooklyn",133,"Kensington","Brooklyn",1.734,9.6,8.65,4.2166667,4.4333334,"observed","valid",true,true,true,false,true,0,2,false,"overnight_00_05",2026-07-01 00:00:00.000000,26.8,0,12.6,"dry"
221,"HV0003",2026-07-01 00:37:16.000000,2026-07-01 00:39:44.000000,2026-07-01 00:40:50.000000,2026-07-01 00:50:24.000000,161,"Midtown Center","Manhattan",239,"Upper West Side South","Manhattan",2.44,9.566667,3.5666666,2.4666667,1.1,"observed","valid",true,true,true,false,false,0,2,false,"overnight_00_05",2026-07-01 00:00:00.000000,26.8,0,12.6,"dry"
222,"HV0003",2026-07-01 00:56:07.000000,2026-07-01 00:56:56.000000,2026-07-01 00:57:45.000000,2026-07-01 01:34:34.000000,48,"Clinton East","Manhattan",61,"Crown Heights North","Brooklyn",11.05,36.816666,1.6333333,0.81666666,0.81666666,"observed","valid",true,true,true,false,false,0,2,false,"overnight_00_05",2026-07-01 00:00:00.000000,26.8,0,12.6,"dry"
223,"HV0005",2026-07-01 00:12:17.000000,2026-07-01 00:13:45.000000,2026-07-01 00:14:00.000000,2026-07-01 00:21:00.000000,163,"Midtown North","Manhattan",237,"Upper East Side South","Manhattan",1.416,7,1.7166667,1.4666667,0.25,"observed","valid",true,true,true,false,false,0,2,false,"overnight_00_05",2026-07-01 00:00:00.000000,26.8,0,12.6,"dry"
224,"HV0005",2026-07-01 00:14:53.000000,2026-07-01 00:20:01.000000,2026-07-01 00:20:34.000000,2026-07-01 00:48:45.000000,138,"LaGuardia Airport","Queens",48,"Clinton East","Manhattan",11.68,28.183332,5.6833334,5.133333,0.55,"observed","valid",true,true,true,false,false,0,2,false,"overnight_00_05",2026-07-01 00:00:00.000000,26.8,0,12.6,"dry"
225,"HV0005",2026-07-01 00:50:28.000000,2026-07-01 00:54:35.000000,2026-07-01 00:55:02.000000,2026-07-01 01:11:33.000000,230,"Times Sq/Theatre District","Manhattan",74,"East Harlem North","Manhattan",4.425,16.516666,4.5666666,4.116667,0.45,"observed","valid",true,true,true,false,false,0,2,false,"overnight_00_05",2026-07-01 00:00:00.000000,26.8,0,12.6,"dry"
226,"HV0003",2026-07-01 00:31:32.000000,2026-07-01 00:37:01.000000,2026-07-01 00:39:01.000000,2026-07-01 00:52:58.000000,61,"Crown Heights North","Brooklyn",71,"East Flatbush/Farragut","Brooklyn",2.66,13.95,7.483333,5.483333,2,"observed","valid",true,true,true,false,false,0,2,false,"overnight_00_05",2026-07-01 00:00:00.000000,26.8,0,12.6,"dry"
227,"HV0003",2026-07-01 00:55:52.000000,2026-07-01 00:57:37.000000,2026-07-01 00:59:00.000000,2026-07-01 01:11:02.000000,85,"Erasmus","Brooklyn",61,"Crown Heights North","Brooklyn",2.84,12.033334,3.1333334,1.75,1.3833333,"observed","valid",true,true,true,false,false,0,2,false,"overnight_00_05",2026-07-01 00:00:00.000000,26.8,0,12.6,"dry"
228,"HV0003",2026-07-01 00:16:20.000000,2026-07-01 00:19:26.000000,2026-07-01 00:19:59.000000,2026-07-01 00:40:51.000000,141,"Lenox Hill West","Manhattan",106,"Gowanus","Brooklyn",9.33,20.866667,3.65,3.1,0.55,"observed","valid",true,true,true,false,false,0,2,false,"overnight_00_05",2026-07-01 00:00:00.000000,26.8,0,12.6,"dry"
229,"HV0005",2026-07-01 00:00:22.000000,2026-07-01 00:05:11.000000,2026-07-01 00:05:14.000000,2026-07-01 00:19:42.000000,20,"Belmont","Bronx",147,"Longwood","Bronx",2.568,14.466666,4.866667,4.8166666,0.05,"observed","valid",true,true,true,false,false,0,2,false,"overnight_00_05",2026-07-01 00:00:00.000000,26.8,0,12.6,"dry"
230,"HV0005",2026-07-01 00:20:58.000000,2026-07-01 00:22:37.000000,2026-07-01 00:23:41.000000,2026-07-01 00:34:17.000000,147,"Longwood","Bronx",126,"Hunts Point","Bronx",1.279,10.6,2.7166667,1.65,1.0666667,"observed","valid",true,true,true,false,false,0,2,false,"overnight_00_05",2026-07-01 00:00:00.000000,26.8,0,12.6,"dry"
231,"HV0005",2026-07-01 00:34:28.000000,2026-07-01 00:36:53.000000,2026-07-01 00:37:47.000000,2026-07-01 00:46:19.000000,232,"Two Bridges/Seward Park","Manhattan",65,"Downtown Brooklyn/MetroTech","Brooklyn",2.401,8.533334,3.3166666,2.4166667,0.9,"observed","valid",true,true,true,false,false,0,2,false,"overnight_00_05",2026-07-01 00:00:00.000000,26.8,0,12.6,"dry"
232,"HV0005",2026-07-01 00:55:47.000000,2026-07-01 00:57:06.000000,2026-07-01 00:57:57.000000,2026-07-01 01:08:52.000000,148,"Lower East Side","Manhattan",261,"World Trade Center","Manhattan",1.949,10.916667,2.1666667,1.3166667,0.85,"observed","valid",true,true,true,false,false,0,2,false,"overnight_00_05",2026-07-01 00:00:00.000000,26.8,0,12.6,"dry"
233,"HV0003",2026-07-01 00:00:26.000000,2026-07-01 00:06:07.000000,2026-07-01 00:06:12.000000,2026-07-01 00:09:39.000000,92,"Flushing","Queens",73,"East Flushing","Queens",0.87,3.45,5.766667,5.6833334,0.083333336,"observed","valid",true,true,true,false,false,0,2,false,"overnight_00_05",2026-07-01 00:00:00.000000,26.8,0,12.6,"dry"
234,"HV0003",2026-07-01 00:11:36.000000,2026-07-01 00:16:23.000000,2026-07-01 00:16:37.000000,2026-07-01 00:54:17.000000,73,"East Flushing","Queens",260,"Woodside","Queens",7.32,37.666668,5.016667,4.7833333,0.23333333,"observed","valid",true,true,true,false,false,0,2,false,"overnight_00_05",2026-07-01 00:00:00.000000,26.8,0,12.6,"dry"
235,"HV0003",2026-07-01 00:19:01.000000,2026-07-01 00:23:23.000000,2026-07-01 00:23:24.000000,2026-07-01 00:36:42.000000,92,"Flushing","Queens",56,"Corona","Queens",2.93,13.3,4.383333,4.366667,0.016666668,"observed","valid",true,true,true,false,false,0,2,false,"overnight_00_05",2026-07-01 00:00:00.000000,26.8,0,12.6,"dry"
236,"HV0003",2026-07-01 00:29:19.000000,2026-07-01 00:33:03.000000,2026-07-01 00:33:25.000000,2026-07-01 00:44:24.000000,56,"Corona","Queens",129,"Jackson Heights","Queens",1.92,10.983334,4.1,3.7333333,0.36666667,"observed","valid",true,true,true,false,false,0,2,false,"overnight_00_05",2026-07-01 00:00:00.000000,26.8,0,12.6,"dry"
237,"HV0003",2026-07-01 00:50:36.000000,2026-07-01 00:58:19.000000,2026-07-01 00:58:27.000000,2026-07-01 01:06:40.000000,7,"Astoria","Queens",129,"Jackson Heights","Queens",2.09,8.216666,7.85,7.7166667,0.13333334,"observed","valid",true,true,true,false,false,0,2,false,"overnight_00_05",2026-07-01 00:00:00.000000,26.8,0,12.6,"dry"
238,"HV0003",2026-07-01 00:07:57.000000,2026-07-01 00:16:59.000000,2026-07-01 00:18:57.000000,2026-07-01 00:40:42.000000,161,"Midtown Center","Manhattan",235,"University Heights/Morris Heights","Bronx",8.3,21.75,11,9.033334,1.9666667,"observed","valid",true,true,true,false,false,0,2,false,"overnight_00_05",2026-07-01 00:00:00.000000,26.8,0,12.6,"dry"
239,"HV0003",2026-07-01 00:42:17.000000,2026-07-01 00:46:47.000000,2026-07-01 00:48:44.000000,2026-07-01 01:02:08.000000,235,"University Heights/Morris Heights","Bronx",159,"Melrose South","Bronx",4.99,13.4,6.45,4.5,1.95,"observed","valid",true,true,true,false,false,0,2,false,"overnight_00_05",2026-07-01 00:00:00.000000,26.8,0,12.6,"dry"
240,"HV0005",2026-07-01 00:06:57.000000,2026-07-01 00:10:21.000000,2026-07-01 00:10:24.000000,2026-07-01 00:13:41.000000,170,"Murray Hill","Manhattan",162,"Midtown East","Manhattan",0.703,3.2833333,3.45,3.4,0.05,"observed","valid",true,true,true,false,false,0,2,false,"overnight_00_05",2026-07-01 00:00:00.000000,26.8,0,12.6,"dry"
241,"HV0003",2026-07-01 00:20:25.000000,2026-07-01 00:21:20.000000,2026-07-01 00:21:32.000000,2026-07-01 00:28:09.000000,263,"Yorkville West","Manhattan",75,"East Harlem South","Manhattan",1.28,6.616667,1.1166667,0.9166667,0.2,"observed","valid",true,true,true,false,false,0,2,false,"overnight_00_05",2026-07-01 00:00:00.000000,26.8,0,12.6,"dry"
242,"HV0003",2026-07-01 00:34:37.000000,2026-07-01 00:41:01.000000,2026-07-01 00:41:34.000000,2026-07-01 00:45:15.000000,141,"Lenox Hill West","Manhattan",237,"Upper East Side South","Manhattan",0.97,3.6833334,6.95,6.4,0.55,"observed","valid",true,true,true,false,false,0,2,false,"overnight_00_05",2026-07-01 00:00:00.000000,26.8,0,12.6,"dry"
243,"HV0003",2026-07-01 00:44:58.000000,2026-07-01 00:48:13.000000,2026-07-01 00:48:25.000000,2026-07-01 00:55:50.000000,161,"Midtown Center","Manhattan",141,"Lenox Hill West","Manhattan",1.37,7.4166665,3.45,3.25,0.2,"observed","valid",true,true,true,false,false,0,2,false,"overnight_00_05",2026-07-01 00:00:00.000000,26.8,0,12.6,"dry"
244,"HV0005",2026-07-01 00:17:19.000000,2026-07-01 00:24:10.000000,2026-07-01 00:24:46.000000,2026-07-01 00:39:28.000000,181,"Park Slope","Brooklyn",89,"Flatbush/Ditmas Park","Brooklyn",3.335,14.7,7.45,6.85,0.6,"observed","valid",true,true,true,false,false,0,2,false,"overnight_00_05",2026-07-01 00:00:00.000000,26.8,0,12.6,"dry"
245,"HV0003",2026-07-01 00:07:33.000000,2026-07-01 00:12:58.000000,2026-07-01 00:13:11.000000,2026-07-01 00:26:42.000000,160,"Middle Village","Queens",198,"Ridgewood","Queens",2.66,13.516666,5.633333,5.4166665,0.21666667,"observed","valid",true,true,true,false,false,0,2,false,"overnight_00_05",2026-07-01 00:00:00.000000,26.8,0,12.6,"dry"
246,"HV0003",2026-07-01 00:19:36.000000,2026-07-01 00:28:44.000000,2026-07-01 00:29:06.000000,2026-07-01 01:01:09.000000,198,"Ridgewood","Queens",106,"Gowanus","Brooklyn",5.86,32.05,9.5,9.133333,0.36666667,"observed","valid",true,true,true,false,false,0,2,false,"overnight_00_05",2026-07-01 00:00:00.000000,26.8,0,12.6,"dry"
247,"HV0005",2026-07-01 00:00:27.000000,2026-07-01 00:01:55.000000,2026-07-01 00:03:42.000000,2026-07-01 00:25:38.000000,97,"Fort Greene","Brooklyn",129,"Jackson Heights","Queens",8.463,21.933332,3.25,1.4666667,1.7833333,"observed","valid",true,true,true,false,false,0,2,false,"overnight_00_05",2026-07-01 00:00:00.000000,26.8,0,12.6,"dry"
248,"HV0005",2026-07-01 00:13:21.000000,2026-07-01 00:28:05.000000,2026-07-01 00:28:13.000000,2026-07-01 00:35:39.000000,129,"Jackson Heights","Queens",129,"Jackson Heights","Queens",0.139,7.4333334,14.866667,14.733334,0.13333334,"observed","valid",true,true,true,false,false,0,2,false,"overnight_00_05",2026-07-01 00:00:00.000000,26.8,0,12.6,"dry"
249,"HV0005",2026-07-01 00:34:38.000000,2026-07-01 00:38:27.000000,2026-07-01 00:40:43.000000,2026-07-01 01:07:41.000000,129,"Jackson Heights","Queens",56,"Corona","Queens",2.623,26.966667,6.0833335,3.8166666,2.2666667,"observed","valid",true,true,true,false,false,0,2,false,"overnight_00_05",2026-07-01 00:00:00.000000,26.8,0,12.6,"dry"
250,"HV0003",2026-07-01 00:03:59.000000,2026-07-01 00:06:59.000000,2026-07-01 00:03:34.000000,2026-07-01 00:30:23.000000,229,"Sutton Place/Turtle Bay North","Manhattan",234,"Union Sq","Manhattan",4.24,26.816668,-0.41666666,3,-3.4166667,"after_pickup","pickup_before_request",false,false,false,false,true,0,2,false,"overnight_00_05",2026-07-01 00:00:00.000000,26.8,0,12.6,"dry"
251,"HV0003",2026-07-01 00:36:19.000000,2026-07-01 00:38:51.000000,2026-07-01 00:38:54.000000,2026-07-01 00:51:19.000000,234,"Union Sq","Manhattan",50,"Clinton West","Manhattan",2.49,12.416667,2.5833333,2.5333333,0.05,"observed","valid",true,true,true,false,false,0,2,false,"overnight_00_05",2026-07-01 00:00:00.000000,26.8,0,12.6,"dry"
252,"HV0005",2026-07-01 00:31:36.000000,2026-07-01 00:34:33.000000,2026-07-01 00:34:55.000000,2026-07-01 00:40:13.000000,116,"Hamilton Heights","Manhattan",116,"Hamilton Heights","Manhattan",0.651,5.3,3.3166666,2.95,0.36666667,"observed","valid",true,true,true,false,false,0,2,false,"overnight_00_05",2026-07-01 00:00:00.000000,26.8,0,12.6,"dry"
253,"HV0005",2026-07-01 00:40:49.000000,2026-07-01 00:47:43.000000,2026-07-01 00:48:03.000000,2026-07-01 00:59:58.000000,116,"Hamilton Heights","Manhattan",166,"Morningside Heights","Manhattan",1.537,11.916667,7.233333,6.9,0.33333334,"observed","valid",true,true,true,false,false,0,2,false,"overnight_00_05",2026-07-01 00:00:00.000000,26.8,0,12.6,"dry"
254,"HV0003",2026-07-01 00:18:14.000000,2026-07-01 00:21:40.000000,2026-07-01 00:22:21.000000,2026-07-01 00:42:24.000000,211,"SoHo","Manhattan",255,"Williamsburg (North Side)","Brooklyn",3.84,20.05,4.116667,3.4333334,0.68333334,"observed","valid",true,true,true,false,false,0,2,false,"overnight_00_05",2026-07-01 00:00:00.000000,26.8,0,12.6,"dry"
255,"HV0003",2026-07-01 00:40:24.000000,2026-07-01 00:43:36.000000,2026-07-01 00:44:50.000000,2026-07-01 01:04:19.000000,255,"Williamsburg (North Side)","Brooklyn",225,"Stuyvesant Heights","Brooklyn",2.39,19.483334,4.4333334,3.2,1.2333333,"observed","valid",true,true,true,false,false,0,2,false,"overnight_00_05",2026-07-01 00:00:00.000000,26.8,0,12.6,"dry"
256,"HV0003",2026-07-01 00:19:48.000000,2026-07-01 00:27:42.000000,2026-07-01 00:29:22.000000,2026-07-01 00:50:46.000000,36,"Bushwick North","Brooklyn",229,"Sutton Place/Turtle Bay North","Manhattan",7.31,21.4,9.566667,7.9,1.6666666,"observed","valid",true,true,true,false,false,0,2,false,"overnight_00_05",2026-07-01 00:00:00.000000,26.8,0,12.6,"dry"
257,"HV0003",2026-07-01 00:10:36.000000,2026-07-01 00:16:51.000000,2026-07-01 00:17:19.000000,2026-07-01 00:25:39.000000,228,"Sunset Park West","Brooklyn",228,"Sunset Park West","Brooklyn",1.35,8.333333,6.7166667,6.25,0.46666667,"observed","valid",true,true,true,false,false,0,2,false,"overnight_00_05",2026-07-01 00:00:00.000000,26.8,0,12.6,"dry"
258,"HV0003",2026-07-01 00:22:10.000000,2026-07-01 00:30:59.000000,2026-07-01 00:31:27.000000,2026-07-01 00:50:36.000000,228,"Sunset Park West","Brooklyn",89,"Flatbush/Ditmas Park","Brooklyn",5.78,19.15,9.283334,8.816667,0.46666667,"observed","valid",true,true,true,false,false,0,2,false,"overnight_00_05",2026-07-01 00:00:00.000000,26.8,0,12.6,"dry"
259,"HV0003",2026-07-01 00:50:21.000000,2026-07-01 00:56:23.000000,2026-07-01 00:57:42.000000,2026-07-01 01:07:57.000000,89,"Flatbush/Ditmas Park","Brooklyn",72,"East Flatbush/Remsen Village","Brooklyn",2.43,10.25,7.35,6.0333333,1.3166667,"observed","valid",true,true,true,false,false,0,2,false,"overnight_00_05",2026-07-01 00:00:00.000000,26.8,0,12.6,"dry"
260,"HV0003",2026-07-01 00:03:04.000000,2026-07-01 00:03:59.000000,2026-07-01 00:04:07.000000,2026-07-01 00:50:44.000000,90,"Flatiron","Manhattan",203,"Rosedale","Queens",19.54,46.616665,1.05,0.9166667,0.13333334,"observed","valid",true,true,true,false,false,0,2,false,"overnight_00_05",2026-07-01 00:00:00.000000,26.8,0,12.6,"dry"
261,"HV0003",2026-07-01 00:42:30.000000,2026-07-01 00:57:47.000000,2026-07-01 00:57:52.000000,2026-07-01 01:04:18.000000,203,"Rosedale","Queens",265,"Outside of NYC","N/A",1.94,6.4333334,15.366667,15.283334,0.083333336,"observed","valid",true,true,true,false,false,0,2,false,"overnight_00_05",2026-07-01 00:00:00.000000,26.8,0,12.6,"dry"
262,"HV0003",2026-07-01 00:19:57.000000,2026-07-01 00:28:05.000000,2026-07-01 00:29:18.000000,2026-07-01 00:38:01.000000,36,"Bushwick North","Brooklyn",37,"Bushwick South","Brooklyn",1.32,8.716666,9.35,8.133333,1.2166667,"observed","valid",true,true,true,false,false,0,2,false,"overnight_00_05",2026-07-01 00:00:00.000000,26.8,0,12.6,"dry"
263,"HV0003",2026-06-30 23:57:59.000000,2026-07-01 00:02:07.000000,2026-07-01 00:02:15.000000,2026-07-01 00:20:01.000000,223,"Steinway","Queens",82,"Elmhurst","Queens",4.24,17.766666,4.266667,4.133333,0.13333334,"observed","valid",true,true,true,false,false,23,1,false,"evening_20_23",2026-06-30 23:00:00.000000,27.9,0,13.3,"dry"
264,"HV0003",2026-07-01 00:14:30.000000,2026-07-01 00:34:07.000000,2026-07-01 00:34:16.000000,2026-07-01 00:46:12.000000,82,"Elmhurst","Queens",129,"Jackson Heights","Queens",1.75,11.933333,19.766666,19.616667,0.15,"observed","valid",true,true,true,false,false,0,2,false,"overnight_00_05",2026-07-01 00:00:00.000000,26.8,0,12.6,"dry"
265,"HV0003",2026-07-01 00:31:39.000000,2026-07-01 00:47:51.000000,2026-07-01 00:48:27.000000,2026-07-01 01:00:46.000000,129,"Jackson Heights","Queens",179,"Old Astoria","Queens",3,12.316667,16.8,16.2,0.6,"observed","valid",true,true,true,false,false,0,2,false,"overnight_00_05",2026-07-01 00:00:00.000000,26.8,0,12.6,"dry"
266,"HV0003",2026-07-01 00:02:33.000000,2026-07-01 00:05:28.000000,2026-07-01 00:07:29.000000,2026-07-01 00:20:50.000000,255,"Williamsburg (North Side)","Brooklyn",170,"Murray Hill","Manhattan",3.75,13.35,4.9333334,2.9166667,2.0166667,"observed","valid",true,true,true,false,false,0,2,false,"overnight_00_05",2026-07-01 00:00:00.000000,26.8,0,12.6,"dry"
267,"HV0003",2026-07-01 00:22:07.000000,2026-07-01 00:32:29.000000,2026-07-01 00:32:48.000000,2026-07-01 00:59:02.000000,233,"UN/Turtle Bay South","Manhattan",260,"Woodside","Queens",6.11,26.233334,10.683333,10.366667,0.31666666,"observed","valid",true,true,true,false,false,0,2,false,"overnight_00_05",2026-07-01 00:00:00.000000,26.8,0,12.6,"dry"
268,"HV0003",2026-07-01 00:37:21.000000,2026-07-01 00:46:19.000000,2026-07-01 00:46:43.000000,2026-07-01 00:55:40.000000,145,"Long Island City/Hunters Point","Queens",226,"Sunnyside","Queens",1.9,8.95,9.366667,8.966666,0.4,"observed","valid",true,true,true,false,false,0,2,false,"overnight_00_05",2026-07-01 00:00:00.000000,26.8,0,12.6,"dry"
269,"HV0003",2026-07-01 00:07:09.000000,2026-07-01 00:23:54.000000,2026-07-01 00:24:06.000000,2026-07-01 00:38:51.000000,258,"Woodhaven","Queens",95,"Forest Hills","Queens",3.35,14.75,16.95,16.75,0.2,"observed","valid",true,true,true,false,false,0,2,false,"overnight_00_05",2026-07-01 00:00:00.000000,26.8,0,12.6,"dry"
270,"HV0003",2026-07-01 00:19:54.000000,2026-07-01 00:43:58.000000,2026-07-01 00:44:24.000000,2026-07-01 01:11:52.000000,95,"Forest Hills","Queens",82,"Elmhurst","Queens",8.65,27.466667,24.5,24.066668,0.43333334,"observed","valid",true,true,true,false,false,0,2,false,"overnight_00_05",2026-07-01 00:00:00.000000,26.8,0,12.6,"dry"
271,"HV0003",2026-07-01 00:47:13.000000,2026-07-01 00:50:44.000000,2026-07-01 00:50:54.000000,2026-07-01 01:10:15.000000,179,"Old Astoria","Queens",145,"Long Island City/Hunters Point","Queens",3.01,19.35,3.6833334,3.5166667,0.16666667,"observed","valid",true,true,true,false,false,0,2,false,"overnight_00_05",2026-07-01 00:00:00.000000,26.8,0,12.6,"dry"
272,"HV0003",2026-07-01 00:10:30.000000,2026-07-01 00:14:27.000000,2026-07-01 00:15:00.000000,2026-07-01 00:25:12.000000,168,"Mott Haven/Port Morris","Bronx",42,"Central Harlem North","Manhattan",2,10.2,4.5,3.95,0.55,"observed","valid",true,true,true,false,false,0,2,false,"overnight_00_05",2026-07-01 00:00:00.000000,26.8,0,12.6,"dry"
273,"HV0003",2026-07-01 00:23:19.000000,2026-07-01 00:26:58.000000,2026-07-01 00:27:10.000000,2026-07-01 00:30:30.000000,42,"Central Harlem North","Manhattan",42,"Central Harlem North","Manhattan",0.53,3.3333333,3.85,3.65,0.2,"observed","valid",true,true,true,false,false,0,2,false,"overnight_00_05",2026-07-01 00:00:00.000000,26.8,0,12.6,"dry"
274,"HV0003",2026-07-01 00:25:49.000000,2026-07-01 00:33:30.000000,2026-07-01 00:35:31.000000,2026-07-01 00:47:48.000000,42,"Central Harlem North","Manhattan",243,"Washington Heights North","Manhattan",3.43,12.283334,9.7,7.6833334,2.0166667,"observed","valid",true,true,true,false,false,0,2,false,"overnight_00_05",2026-07-01 00:00:00.000000,26.8,0,12.6,"dry"
275,"HV0003",2026-07-01 01:00:00.000000,2026-07-01 00:50:26.000000,2026-07-01 00:51:28.000000,2026-07-01 01:04:07.000000,243,"Washington Heights North","Manhattan",235,"University Heights/Morris Heights","Bronx",2.46,12.65,-8.533334,-9.566667,1.0333333,"before_request","pickup_before_request",false,false,false,true,false,1,2,false,"overnight_00_05",2026-07-01 01:00:00.000000,26.1,0,11.4,"dry"
276,"HV0005",2026-07-01 00:12:34.000000,2026-07-01 00:16:08.000000,2026-07-01 00:17:09.000000,2026-07-01 00:24:07.000000,181,"Park Slope","Brooklyn",181,"Park Slope","Brooklyn",1.342,6.9666667,4.5833335,3.5666666,1.0166667,"observed","valid",true,true,true,false,false,0,2,false,"overnight_00_05",2026-07-01 00:00:00.000000,26.8,0,12.6,"dry"
277,"HV0005",2026-07-01 00:25:07.000000,2026-07-01 00:32:00.000000,2026-07-01 00:33:04.000000,2026-07-01 00:47:11.000000,181,"Park Slope","Brooklyn",67,"Dyker Heights","Brooklyn",5.679,14.116667,7.95,6.883333,1.0666667,"observed","valid",true,true,true,false,false,0,2,false,"overnight_00_05",2026-07-01 00:00:00.000000,26.8,0,12.6,"dry"
278,"HV0003",2026-07-01 00:07:20.000000,2026-07-01 00:10:48.000000,2026-07-01 00:11:56.000000,2026-07-01 00:19:22.000000,250,"Westchester Village/Unionport","Bronx",212,"Soundview/Bruckner","Bronx",1.82,7.4333334,4.6,3.4666667,1.1333333,"observed","valid",true,true,true,false,false,0,2,false,"overnight_00_05",2026-07-01 00:00:00.000000,26.8,0,12.6,"dry"
279,"HV0003",2026-07-01 00:15:25.000000,2026-07-01 00:23:12.000000,2026-07-01 00:24:17.000000,2026-07-01 00:50:29.000000,126,"Hunts Point","Bronx",151,"Manhattan Valley","Manhattan",8.01,26.2,8.866667,7.7833333,1.0833334,"observed","valid",true,true,true,false,false,0,2,false,"overnight_00_05",2026-07-01 00:00:00.000000,26.8,0,12.6,"dry"
280,"HV0003",2026-06-30 23:55:29.000000,2026-07-01 00:02:44.000000,2026-07-01 00:02:53.000000,2026-07-01 00:18:04.000000,225,"Stuyvesant Heights","Brooklyn",35,"Brownsville","Brooklyn",2.81,15.183333,7.4,7.25,0.15,"observed","valid",true,true,true,false,false,23,1,false,"evening_20_23",2026-06-30 23:00:00.000000,27.9,0,13.3,"dry"
281,"HV0003",2026-07-01 00:09:46.000000,2026-07-01 00:12:00.000000,2026-07-01 00:12:11.000000,2026-07-01 00:33:12.000000,177,"Ocean Hill","Brooklyn",76,"East New York","Brooklyn",3.77,21.016666,2.4166667,2.2333333,0.18333334,"observed","valid",true,true,true,false,false,0,2,false,"overnight_00_05",2026-07-01 00:00:00.000000,26.8,0,12.6,"dry"
282,"HV0003",2026-07-01 00:54:41.000000,2026-07-01 00:56:16.000000,2026-07-01 00:56:30.000000,2026-07-01 01:13:26.000000,216,"South Ozone Park","Queens",134,"Kew Gardens","Queens",3.26,16.933332,1.8166667,1.5833334,0.23333333,"observed","valid",true,true,true,false,false,0,2,false,"overnight_00_05",2026-07-01 00:00:00.000000,26.8,0,12.6,"dry"
283,"HV0003",2026-07-01 00:06:18.000000,2026-07-01 00:12:28.000000,2026-07-01 00:12:41.000000,2026-07-01 00:28:05.000000,223,"Steinway","Queens",145,"Long Island City/Hunters Point","Queens",5.9,15.4,6.383333,6.1666665,0.21666667,"observed","valid",true,true,true,false,false,0,2,false,"overnight_00_05",2026-07-01 00:00:00.000000,26.8,0,12.6,"dry"
284,"HV0003",2026-07-01 00:22:02.000000,2026-07-01 00:42:40.000000,2026-07-01 00:43:05.000000,2026-07-01 00:53:07.000000,7,"Astoria","Queens",179,"Old Astoria","Queens",1.95,10.033334,21.05,20.633333,0.41666666,"observed","valid",true,true,true,false,false,0,2,false,"overnight_00_05",2026-07-01 00:00:00.000000,26.8,0,12.6,"dry"
285,"HV0003",2026-07-01 00:43:00.000000,2026-07-01 00:57:08.000000,2026-07-01 00:58:11.000000,2026-07-01 01:07:56.000000,179,"Old Astoria","Queens",93,"Flushing Meadows-Corona Park","Queens",5.73,9.75,15.183333,14.133333,1.05,"observed","valid",true,true,true,true,false,0,2,false,"overnight_00_05",2026-07-01 00:00:00.000000,26.8,0,12.6,"dry"
286,"HV0005",2026-07-01 00:23:20.000000,2026-07-01 00:28:32.000000,2026-07-01 00:31:08.000000,2026-07-01 00:42:58.000000,183,"Pelham Bay","Bronx",248,"West Farms/Bronx River","Bronx",4.569,11.833333,7.8,5.2,2.6,"observed","valid",true,true,true,false,false,0,2,false,"overnight_00_05",2026-07-01 00:00:00.000000,26.8,0,12.6,"dry"
287,"HV0005",2026-07-01 00:10:16.000000,2026-07-01 00:11:36.000000,2026-07-01 00:12:34.000000,2026-07-01 00:48:23.000000,239,"Upper West Side South","Manhattan",265,"Outside of NYC","N/A",8.194,35.816666,2.3,1.3333334,0.96666664,"observed","valid",true,true,true,false,false,0,2,false,"overnight_00_05",2026-07-01 00:00:00.000000,26.8,0,12.6,"dry"
288,"HV0003",2026-06-30 23:45:51.000000,2026-07-01 00:02:35.000000,2026-07-01 00:02:35.000000,2026-07-01 00:28:46.000000,145,"Long Island City/Hunters Point","Queens",89,"Flatbush/Ditmas Park","Brooklyn",13.17,26.183332,16.733334,16.733334,0,"same_as_pickup","valid",true,false,true,false,false,23,1,false,"evening_20_23",2026-06-30 23:00:00.000000,27.9,0,13.3,"dry"
289,"HV0005",2026-07-01 00:03:38.000000,2026-07-01 00:04:52.000000,2026-07-01 00:05:36.000000,2026-07-01 00:13:13.000000,68,"East Chelsea","Manhattan",48,"Clinton East","Manhattan",1.707,7.616667,1.9666667,1.2333333,0.73333335,"observed","valid",true,true,true,false,false,0,2,false,"overnight_00_05",2026-07-01 00:00:00.000000,26.8,0,12.6,"dry"
290,"HV0005",2026-07-01 00:15:37.000000,2026-07-01 00:23:14.000000,2026-07-01 00:24:10.000000,2026-07-01 00:29:05.000000,230,"Times Sq/Theatre District","Manhattan",163,"Midtown North","Manhattan",0.826,4.9166665,8.55,7.616667,0.93333334,"observed","valid",true,true,true,false,false,0,2,false,"overnight_00_05",2026-07-01 00:00:00.000000,26.8,0,12.6,"dry"
291,"HV0005",2026-07-01 00:37:23.000000,2026-07-01 00:39:36.000000,2026-07-01 00:39:42.000000,2026-07-01 00:49:06.000000,164,"Midtown South","Manhattan",246,"West Chelsea/Hudson Yards","Manhattan",1.539,9.4,2.3166666,2.2166667,0.1,"observed","valid",true,true,true,false,false,0,2,false,"overnight_00_05",2026-07-01 00:00:00.000000,26.8,0,12.6,"dry"
292,"HV0005",2026-07-01 00:53:06.000000,2026-07-01 00:57:32.000000,2026-07-01 00:58:35.000000,2026-07-01 01:08:26.000000,230,"Times Sq/Theatre District","Manhattan",238,"Upper West Side North","Manhattan",2.664,9.85,5.483333,4.4333334,1.05,"observed","valid",true,true,true,false,false,0,2,false,"overnight_00_05",2026-07-01 00:00:00.000000,26.8,0,12.6,"dry"
293,"HV0003",2026-07-01 00:08:42.000000,2026-07-01 00:10:31.000000,2026-07-01 00:11:13.000000,2026-07-01 00:20:51.000000,100,"Garment District","Manhattan",142,"Lincoln Square East","Manhattan",1.68,9.633333,2.5166667,1.8166667,0.7,"observed","valid",true,true,true,false,false,0,2,false,"overnight_00_05",2026-07-01 00:00:00.000000,26.8,0,12.6,"dry"
294,"HV0003",2026-07-01 00:25:25.000000,2026-07-01 00:28:31.000000,2026-07-01 00:28:35.000000,2026-07-01 00:45:38.000000,48,"Clinton East","Manhattan",152,"Manhattanville","Manhattan",4.07,17.05,3.1666667,3.1,0.06666667,"observed","valid",true,true,true,false,false,0,2,false,"overnight_00_05",2026-07-01 00:00:00.000000,26.8,0,12.6,"dry"
295,"HV0003",2026-07-01 00:48:25.000000,2026-07-01 00:56:07.000000,2026-07-01 00:57:12.000000,2026-07-01 01:05:45.000000,244,"Washington Heights South","Manhattan",238,"Upper West Side North","Manhattan",4.1,8.55,8.783334,7.7,1.0833334,"observed","valid",true,true,true,false,false,0,2,false,"overnight_00_05",2026-07-01 00:00:00.000000,26.8,0,12.6,"dry"
296,"HV0003",2026-06-30 23:55:26.000000,2026-06-30 23:59:33.000000,2026-07-01 00:00:01.000000,2026-07-01 00:15:20.000000,234,"Union Sq","Manhattan",148,"Lower East Side","Manhattan",2.38,15.316667,4.5833335,4.116667,0.46666667,"observed","valid",true,true,true,false,false,23,1,false,"evening_20_23",2026-06-30 23:00:00.000000,27.9,0,13.3,"dry"
297,"HV0003",2026-07-01 00:07:06.000000,2026-07-01 00:16:15.000000,2026-07-01 00:17:06.000000,2026-07-01 00:34:30.000000,148,"Lower East Side","Manhattan",225,"Stuyvesant Heights","Brooklyn",3.98,17.4,10,9.15,0.85,"observed","valid",true,true,true,false,false,0,2,false,"overnight_00_05",2026-07-01 00:00:00.000000,26.8,0,12.6,"dry"
298,"HV0003",2026-07-01 00:30:25.000000,2026-07-01 00:34:31.000000,2026-07-01 00:35:14.000000,2026-07-01 00:39:17.000000,225,"Stuyvesant Heights","Brooklyn",225,"Stuyvesant Heights","Brooklyn",0.85,4.05,4.8166666,4.1,0.71666664,"observed","valid",true,true,true,false,false,0,2,false,"overnight_00_05",2026-07-01 00:00:00.000000,26.8,0,12.6,"dry"
299,"HV0003",2026-07-01 00:48:08.000000,2026-07-01 00:51:19.000000,2026-07-01 00:53:13.000000,2026-07-01 00:58:08.000000,177,"Ocean Hill","Brooklyn",225,"Stuyvesant Heights","Brooklyn",1.06,4.9166665,5.0833335,3.1833334,1.9,"observed","valid",true,true,true,false,false,0,2,false,"overnight_00_05",2026-07-01 00:00:00.000000,26.8,0,12.6,"dry"
300,"HV0003",2026-07-01 00:06:45.000000,2026-07-01 00:08:25.000000,2026-07-01 00:08:59.000000,2026-07-01 00:17:00.000000,162,"Midtown East","Manhattan",161,"Midtown Center","Manhattan",0.89,8.016666,2.2333333,1.6666666,0.56666666,"observed","valid",true,true,true,false,false,0,2,false,"overnight_00_05",2026-07-01 00:00:00.000000,26.8,0,12.6,"dry"
301,"HV0003",2026-07-01 00:14:28.000000,2026-07-01 00:21:42.000000,2026-07-01 00:21:42.000000,2026-07-01 00:33:04.000000,161,"Midtown Center","Manhattan",90,"Flatiron","Manhattan",2.68,11.366667,7.233333,7.233333,0,"same_as_pickup","valid",true,false,true,false,false,0,2,false,"overnight_00_05",2026-07-01 00:00:00.000000,26.8,0,12.6,"dry"
302,"HV0003",2026-07-01 00:23:32.000000,2026-07-01 00:33:29.000000,2026-07-01 00:34:12.000000,2026-07-01 01:16:06.000000,90,"Flatiron","Manhattan",3,"Allerton/Pelham Gardens","Bronx",15.17,41.9,10.666667,9.95,0.71666664,"observed","valid",true,true,true,false,false,0,2,false,"overnight_00_05",2026-07-01 00:00:00.000000,26.8,0,12.6,"dry"
303,"HV0005",2026-06-30 23:59:47.000000,2026-07-01 00:08:05.000000,2026-07-01 00:08:27.000000,2026-07-01 00:21:48.000000,14,"Bay Ridge","Brooklyn",251,"Westerleigh","Staten Island",7.01,13.35,8.666667,8.3,0.36666667,"observed","valid",true,true,true,false,false,23,1,false,"evening_20_23",2026-06-30 23:00:00.000000,27.9,0,13.3,"dry"
304,"HV0005",2026-07-01 00:54:00.000000,2026-07-01 00:55:56.000000,2026-07-01 00:56:01.000000,2026-07-01 01:02:10.000000,11,"Bath Beach","Brooklyn",67,"Dyker Heights","Brooklyn",1.446,6.15,2.0166667,1.9333333,0.083333336,"observed","valid",true,true,true,true,false,0,2,false,"overnight_00_05",2026-07-01 00:00:00.000000,26.8,0,12.6,"dry"
305,"HV0003",2026-07-01 00:06:32.000000,2026-07-01 00:10:24.000000,2026-07-01 00:10:42.000000,2026-07-01 00:16:57.000000,61,"Crown Heights North","Brooklyn",177,"Ocean Hill","Brooklyn",1.31,6.25,4.1666665,3.8666666,0.3,"observed","valid",true,true,true,false,false,0,2,false,"overnight_00_05",2026-07-01 00:00:00.000000,26.8,0,12.6,"dry"
306,"HV0003",2026-07-01 00:29:37.000000,2026-07-01 00:30:12.000000,2026-07-01 00:30:28.000000,2026-07-01 00:41:02.000000,61,"Crown Heights North","Brooklyn",61,"Crown Heights North","Brooklyn",2.06,10.566667,0.85,0.5833333,0.26666668,"observed","valid",true,true,true,false,false,0,2,false,"overnight_00_05",2026-07-01 00:00:00.000000,26.8,0,12.6,"dry"
307,"HV0003",2026-07-01 00:06:16.000000,2026-07-01 00:07:40.000000,2026-07-01 00:08:02.000000,2026-07-01 00:18:34.000000,17,"Bedford","Brooklyn",36,"Bushwick North","Brooklyn",2.07,10.533334,1.7666667,1.4,0.36666667,"observed","valid",true,true,true,false,false,0,2,false,"overnight_00_05",2026-07-01 00:00:00.000000,26.8,0,12.6,"dry"
308,"HV0003",2026-07-01 00:10:05.000000,2026-07-01 00:20:08.000000,2026-07-01 00:20:16.000000,2026-07-01 00:32:02.000000,36,"Bushwick North","Brooklyn",198,"Ridgewood","Queens",1.98,11.766666,10.183333,10.05,0.13333334,"observed","valid",true,true,true,false,false,0,2,false,"overnight_00_05",2026-07-01 00:00:00.000000,26.8,0,12.6,"dry"
309,"HV0003",2026-07-01 00:34:32.000000,2026-07-01 00:37:00.000000,2026-07-01 00:37:24.000000,2026-07-01 00:41:54.000000,198,"Ridgewood","Queens",198,"Ridgewood","Queens",0.95,4.5,2.8666666,2.4666667,0.4,"observed","valid",true,true,true,false,false,0,2,false,"overnight_00_05",2026-07-01 00:00:00.000000,26.8,0,12.6,"dry"
310,"HV0003",2026-07-01 00:44:38.000000,2026-07-01 00:47:48.000000,2026-07-01 00:48:06.000000,2026-07-01 00:56:15.000000,198,"Ridgewood","Queens",36,"Bushwick North","Brooklyn",1.27,8.15,3.4666667,3.1666667,0.3,"observed","valid",true,true,true,false,false,0,2,false,"overnight_00_05",2026-07-01 00:00:00.000000,26.8,0,12.6,"dry"
311,"HV0005",2026-06-30 23:58:13.000000,2026-07-01 00:00:15.000000,2026-07-01 00:01:56.000000,2026-07-01 00:21:40.000000,11,"Bath Beach","Brooklyn",155,"Marine Park/Mill Basin","Brooklyn",9.696,19.733334,3.7166667,2.0333333,1.6833333,"observed","valid",true,true,true,false,false,23,1,false,"evening_20_23",2026-06-30 23:00:00.000000,27.9,0,13.3,"dry"
312,"HV0005",2026-07-01 00:33:25.000000,2026-07-01 00:39:40.000000,2026-07-01 00:40:25.000000,2026-07-01 00:48:08.000000,72,"East Flatbush/Remsen Village","Brooklyn",71,"East Flatbush/Farragut","Brooklyn",1.752,7.7166667,7,6.25,0.75,"observed","valid",true,true,true,false,false,0,2,false,"overnight_00_05",2026-07-01 00:00:00.000000,26.8,0,12.6,"dry"
313,"HV0003",2026-07-01 00:23:35.000000,2026-07-01 00:26:49.000000,2026-07-01 00:28:04.000000,2026-07-01 00:47:14.000000,107,"Gramercy","Manhattan",7,"Astoria","Queens",4.89,19.166666,4.483333,3.2333333,1.25,"observed","valid",true,true,true,false,false,0,2,false,"overnight_00_05",2026-07-01 00:00:00.000000,26.8,0,12.6,"dry"
314,"HV0003",2026-07-01 00:33:59.000000,2026-07-01 00:49:57.000000,2026-07-01 00:51:09.000000,2026-07-01 01:01:06.000000,7,"Astoria","Queens",223,"Steinway","Queens",1.3,9.95,17.166666,15.966666,1.2,"observed","valid",true,true,true,false,false,0,2,false,"overnight_00_05",2026-07-01 00:00:00.000000,26.8,0,12.6,"dry"
315,"HV0003",2026-07-01 00:35:45.000000,2026-07-01 00:46:46.000000,2026-07-01 00:47:39.000000,2026-07-01 00:55:10.000000,130,"Jamaica","Queens",121,"Hillcrest/Pomonok","Queens",1.42,7.516667,11.9,11.016666,0.8833333,"observed","valid",true,true,true,false,false,0,2,false,"overnight_00_05",2026-07-01 00:00:00.000000,26.8,0,12.6,"dry"
316,"HV0003",2026-07-01 00:11:35.000000,2026-07-01 00:14:19.000000,2026-07-01 00:15:07.000000,2026-07-01 00:20:30.000000,112,"Greenpoint","Brooklyn",112,"Greenpoint","Brooklyn",1.01,5.383333,3.5333333,2.7333333,0.8,"observed","valid",true,true,true,false,false,0,2,false,"overnight_00_05",2026-07-01 00:00:00.000000,26.8,0,12.6,"dry"
317,"HV0003",2026-07-01 00:16:13.000000,2026-07-01 00:26:03.000000,2026-07-01 00:26:12.000000,2026-07-01 01:00:21.000000,255,"Williamsburg (North Side)","Brooklyn",42,"Central Harlem North","Manhattan",9.65,34.15,9.983334,9.833333,0.15,"observed","valid",true,true,true,false,false,0,2,false,"overnight_00_05",2026-07-01 00:00:00.000000,26.8,0,12.6,"dry"
318,"HV0003",2026-07-01 00:10:34.000000,2026-07-01 00:12:22.000000,2026-07-01 00:14:07.000000,2026-07-01 00:23:14.000000,24,"Bloomingdale","Manhattan",41,"Central Harlem","Manhattan",0.99,9.116667,3.55,1.8,1.75,"observed","valid",true,true,true,false,false,0,2,false,"overnight_00_05",2026-07-01 00:00:00.000000,26.8,0,12.6,"dry"
319,"HV0003",2026-07-01 00:22:14.000000,2026-07-01 00:26:54.000000,2026-07-01 00:28:54.000000,2026-07-01 00:44:31.000000,41,"Central Harlem","Manhattan",168,"Mott Haven/Port Morris","Bronx",2.9,15.616667,6.6666665,4.6666665,2,"observed","valid",true,true,true,false,false,0,2,false,"overnight_00_05",2026-07-01 00:00:00.000000,26.8,0,12.6,"dry"
320,"HV0003",2026-07-01 00:44:36.000000,2026-07-01 00:48:54.000000,2026-07-01 00:50:54.000000,2026-07-01 01:05:58.000000,168,"Mott Haven/Port Morris","Bronx",247,"West Concourse","Bronx",1.79,15.066667,6.3,4.3,2,"observed","valid",true,true,true,false,false,0,2,false,"overnight_00_05",2026-07-01 00:00:00.000000,26.8,0,12.6,"dry"
321,"HV0003",2026-07-01 00:04:11.000000,2026-07-01 00:07:05.000000,2026-07-01 00:07:10.000000,2026-07-01 00:34:27.000000,66,"DUMBO/Vinegar Hill","Brooklyn",37,"Bushwick South","Brooklyn",5.25,27.283333,2.9833333,2.9,0.083333336,"observed","valid",true,true,true,false,false,0,2,false,"overnight_00_05",2026-07-01 00:00:00.000000,26.8,0,12.6,"dry"
322,"HV0003",2026-07-01 00:29:27.000000,2026-07-01 00:45:13.000000,2026-07-01 00:47:01.000000,2026-07-01 01:33:15.000000,36,"Bushwick North","Brooklyn",55,"Coney Island","Brooklyn",14.98,46.233334,17.566668,15.766666,1.8,"observed","valid",true,true,true,false,false,0,2,false,"overnight_00_05",2026-07-01 00:00:00.000000,26.8,0,12.6,"dry"
323,"HV0003",2026-06-30 23:59:31.000000,2026-07-01 00:00:37.000000,2026-07-01 00:02:38.000000,2026-07-01 00:23:17.000000,231,"TriBeCa/Civic Center","Manhattan",195,"Red Hook","Brooklyn",4.35,20.65,3.1166666,1.1,2.0166667,"observed","valid",true,true,true,false,false,23,1,false,"evening_20_23",2026-06-30 23:00:00.000000,27.9,0,13.3,"dry"
324,"HV0003",2026-07-01 00:23:14.000000,2026-07-01 00:24:53.000000,2026-07-01 00:26:20.000000,2026-07-01 00:50:20.000000,195,"Red Hook","Brooklyn",61,"Crown Heights North","Brooklyn",5.36,24,3.1,1.65,1.45,"observed","valid",true,true,true,false,false,0,2,false,"overnight_00_05",2026-07-01 00:00:00.000000,26.8,0,12.6,"dry"
325,"HV0005",2026-07-01 00:01:23.000000,2026-07-01 00:03:28.000000,2026-07-01 00:04:34.000000,2026-07-01 00:20:41.000000,142,"Lincoln Square East","Manhattan",42,"Central Harlem North","Manhattan",3.729,16.116667,3.1833334,2.0833333,1.1,"observed","valid",true,true,true,false,false,0,2,false,"overnight_00_05",2026-07-01 00:00:00.000000,26.8,0,12.6,"dry"
326,"HV0005",2026-07-01 00:21:47.000000,2026-07-01 00:24:46.000000,2026-07-01 00:25:12.000000,2026-07-01 00:31:59.000000,42,"Central Harlem North","Manhattan",116,"Hamilton Heights","Manhattan",1.315,6.7833333,3.4166667,2.9833333,0.43333334,"observed","valid",true,true,true,false,false,0,2,false,"overnight_00_05",2026-07-01 00:00:00.000000,26.8,0,12.6,"dry"
327,"HV0005",2026-07-01 00:31:53.000000,2026-07-01 00:35:15.000000,2026-07-01 00:35:37.000000,2026-07-01 00:46:26.000000,244,"Washington Heights South","Manhattan",74,"East Harlem North","Manhattan",2.824,10.816667,3.7333333,3.3666666,0.36666667,"observed","valid",true,true,true,false,false,0,2,false,"overnight_00_05",2026-07-01 00:00:00.000000,26.8,0,12.6,"dry"
328,"HV0005",2026-07-01 00:48:11.000000,2026-07-01 00:49:16.000000,2026-07-01 00:50:05.000000,2026-07-01 01:04:04.000000,42,"Central Harlem North","Manhattan",179,"Old Astoria","Queens",4.739,13.983334,1.9,1.0833334,0.81666666,"observed","valid",true,true,true,false,false,0,2,false,"overnight_00_05",2026-07-01 00:00:00.000000,26.8,0,12.6,"dry"
329,"HV0005",2026-07-01 00:32:25.000000,2026-07-01 00:39:03.000000,2026-07-01 00:39:25.000000,2026-07-01 00:56:57.000000,113,"Greenwich Village North","Manhattan",265,"Outside of NYC","N/A",3.691,17.533333,7,6.633333,0.36666667,"observed","valid",true,true,true,false,false,0,2,false,"overnight_00_05",2026-07-01 00:00:00.000000,26.8,0,12.6,"dry"
330,"HV0003",2026-07-01 00:03:03.000000,2026-07-01 00:03:39.000000,2026-07-01 00:05:38.000000,2026-07-01 00:49:05.000000,140,"Lenox Hill East","Manhattan",63,"Cypress Hills","Brooklyn",11.98,43.45,2.5833333,0.6,1.9833333,"observed","valid",true,true,true,false,false,0,2,false,"overnight_00_05",2026-07-01 00:00:00.000000,26.8,0,12.6,"dry"
331,"HV0003",2026-07-01 00:02:34.000000,2026-07-01 00:06:56.000000,2026-07-01 00:07:13.000000,2026-07-01 00:34:08.000000,148,"Lower East Side","Manhattan",50,"Clinton West","Manhattan",4.79,26.916666,4.65,4.366667,0.28333333,"observed","valid",true,true,true,false,false,0,2,false,"overnight_00_05",2026-07-01 00:00:00.000000,26.8,0,12.6,"dry"
332,"HV0003",2026-07-01 00:02:49.000000,2026-07-01 00:10:56.000000,2026-07-01 00:11:31.000000,2026-07-01 00:26:17.000000,79,"East Village","Manhattan",90,"Flatiron","Manhattan",2.59,14.766666,8.7,8.116667,0.5833333,"observed","valid",true,true,true,false,false,0,2,false,"overnight_00_05",2026-07-01 00:00:00.000000,26.8,0,12.6,"dry"
333,"HV0003",2026-07-01 00:10:37.000000,2026-07-01 00:21:12.000000,2026-07-01 00:21:29.000000,2026-07-01 00:59:30.000000,249,"West Village","Manhattan",260,"Woodside","Queens",9.01,38.016666,10.866667,10.583333,0.28333333,"observed","valid",true,true,true,false,false,0,2,false,"overnight_00_05",2026-07-01 00:00:00.000000,26.8,0,12.6,"dry"
334,"HV0003",2026-07-01 00:29:56.000000,2026-07-01 00:37:20.000000,2026-07-01 00:38:04.000000,2026-07-01 01:12:20.000000,48,"Clinton East","Manhattan",255,"Williamsburg (North Side)","Brooklyn",9.22,34.266666,8.133333,7.4,0.73333335,"observed","valid",true,true,true,false,false,0,2,false,"overnight_00_05",2026-07-01 00:00:00.000000,26.8,0,12.6,"dry"
335,"HV0005",2026-07-01 00:00:59.000000,2026-07-01 00:03:03.000000,2026-07-01 00:03:51.000000,2026-07-01 00:15:02.000000,209,"Seaport","Manhattan",224,"Stuy Town/Peter Cooper Village","Manhattan",3.045,11.183333,2.8666666,2.0666666,0.8,"observed","valid",true,true,true,false,false,0,2,false,"overnight_00_05",2026-07-01 00:00:00.000000,26.8,0,12.6,"dry"
336,"HV0005",2026-07-01 00:10:35.000000,2026-07-01 00:18:24.000000,2026-07-01 00:19:40.000000,2026-07-01 00:51:37.000000,79,"East Village","Manhattan",228,"Sunset Park West","Brooklyn",7.856,31.95,9.083333,7.8166666,1.2666667,"observed","valid",true,true,true,false,false,0,2,false,"overnight_00_05",2026-07-01 00:00:00.000000,26.8,0,12.6,"dry"
337,"HV0005",2026-07-01 01:00:01.000000,2026-07-01 00:54:30.000000,2026-07-01 00:54:44.000000,2026-07-01 01:31:06.000000,228,"Sunset Park West","Brooklyn",186,"Penn Station/Madison Sq West","Manhattan",7.66,36.366665,-5.2833333,-5.516667,0.23333333,"before_request","pickup_before_request",false,false,false,false,false,1,2,false,"overnight_00_05",2026-07-01 01:00:00.000000,26.1,0,11.4,"dry"
338,"HV0003",2026-07-01 00:08:59.000000,2026-07-01 00:11:16.000000,2026-07-01 00:11:25.000000,2026-07-01 00:24:33.000000,54,"Columbia Street","Brooklyn",97,"Fort Greene","Brooklyn",2.38,13.133333,2.4333334,2.2833333,0.15,"observed","valid",true,true,true,false,false,0,2,false,"overnight_00_05",2026-07-01 00:00:00.000000,26.8,0,12.6,"dry"
339,"HV0003",2026-07-01 00:23:39.000000,2026-07-01 00:26:28.000000,2026-07-01 00:28:28.000000,2026-07-01 00:44:57.000000,97,"Fort Greene","Brooklyn",79,"East Village","Manhattan",3.68,16.483334,4.8166666,2.8166666,2,"observed","valid",true,true,true,false,false,0,2,false,"overnight_00_05",2026-07-01 00:00:00.000000,26.8,0,12.6,"dry"
340,"HV0003",2026-07-01 00:39:20.000000,2026-07-01 00:47:12.000000,2026-07-01 00:47:38.000000,2026-07-01 01:15:49.000000,79,"East Village","Manhattan",37,"Bushwick South","Brooklyn",5.49,28.183332,8.3,7.866667,0.43333334,"observed","valid",true,true,true,false,false,0,2,false,"overnight_00_05",2026-07-01 00:00:00.000000,26.8,0,12.6,"dry"
341,"HV0003",2026-07-01 00:03:50.000000,2026-07-01 00:09:09.000000,2026-07-01 00:09:14.000000,2026-07-01 00:29:42.000000,129,"Jackson Heights","Queens",80,"East Williamsburg","Brooklyn",5.53,20.466667,5.4,5.3166666,0.083333336,"observed","valid",true,true,true,false,false,0,2,false,"overnight_00_05",2026-07-01 00:00:00.000000,26.8,0,12.6,"dry"
342,"HV0003",2026-07-01 00:28:26.000000,2026-07-01 00:37:29.000000,2026-07-01 00:38:23.000000,2026-07-01 00:51:00.000000,256,"Williamsburg (South Side)","Brooklyn",112,"Greenpoint","Brooklyn",2.12,12.616667,9.95,9.05,0.9,"observed","valid",true,true,true,false,false,0,2,false,"overnight_00_05",2026-07-01 00:00:00.000000,26.8,0,12.6,"dry"
343,"HV0003",2026-07-01 00:04:41.000000,2026-07-01 00:07:02.000000,2026-07-01 00:07:11.000000,2026-07-01 00:19:49.000000,33,"Brooklyn Heights","Brooklyn",256,"Williamsburg (South Side)","Brooklyn",4.01,12.633333,2.5,2.35,0.15,"observed","valid",true,true,true,false,false,0,2,false,"overnight_00_05",2026-07-01 00:00:00.000000,26.8,0,12.6,"dry"
344,"HV0003",2026-07-01 00:05:37.000000,2026-07-01 00:21:42.000000,2026-07-01 00:22:49.000000,2026-07-01 00:39:04.000000,256,"Williamsburg (South Side)","Brooklyn",36,"Bushwick North","Brooklyn",3.09,16.25,17.2,16.083334,1.1166667,"observed","valid",true,true,true,false,false,0,2,false,"overnight_00_05",2026-07-01 00:00:00.000000,26.8,0,12.6,"dry"
345,"HV0003",2026-07-01 00:39:43.000000,2026-07-01 00:42:10.000000,2026-07-01 00:44:08.000000,2026-07-01 00:55:21.000000,36,"Bushwick North","Brooklyn",102,"Glendale","Queens",1.66,11.216666,4.4166665,2.45,1.9666667,"observed","valid",true,true,true,false,false,0,2,false,"overnight_00_05",2026-07-01 00:00:00.000000,26.8,0,12.6,"dry"
346,"HV0005",2026-07-01 00:25:02.000000,2026-07-01 00:31:48.000000,2026-07-01 00:33:01.000000,2026-07-01 00:43:49.000000,235,"University Heights/Morris Heights","Bronx",235,"University Heights/Morris Heights","Bronx",1.902,10.8,7.983333,6.766667,1.2166667,"observed","valid",true,true,true,false,false,0,2,false,"overnight_00_05",2026-07-01 00:00:00.000000,26.8,0,12.6,"dry"
347,"HV0003",2026-07-01 00:11:36.000000,2026-07-01 00:15:07.000000,2026-07-01 00:15:43.000000,2026-07-01 00:24:34.000000,145,"Long Island City/Hunters Point","Queens",233,"UN/Turtle Bay South","Manhattan",2.56,8.85,4.116667,3.5166667,0.6,"observed","valid",true,true,true,false,false,0,2,false,"overnight_00_05",2026-07-01 00:00:00.000000,26.8,0,12.6,"dry"
348,"HV0003",2026-07-01 00:25:00.000000,2026-07-01 00:28:15.000000,2026-07-01 00:28:20.000000,2026-07-01 00:46:39.000000,162,"Midtown East","Manhattan",265,"Outside of NYC","N/A",6.25,18.316668,3.3333333,3.25,0.083333336,"observed","valid",true,true,true,true,false,0,2,false,"overnight_00_05",2026-07-01 00:00:00.000000,26.8,0,12.6,"dry"
349,"HV0003",2026-06-30 23:47:03.000000,2026-07-01 00:03:19.000000,2026-07-01 00:05:19.000000,2026-07-01 00:19:09.000000,35,"Brownsville","Brooklyn",63,"Cypress Hills","Brooklyn",2.49,13.833333,18.266666,16.266666,2,"observed","valid",true,true,true,false,false,23,1,false,"evening_20_23",2026-06-30 23:00:00.000000,27.9,0,13.3,"dry"
350,"HV0003",2026-07-01 00:27:24.000000,2026-07-01 00:31:03.000000,2026-07-01 00:31:41.000000,2026-07-01 00:47:35.000000,77,"East New York/Pennsylvania Avenue","Brooklyn",39,"Canarsie","Brooklyn",3.16,15.9,4.2833333,3.65,0.6333333,"observed","valid",true,true,true,false,false,0,2,false,"overnight_00_05",2026-07-01 00:00:00.000000,26.8,0,12.6,"dry"
351,"HV0005",2026-07-01 00:51:46.000000,2026-07-01 00:58:56.000000,2026-07-01 00:59:12.000000,2026-07-01 01:04:56.000000,39,"Canarsie","Brooklyn",39,"Canarsie","Brooklyn",1.2,5.733333,7.4333334,7.1666665,0.26666668,"observed","valid",true,true,true,false,false,0,2,false,"overnight_00_05",2026-07-01 00:00:00.000000,26.8,0,12.6,"dry"
352,"HV0003",2026-07-01 00:14:08.000000,2026-07-01 00:18:38.000000,2026-07-01 00:19:52.000000,2026-07-01 00:33:36.000000,225,"Stuyvesant Heights","Brooklyn",256,"Williamsburg (South Side)","Brooklyn",2.13,13.733334,5.733333,4.5,1.2333333,"observed","valid",true,true,true,false,false,0,2,false,"overnight_00_05",2026-07-01 00:00:00.000000,26.8,0,12.6,"dry"
353,"HV0003",2026-07-01 00:31:33.000000,2026-07-01 00:34:46.000000,2026-07-01 00:35:26.000000,2026-07-01 00:47:36.000000,256,"Williamsburg (South Side)","Brooklyn",61,"Crown Heights North","Brooklyn",2.97,12.166667,3.8833334,3.2166667,0.6666667,"observed","valid",true,true,true,false,false,0,2,false,"overnight_00_05",2026-07-01 00:00:00.000000,26.8,0,12.6,"dry"
354,"HV0003",2026-07-01 00:56:09.000000,2026-07-01 00:57:42.000000,2026-07-01 00:57:42.000000,2026-07-01 01:04:56.000000,177,"Ocean Hill","Brooklyn",76,"East New York","Brooklyn",1.73,7.233333,1.55,1.55,0,"same_as_pickup","valid",true,false,true,false,false,0,2,false,"overnight_00_05",2026-07-01 00:00:00.000000,26.8,0,12.6,"dry"
355,"HV0003",2026-07-01 00:05:37.000000,2026-07-01 00:10:01.000000,2026-07-01 00:10:21.000000,2026-07-01 00:22:37.000000,83,"Elmhurst/Maspeth","Queens",56,"Corona","Queens",2.49,12.266666,4.733333,4.4,0.33333334,"observed","valid",true,true,true,false,false,0,2,false,"overnight_00_05",2026-07-01 00:00:00.000000,26.8,0,12.6,"dry"
356,"HV0003",2026-07-01 00:04:44.000000,2026-07-01 00:26:37.000000,2026-07-01 00:28:18.000000,2026-07-01 00:59:20.000000,173,"North Corona","Queens",227,"Sunset Park East","Brooklyn",17.09,31.033333,23.566668,21.883333,1.6833333,"observed","valid",true,true,true,false,false,0,2,false,"overnight_00_05",2026-07-01 00:00:00.000000,26.8,0,12.6,"dry"
357,"HV0003",2026-07-01 00:13:04.000000,2026-07-01 00:18:00.000000,2026-07-01 00:18:05.000000,2026-07-01 00:30:56.000000,25,"Boerum Hill","Brooklyn",112,"Greenpoint","Brooklyn",4.43,12.85,5.016667,4.9333334,0.083333336,"observed","valid",true,true,true,false,false,0,2,false,"overnight_00_05",2026-07-01 00:00:00.000000,26.8,0,12.6,"dry"
358,"HV0003",2026-07-01 00:26:12.000000,2026-07-01 00:33:28.000000,2026-07-01 00:34:30.000000,2026-07-01 00:39:24.000000,112,"Greenpoint","Brooklyn",255,"Williamsburg (North Side)","Brooklyn",0.87,4.9,8.3,7.266667,1.0333333,"observed","valid",true,true,true,false,false,0,2,false,"overnight_00_05",2026-07-01 00:00:00.000000,26.8,0,12.6,"dry"
359,"HV0003",2026-07-01 00:35:27.000000,2026-07-01 00:43:36.000000,2026-07-01 00:45:23.000000,2026-07-01 00:54:56.000000,255,"Williamsburg (North Side)","Brooklyn",232,"Two Bridges/Seward Park","Manhattan",2.36,9.55,9.933333,8.15,1.7833333,"observed","valid",true,true,true,false,false,0,2,false,"overnight_00_05",2026-07-01 00:00:00.000000,26.8,0,12.6,"dry"
360,"HV0003",2026-06-30 23:58:19.000000,2026-07-01 00:01:21.000000,2026-07-01 00:02:04.000000,2026-07-01 00:23:45.000000,36,"Bushwick North","Brooklyn",188,"Prospect-Lefferts Gardens","Brooklyn",4.61,21.683332,3.75,3.0333333,0.71666664,"observed","valid",true,true,true,false,false,23,1,false,"evening_20_23",2026-06-30 23:00:00.000000,27.9,0,13.3,"dry"
361,"HV0003",2026-07-01 00:25:40.000000,2026-07-01 00:27:57.000000,2026-07-01 00:29:56.000000,2026-07-01 00:40:02.000000,188,"Prospect-Lefferts Gardens","Brooklyn",61,"Crown Heights North","Brooklyn",2.3,10.1,4.266667,2.2833333,1.9833333,"observed","valid",true,true,true,false,false,0,2,false,"overnight_00_05",2026-07-01 00:00:00.000000,26.8,0,12.6,"dry"
362,"HV0003",2026-07-01 00:48:19.000000,2026-07-01 00:51:41.000000,2026-07-01 00:51:44.000000,2026-07-01 00:59:39.000000,17,"Bedford","Brooklyn",217,"South Williamsburg","Brooklyn",1.23,7.9166665,3.4166667,3.3666666,0.05,"observed","valid",true,true,true,false,false,0,2,false,"overnight_00_05",2026-07-01 00:00:00.000000,26.8,0,12.6,"dry"
363,"HV0003",2026-07-01 00:51:41.000000,2026-07-01 00:55:57.000000,2026-07-01 00:57:57.000000,2026-07-01 01:23:23.000000,164,"Midtown South","Manhattan",129,"Jackson Heights","Queens",7.64,25.433332,6.266667,4.266667,2,"observed","valid",true,true,true,false,false,0,2,false,"overnight_00_05",2026-07-01 00:00:00.000000,26.8,0,12.6,"dry"
364,"HV0003",2026-07-01 00:02:39.000000,2026-07-01 00:02:53.000000,2026-07-01 00:04:32.000000,2026-07-01 00:26:58.000000,145,"Long Island City/Hunters Point","Queens",244,"Washington Heights South","Manhattan",10.11,22.433332,1.8833333,0.23333333,1.65,"observed","valid",true,true,true,false,false,0,2,false,"overnight_00_05",2026-07-01 00:00:00.000000,26.8,0,12.6,"dry"
365,"HV0003",2026-07-01 00:19:35.000000,2026-07-01 00:28:29.000000,2026-07-01 00:29:04.000000,2026-07-01 00:39:23.000000,244,"Washington Heights South","Manhattan",69,"East Concourse/Concourse Village","Bronx",3.36,10.316667,9.483334,8.9,0.5833333,"observed","valid",true,true,true,false,false,0,2,false,"overnight_00_05",2026-07-01 00:00:00.000000,26.8,0,12.6,"dry"
366,"HV0003",2026-07-01 00:41:25.000000,2026-07-01 00:42:33.000000,2026-07-01 00:42:38.000000,2026-07-01 00:46:03.000000,247,"West Concourse","Bronx",119,"Highbridge","Bronx",0.72,3.4166667,1.2166667,1.1333333,0.083333336,"observed","valid",true,true,true,false,false,0,2,false,"overnight_00_05",2026-07-01 00:00:00.000000,26.8,0,12.6,"dry"
367,"HV0003",2026-06-30 23:48:34.000000,2026-07-01 00:01:40.000000,2026-07-01 00:02:49.000000,2026-07-01 00:12:29.000000,177,"Ocean Hill","Brooklyn",37,"Bushwick South","Brooklyn",1.76,9.666667,14.25,13.1,1.15,"observed","valid",true,true,true,false,false,23,1,false,"evening_20_23",2026-06-30 23:00:00.000000,27.9,0,13.3,"dry"
368,"HV0003",2026-07-01 00:13:49.000000,2026-07-01 00:21:32.000000,2026-07-01 00:21:45.000000,2026-07-01 00:40:31.000000,37,"Bushwick South","Brooklyn",209,"Seaport","Manhattan",5.31,18.766666,7.9333334,7.7166667,0.21666667,"observed","valid",true,true,true,false,false,0,2,false,"overnight_00_05",2026-07-01 00:00:00.000000,26.8,0,12.6,"dry"
369,"HV0003",2026-07-01 00:40:13.000000,2026-07-01 00:40:36.000000,2026-07-01 00:41:50.000000,2026-07-01 00:47:59.000000,209,"Seaport","Manhattan",88,"Financial District South","Manhattan",0.98,6.15,1.6166667,0.38333333,1.2333333,"observed","valid",true,true,true,false,false,0,2,false,"overnight_00_05",2026-07-01 00:00:00.000000,26.8,0,12.6,"dry"
370,"HV0003",2026-06-30 23:59:28.000000,2026-07-01 00:05:01.000000,2026-07-01 00:05:20.000000,2026-07-01 00:10:52.000000,129,"Jackson Heights","Queens",129,"Jackson Heights","Queens",0.56,5.5333333,5.866667,5.55,0.31666666,"observed","valid",true,true,true,false,false,23,1,false,"evening_20_23",2026-06-30 23:00:00.000000,27.9,0,13.3,"dry"
371,"HV0003",2026-07-01 00:04:49.000000,2026-07-01 00:11:33.000000,2026-07-01 00:13:01.000000,2026-07-01 00:26:52.000000,129,"Jackson Heights","Queens",226,"Sunnyside","Queens",1.83,13.85,8.2,6.733333,1.4666667,"observed","valid",true,true,true,false,false,0,2,false,"overnight_00_05",2026-07-01 00:00:00.000000,26.8,0,12.6,"dry"
372,"HV0003",2026-07-01 00:09:58.000000,2026-07-01 00:31:05.000000,2026-07-01 00:31:34.000000,2026-07-01 00:48:20.000000,226,"Sunnyside","Queens",160,"Middle Village","Queens",5.49,16.766666,21.6,21.116667,0.48333332,"observed","valid",true,true,true,false,false,0,2,false,"overnight_00_05",2026-07-01 00:00:00.000000,26.8,0,12.6,"dry"
373,"HV0003",2026-07-01 00:50:49.000000,2026-07-01 00:53:57.000000,2026-07-01 00:54:25.000000,2026-07-01 01:01:27.000000,160,"Middle Village","Queens",102,"Glendale","Queens",1.39,7.0333333,3.6,3.1333334,0.46666667,"observed","valid",true,true,true,false,false,0,2,false,"overnight_00_05",2026-07-01 00:00:00.000000,26.8,0,12.6,"dry"
374,"HV0003",2026-07-01 00:13:57.000000,2026-07-01 00:18:20.000000,2026-07-01 00:21:43.000000,2026-07-01 00:37:49.000000,75,"East Harlem South","Manhattan",50,"Clinton West","Manhattan",4.74,16.1,7.766667,4.383333,3.3833334,"observed","valid",true,true,true,false,false,0,2,false,"overnight_00_05",2026-07-01 00:00:00.000000,26.8,0,12.6,"dry"
375,"HV0003",2026-07-01 00:03:17.000000,2026-07-01 00:03:57.000000,2026-07-01 00:05:27.000000,2026-07-01 00:08:47.000000,260,"Woodside","Queens",226,"Sunnyside","Queens",0.42,3.3333333,2.1666667,0.6666667,1.5,"observed","valid",true,true,true,false,false,0,2,false,"overnight_00_05",2026-07-01 00:00:00.000000,26.8,0,12.6,"dry"
376,"HV0003",2026-07-01 00:08:45.000000,2026-07-01 00:17:01.000000,2026-07-01 00:17:16.000000,2026-07-01 00:25:33.000000,226,"Sunnyside","Queens",83,"Elmhurst/Maspeth","Queens",1.43,8.283334,8.516666,8.266666,0.25,"observed","valid",true,true,true,false,false,0,2,false,"overnight_00_05",2026-07-01 00:00:00.000000,26.8,0,12.6,"dry"
377,"HV0003",2026-07-01 00:19:16.000000,2026-07-01 00:28:29.000000,2026-07-01 00:29:56.000000,2026-07-01 00:37:46.000000,83,"Elmhurst/Maspeth","Queens",223,"Steinway","Queens",3.21,7.8333335,10.666667,9.216666,1.45,"observed","valid",true,true,true,false,false,0,2,false,"overnight_00_05",2026-07-01 00:00:00.000000,26.8,0,12.6,"dry"
378,"HV0003",2026-07-01 00:31:13.000000,2026-07-01 00:42:12.000000,2026-07-01 00:42:12.000000,2026-07-01 01:05:29.000000,223,"Steinway","Queens",82,"Elmhurst","Queens",4.28,23.283333,10.983334,10.983334,0,"same_as_pickup","valid",true,false,true,false,false,0,2,false,"overnight_00_05",2026-07-01 00:00:00.000000,26.8,0,12.6,"dry"
379,"HV0005",2026-07-01 00:08:52.000000,2026-07-01 00:13:16.000000,2026-07-01 00:13:39.000000,2026-07-01 00:19:50.000000,243,"Washington Heights North","Manhattan",243,"Washington Heights North","Manhattan",1.008,6.1833334,4.7833333,4.4,0.38333333,"observed","valid",true,true,true,false,false,0,2,false,"overnight_00_05",2026-07-01 00:00:00.000000,26.8,0,12.6,"dry"
380,"HV0005",2026-07-01 00:20:08.000000,2026-07-01 00:24:01.000000,2026-07-01 00:25:10.000000,2026-07-01 00:29:45.000000,127,"Inwood","Manhattan",153,"Marble Hill","Manhattan",1.147,4.5833335,5.0333333,3.8833334,1.15,"observed","valid",true,true,true,false,false,0,2,false,"overnight_00_05",2026-07-01 00:00:00.000000,26.8,0,12.6,"dry"
381,"HV0005",2026-07-01 00:29:39.000000,2026-07-01 00:33:36.000000,2026-07-01 00:34:35.000000,2026-07-01 00:57:27.000000,127,"Inwood","Manhattan",166,"Morningside Heights","Manhattan",5.537,22.866667,4.9333334,3.95,0.98333335,"observed","valid",true,true,true,false,false,0,2,false,"overnight_00_05",2026-07-01 00:00:00.000000,26.8,0,12.6,"dry"
382,"HV0003",2026-07-01 00:09:18.000000,2026-07-01 00:12:04.000000,2026-07-01 00:14:02.000000,2026-07-01 00:25:30.000000,7,"Astoria","Queens",129,"Jackson Heights","Queens",2.27,11.466666,4.733333,2.7666667,1.9666667,"observed","valid",true,true,true,false,false,0,2,false,"overnight_00_05",2026-07-01 00:00:00.000000,26.8,0,12.6,"dry"
383,"HV0003",2026-07-01 00:01:56.000000,2026-07-01 00:04:24.000000,2026-07-01 00:06:18.000000,2026-07-01 00:17:55.000000,22,"Bensonhurst West","Brooklyn",227,"Sunset Park East","Brooklyn",2.59,11.616667,4.366667,2.4666667,1.9,"observed","valid",true,true,true,false,false,0,2,false,"overnight_00_05",2026-07-01 00:00:00.000000,26.8,0,12.6,"dry"
384,"HV0003",2026-07-01 00:16:59.000000,2026-07-01 00:25:32.000000,2026-07-01 00:25:49.000000,2026-07-01 00:48:30.000000,26,"Borough Park","Brooklyn",23,"Bloomfield/Emerson Hill","Staten Island",9.5,22.683332,8.833333,8.55,0.28333333,"observed","valid",true,true,true,false,false,0,2,false,"overnight_00_05",2026-07-01 00:00:00.000000,26.8,0,12.6,"dry"
385,"HV0003",2026-07-01 00:52:51.000000,2026-07-01 00:58:36.000000,2026-07-01 00:59:44.000000,2026-07-01 01:08:34.000000,6,"Arrochar/Fort Wadsworth","Staten Island",221,"Stapleton","Staten Island",3.26,8.833333,6.883333,5.75,1.1333333,"observed","valid",true,true,true,false,false,0,2,false,"overnight_00_05",2026-07-01 00:00:00.000000,26.8,0,12.6,"dry"
386,"HV0005",2026-07-01 00:36:33.000000,2026-07-01 00:39:57.000000,2026-07-01 00:42:29.000000,2026-07-01 00:48:25.000000,50,"Clinton West","Manhattan",186,"Penn Station/Madison Sq West","Manhattan",1.373,5.9333334,5.9333334,3.4,2.5333333,"observed","valid",true,true,true,false,false,0,2,false,"overnight_00_05",2026-07-01 00:00:00.000000,26.8,0,12.6,"dry"
387,"HV0005",2026-07-01 00:47:57.000000,2026-07-01 00:48:44.000000,2026-07-01 00:52:09.000000,2026-07-01 01:31:33.000000,186,"Penn Station/Madison Sq West","Manhattan",265,"Outside of NYC","N/A",24.36,39.4,4.2,0.78333336,3.4166667,"observed","valid",true,true,true,false,true,0,2,false,"overnight_00_05",2026-07-01 00:00:00.000000,26.8,0,12.6,"dry"
388,"HV0005",2026-07-01 00:19:16.000000,2026-07-01 00:29:33.000000,2026-07-01 00:31:07.000000,2026-07-01 00:56:59.000000,179,"Old Astoria","Queens",53,"College Point","Queens",8.244,25.866667,11.85,10.283334,1.5666667,"observed","valid",true,true,true,false,false,0,2,false,"overnight_00_05",2026-07-01 00:00:00.000000,26.8,0,12.6,"dry"
389,"HV0003",2026-07-01 00:18:38.000000,2026-07-01 00:23:48.000000,2026-07-01 00:24:07.000000,2026-07-01 00:49:48.000000,255,"Williamsburg (North Side)","Brooklyn",198,"Ridgewood","Queens",5.31,25.683332,5.483333,5.1666665,0.31666666,"observed","valid",true,true,true,false,false,0,2,false,"overnight_00_05",2026-07-01 00:00:00.000000,26.8,0,12.6,"dry"
390,"HV0003",2026-07-01 00:28:23.000000,2026-07-01 00:36:52.000000,2026-07-01 00:37:18.000000,2026-07-01 01:11:09.000000,256,"Williamsburg (South Side)","Brooklyn",173,"North Corona","Queens",8.12,33.85,8.916667,8.483334,0.43333334,"observed","valid",true,true,true,false,false,0,2,false,"overnight_00_05",2026-07-01 00:00:00.000000,26.8,0,12.6,"dry"
391,"HV0003",2026-07-01 00:17:11.000000,2026-07-01 00:20:57.000000,2026-07-01 00:21:08.000000,2026-07-01 00:44:33.000000,225,"Stuyvesant Heights","Brooklyn",106,"Gowanus","Brooklyn",3.78,23.416666,3.95,3.7666667,0.18333334,"observed","valid",true,true,true,false,false,0,2,false,"overnight_00_05",2026-07-01 00:00:00.000000,26.8,0,12.6,"dry"
392,"HV0003",2026-07-01 00:04:32.000000,2026-07-01 00:14:02.000000,2026-07-01 00:14:36.000000,2026-07-01 00:20:34.000000,82,"Elmhurst","Queens",83,"Elmhurst/Maspeth","Queens",1.05,5.9666667,10.066667,9.5,0.56666666,"observed","valid",true,true,true,false,false,0,2,false,"overnight_00_05",2026-07-01 00:00:00.000000,26.8,0,12.6,"dry"
393,"HV0003",2026-07-01 00:18:16.000000,2026-07-01 00:24:02.000000,2026-07-01 00:24:10.000000,2026-07-01 00:31:48.000000,83,"Elmhurst/Maspeth","Queens",82,"Elmhurst","Queens",1.25,7.633333,5.9,5.766667,0.13333334,"observed","valid",true,true,true,false,false,0,2,false,"overnight_00_05",2026-07-01 00:00:00.000000,26.8,0,12.6,"dry"
394,"HV0003",2026-07-01 00:24:49.000000,2026-07-01 00:34:10.000000,2026-07-01 00:35:17.000000,2026-07-01 00:48:04.000000,82,"Elmhurst","Queens",173,"North Corona","Queens",1.76,12.783334,10.466666,9.35,1.1166667,"observed","valid",true,true,true,false,false,0,2,false,"overnight_00_05",2026-07-01 00:00:00.000000,26.8,0,12.6,"dry"
395,"HV0003",2026-07-01 00:47:30.000000,2026-07-01 00:55:22.000000,2026-07-01 00:55:50.000000,2026-07-01 01:02:50.000000,173,"North Corona","Queens",173,"North Corona","Queens",0.84,7,8.333333,7.866667,0.46666667,"observed","valid",true,true,true,false,false,0,2,false,"overnight_00_05",2026-07-01 00:00:00.000000,26.8,0,12.6,"dry"
396,"HV0003",2026-07-01 00:24:51.000000,2026-07-01 00:27:33.000000,2026-07-01 00:28:18.000000,2026-07-01 00:33:57.000000,126,"Hunts Point","Bronx",248,"West Farms/Bronx River","Bronx",0.98,5.65,3.45,2.7,0.75,"observed","valid",true,true,true,false,false,0,2,false,"overnight_00_05",2026-07-01 00:00:00.000000,26.8,0,12.6,"dry"
397,"HV0003",2026-07-01 00:38:05.000000,2026-07-01 00:39:53.000000,2026-07-01 00:40:25.000000,2026-07-01 00:50:33.000000,248,"West Farms/Bronx River","Bronx",168,"Mott Haven/Port Morris","Bronx",3.77,10.133333,2.3333333,1.8,0.53333336,"observed","valid",true,true,true,false,false,0,2,false,"overnight_00_05",2026-07-01 00:00:00.000000,26.8,0,12.6,"dry"
398,"HV0003",2026-07-01 00:38:56.000000,2026-07-01 00:40:04.000000,2026-07-01 00:40:51.000000,2026-07-01 01:14:59.000000,39,"Canarsie","Brooklyn",223,"Steinway","Queens",17.12,34.133335,1.9166666,1.1333333,0.78333336,"observed","valid",true,true,true,false,false,0,2,false,"overnight_00_05",2026-07-01 00:00:00.000000,26.8,0,12.6,"dry"
399,"HV0003",2026-07-01 00:41:59.000000,2026-07-01 00:50:41.000000,2026-07-01 00:51:13.000000,2026-07-01 00:57:01.000000,131,"Jamaica Estates","Queens",131,"Jamaica Estates","Queens",1.76,5.8,9.233334,8.7,0.53333336,"observed","valid",true,true,true,false,false,0,2,false,"overnight_00_05",2026-07-01 00:00:00.000000,26.8,0,12.6,"dry"
400,"HV0003",2026-07-01 00:37:44.000000,2026-07-01 00:39:58.000000,2026-07-01 00:43:37.000000,2026-07-01 00:54:23.000000,162,"Midtown East","Manhattan",263,"Yorkville West","Manhattan",3.07,10.766666,5.883333,2.2333333,3.65,"observed","valid",true,true,true,false,false,0,2,false,"overnight_00_05",2026-07-01 00:00:00.000000,26.8,0,12.6,"dry"
401,"HV0005",2026-07-01 00:11:34.000000,2026-07-01 00:16:31.000000,2026-07-01 00:17:04.000000,2026-07-01 00:25:24.000000,54,"Columbia Street","Brooklyn",257,"Windsor Terrace","Brooklyn",3.306,8.333333,5.5,4.95,0.55,"observed","valid",true,true,true,false,false,0,2,false,"overnight_00_05",2026-07-01 00:00:00.000000,26.8,0,12.6,"dry"
402,"HV0003",2026-07-01 00:31:15.000000,2026-07-01 00:34:51.000000,2026-07-01 00:36:51.000000,2026-07-01 01:02:01.000000,89,"Flatbush/Ditmas Park","Brooklyn",39,"Canarsie","Brooklyn",4.67,25.166666,5.6,3.6,2,"observed","valid",true,true,true,false,false,0,2,false,"overnight_00_05",2026-07-01 00:00:00.000000,26.8,0,12.6,"dry"
403,"HV0003",2026-07-01 00:07:02.000000,2026-07-01 00:09:57.000000,2026-07-01 00:10:19.000000,2026-07-01 00:23:54.000000,256,"Williamsburg (South Side)","Brooklyn",36,"Bushwick North","Brooklyn",2.63,13.583333,3.2833333,2.9166667,0.36666667,"observed","valid",true,true,true,false,false,0,2,false,"overnight_00_05",2026-07-01 00:00:00.000000,26.8,0,12.6,"dry"
404,"HV0003",2026-07-01 00:08:25.000000,2026-07-01 00:26:13.000000,2026-07-01 00:27:36.000000,2026-07-01 00:41:35.000000,36,"Bushwick North","Brooklyn",49,"Clinton Hill","Brooklyn",2.89,13.983334,19.183332,17.8,1.3833333,"observed","valid",true,true,true,false,false,0,2,false,"overnight_00_05",2026-07-01 00:00:00.000000,26.8,0,12.6,"dry"
405,"HV0003",2026-07-01 00:18:21.000000,2026-07-01 00:19:45.000000,2026-07-01 00:20:45.000000,2026-07-01 00:28:38.000000,137,"Kips Bay","Manhattan",161,"Midtown Center","Manhattan",1.45,7.883333,2.4,1.4,1,"observed","valid",true,true,true,false,false,0,2,false,"overnight_00_05",2026-07-01 00:00:00.000000,26.8,0,12.6,"dry"
406,"HV0003",2026-07-01 00:27:13.000000,2026-07-01 00:29:53.000000,2026-07-01 00:31:53.000000,2026-07-01 00:56:19.000000,161,"Midtown Center","Manhattan",202,"Roosevelt Island","Manhattan",5.14,24.433332,4.6666665,2.6666667,2,"observed","valid",true,true,true,false,false,0,2,false,"overnight_00_05",2026-07-01 00:00:00.000000,26.8,0,12.6,"dry"
407,"HV0003",2026-07-01 00:13:01.000000,2026-07-01 00:16:15.000000,2026-07-01 00:17:37.000000,2026-07-01 00:45:19.000000,41,"Central Harlem","Manhattan",148,"Lower East Side","Manhattan",9.23,27.7,4.6,3.2333333,1.3666667,"observed","valid",true,true,true,false,false,0,2,false,"overnight_00_05",2026-07-01 00:00:00.000000,26.8,0,12.6,"dry"
408,"HV0003",2026-07-01 00:44:43.000000,2026-07-01 00:47:59.000000,2026-07-01 00:48:34.000000,2026-07-01 01:15:02.000000,148,"Lower East Side","Manhattan",74,"East Harlem North","Manhattan",8.67,26.466667,3.85,3.2666667,0.5833333,"observed","valid",true,true,true,false,false,0,2,false,"overnight_00_05",2026-07-01 00:00:00.000000,26.8,0,12.6,"dry"
409,"HV0003",2026-07-01 00:01:11.000000,2026-07-01 00:03:38.000000,2026-07-01 00:04:15.000000,2026-07-01 00:16:15.000000,48,"Clinton East","Manhattan",265,"Outside of NYC","N/A",3.86,12,3.0666666,2.45,0.6166667,"observed","valid",true,true,true,false,false,0,2,false,"overnight_00_05",2026-07-01 00:00:00.000000,26.8,0,12.6,"dry"
410,"HV0005",2026-07-01 00:02:14.000000,2026-07-01 00:08:14.000000,2026-07-01 00:08:31.000000,2026-07-01 00:19:49.000000,255,"Williamsburg (North Side)","Brooklyn",145,"Long Island City/Hunters Point","Queens",2.295,11.3,6.2833333,6,0.28333333,"observed","valid",true,true,true,false,false,0,2,false,"overnight_00_05",2026-07-01 00:00:00.000000,26.8,0,12.6,"dry"
411,"HV0003",2026-07-01 00:05:33.000000,2026-07-01 00:06:42.000000,2026-07-01 00:07:02.000000,2026-07-01 00:14:29.000000,257,"Windsor Terrace","Brooklyn",133,"Kensington","Brooklyn",1.91,7.45,1.4833333,1.15,0.33333334,"observed","valid",true,true,true,false,false,0,2,false,"overnight_00_05",2026-07-01 00:00:00.000000,26.8,0,12.6,"dry"
412,"HV0003",2026-07-01 00:10:23.000000,2026-07-01 00:19:22.000000,2026-07-01 00:20:54.000000,2026-07-01 00:35:29.000000,228,"Sunset Park West","Brooklyn",189,"Prospect Heights","Brooklyn",2.45,14.583333,10.516666,8.983334,1.5333333,"observed","valid",true,true,true,false,false,0,2,false,"overnight_00_05",2026-07-01 00:00:00.000000,26.8,0,12.6,"dry"
413,"HV0003",2026-07-01 00:24:14.000000,2026-07-01 00:36:43.000000,2026-07-01 00:36:53.000000,2026-07-01 01:00:32.000000,189,"Prospect Heights","Brooklyn",198,"Ridgewood","Queens",5.26,23.65,12.65,12.483334,0.16666667,"observed","valid",true,true,true,false,false,0,2,false,"overnight_00_05",2026-07-01 00:00:00.000000,26.8,0,12.6,"dry"
414,"HV0003",2026-07-01 00:10:56.000000,2026-07-01 00:17:28.000000,2026-07-01 00:17:39.000000,2026-07-01 00:36:05.000000,29,"Brighton Beach","Brooklyn",39,"Canarsie","Brooklyn",8.62,18.433332,6.7166667,6.5333333,0.18333334,"observed","valid",true,true,true,false,false,0,2,false,"overnight_00_05",2026-07-01 00:00:00.000000,26.8,0,12.6,"dry"
415,"HV0003",2026-07-01 00:38:38.000000,2026-07-01 00:42:33.000000,2026-07-01 00:42:48.000000,2026-07-01 00:59:21.000000,155,"Marine Park/Mill Basin","Brooklyn",61,"Crown Heights North","Brooklyn",3.63,16.55,4.1666665,3.9166667,0.25,"observed","valid",true,true,true,false,false,0,2,false,"overnight_00_05",2026-07-01 00:00:00.000000,26.8,0,12.6,"dry"
416,"HV0003",2026-07-01 00:03:56.000000,2026-07-01 00:07:34.000000,2026-07-01 00:08:12.000000,2026-07-01 00:17:52.000000,160,"Middle Village","Queens",198,"Ridgewood","Queens",2.23,9.666667,4.266667,3.6333334,0.6333333,"observed","valid",true,true,true,false,false,0,2,false,"overnight_00_05",2026-07-01 00:00:00.000000,26.8,0,12.6,"dry"
417,"HV0003",2026-07-01 00:15:35.000000,2026-07-01 00:25:06.000000,2026-07-01 00:25:27.000000,2026-07-01 00:36:17.000000,36,"Bushwick North","Brooklyn",225,"Stuyvesant Heights","Brooklyn",2.45,10.833333,9.866667,9.516666,0.35,"observed","valid",true,true,true,false,false,0,2,false,"overnight_00_05",2026-07-01 00:00:00.000000,26.8,0,12.6,"dry"
418,"HV0005",2026-07-01 00:44:39.000000,2026-07-01 00:47:52.000000,2026-07-01 00:48:04.000000,2026-07-01 01:14:38.000000,80,"East Williamsburg","Brooklyn",7,"Astoria","Queens",5.518,26.566668,3.4166667,3.2166667,0.2,"observed","valid",true,true,true,false,false,0,2,false,"overnight_00_05",2026-07-01 00:00:00.000000,26.8,0,12.6,"dry"
419,"HV0005",2026-06-30 23:57:37.000000,2026-07-01 00:00:20.000000,2026-07-01 00:00:25.000000,2026-07-01 00:17:25.000000,25,"Boerum Hill","Brooklyn",228,"Sunset Park West","Brooklyn",4.988,17,2.8,2.7166667,0.083333336,"observed","valid",true,true,true,false,false,23,1,false,"evening_20_23",2026-06-30 23:00:00.000000,27.9,0,13.3,"dry"
420,"HV0005",2026-07-01 00:33:21.000000,2026-07-01 00:38:06.000000,2026-07-01 00:38:21.000000,2026-07-01 00:50:04.000000,133,"Kensington","Brooklyn",91,"Flatlands","Brooklyn",2.85,11.716666,5,4.75,0.25,"observed","valid",true,true,true,false,false,0,2,false,"overnight_00_05",2026-07-01 00:00:00.000000,26.8,0,12.6,"dry"
421,"HV0005",2026-07-01 00:31:06.000000,2026-07-01 00:37:06.000000,2026-07-01 00:37:27.000000,2026-07-01 00:46:31.000000,209,"Seaport","Manhattan",148,"Lower East Side","Manhattan",2.87,9.066667,6.35,6,0.35,"observed","valid",true,true,true,false,false,0,2,false,"overnight_00_05",2026-07-01 00:00:00.000000,26.8,0,12.6,"dry"
422,"HV0005",2026-07-01 00:54:54.000000,2026-07-01 00:57:03.000000,2026-07-01 00:57:46.000000,2026-07-01 01:24:03.000000,114,"Greenwich Village South","Manhattan",188,"Prospect-Lefferts Gardens","Brooklyn",6.774,26.283333,2.8666666,2.15,0.71666664,"observed","valid",true,true,true,false,false,0,2,false,"overnight_00_05",2026-07-01 00:00:00.000000,26.8,0,12.6,"dry"
423,"HV0005",2026-07-01 00:09:23.000000,2026-07-01 00:15:41.000000,2026-07-01 00:15:47.000000,2026-07-01 00:23:01.000000,171,"Murray Hill-Queens","Queens",16,"Bayside","Queens",1.727,7.233333,6.4,6.3,0.1,"observed","valid",true,true,true,false,false,0,2,false,"overnight_00_05",2026-07-01 00:00:00.000000,26.8,0,12.6,"dry"
424,"HV0005",2026-07-01 00:23:34.000000,2026-07-01 00:33:10.000000,2026-07-01 00:36:16.000000,2026-07-01 00:41:00.000000,15,"Bay Terrace/Fort Totten","Queens",15,"Bay Terrace/Fort Totten","Queens",0.857,4.733333,12.7,9.6,3.1,"observed","valid",true,true,true,false,true,0,2,false,"overnight_00_05",2026-07-01 00:00:00.000000,26.8,0,12.6,"dry"
425,"HV0003",2026-07-01 00:22:48.000000,2026-07-01 00:23:36.000000,2026-07-01 00:24:21.000000,2026-07-01 00:37:35.000000,75,"East Harlem South","Manhattan",159,"Melrose South","Bronx",3.28,13.233334,1.55,0.8,0.75,"observed","valid",true,true,true,false,false,0,2,false,"overnight_00_05",2026-07-01 00:00:00.000000,26.8,0,12.6,"dry"
426,"HV0003",2026-07-01 00:38:18.000000,2026-07-01 00:43:20.000000,2026-07-01 00:43:49.000000,2026-07-01 00:58:04.000000,168,"Mott Haven/Port Morris","Bronx",193,"Queensbridge/Ravenswood","Queens",4.47,14.25,5.516667,5.0333333,0.48333332,"observed","valid",true,true,true,false,false,0,2,false,"overnight_00_05",2026-07-01 00:00:00.000000,26.8,0,12.6,"dry"
427,"HV0003",2026-07-01 00:21:07.000000,2026-07-01 00:24:58.000000,2026-07-01 00:27:20.000000,2026-07-01 00:42:29.000000,161,"Midtown Center","Manhattan",262,"Yorkville East","Manhattan",2.81,15.15,6.2166667,3.85,2.3666666,"observed","valid",true,true,true,false,false,0,2,false,"overnight_00_05",2026-07-01 00:00:00.000000,26.8,0,12.6,"dry"
428,"HV0003",2026-07-01 00:10:12.000000,2026-07-01 00:13:44.000000,2026-07-01 00:13:56.000000,2026-07-01 00:28:08.000000,14,"Bay Ridge","Brooklyn",21,"Bensonhurst East","Brooklyn",3.44,14.2,3.7333333,3.5333333,0.2,"observed","valid",true,true,true,false,false,0,2,false,"overnight_00_05",2026-07-01 00:00:00.000000,26.8,0,12.6,"dry"
429,"HV0003",2026-07-01 00:14:59.000000,2026-07-01 00:29:09.000000,2026-07-01 00:29:48.000000,2026-07-01 00:41:43.000000,21,"Bensonhurst East","Brooklyn",55,"Coney Island","Brooklyn",2.75,11.916667,14.816667,14.166667,0.65,"observed","valid",true,true,true,false,false,0,2,false,"overnight_00_05",2026-07-01 00:00:00.000000,26.8,0,12.6,"dry"
430,"HV0003",2026-07-01 00:43:22.000000,2026-07-01 00:47:34.000000,2026-07-01 00:49:19.000000,2026-07-01 01:04:25.000000,108,"Gravesend","Brooklyn",227,"Sunset Park East","Brooklyn",8.49,15.1,5.95,4.2,1.75,"observed","valid",true,true,true,false,false,0,2,false,"overnight_00_05",2026-07-01 00:00:00.000000,26.8,0,12.6,"dry"
431,"HV0005",2026-06-30 23:59:36.000000,2026-07-01 00:04:39.000000,2026-07-01 00:05:33.000000,2026-07-01 00:17:54.000000,112,"Greenpoint","Brooklyn",256,"Williamsburg (South Side)","Brooklyn",2.008,12.35,5.95,5.05,0.9,"observed","valid",true,true,true,false,false,23,1,false,"evening_20_23",2026-06-30 23:00:00.000000,27.9,0,13.3,"dry"
432,"HV0005",2026-07-01 00:17:43.000000,2026-07-01 00:23:34.000000,2026-07-01 00:24:06.000000,2026-07-01 00:27:39.000000,255,"Williamsburg (North Side)","Brooklyn",255,"Williamsburg (North Side)","Brooklyn",0.778,3.55,6.383333,5.85,0.53333336,"observed","valid",true,true,true,false,false,0,2,false,"overnight_00_05",2026-07-01 00:00:00.000000,26.8,0,12.6,"dry"
433,"HV0003",2026-07-01 00:05:20.000000,2026-07-01 00:08:09.000000,2026-07-01 00:08:51.000000,2026-07-01 00:23:32.000000,148,"Lower East Side","Manhattan",186,"Penn Station/Madison Sq West","Manhattan",2.64,14.683333,3.5166667,2.8166666,0.7,"observed","valid",true,true,true,false,false,0,2,false,"overnight_00_05",2026-07-01 00:00:00.000000,26.8,0,12.6,"dry"
434,"HV0003",2026-07-01 00:24:58.000000,2026-07-01 00:27:01.000000,2026-07-01 00:27:25.000000,2026-07-01 00:54:32.000000,186,"Penn Station/Madison Sq West","Manhattan",152,"Manhattanville","Manhattan",6.77,27.116667,2.45,2.05,0.4,"observed","valid",true,true,true,false,false,0,2,false,"overnight_00_05",2026-07-01 00:00:00.000000,26.8,0,12.6,"dry"
435,"HV0003",2026-07-01 00:11:33.000000,2026-07-01 00:12:39.000000,2026-07-01 00:14:00.000000,2026-07-01 00:24:43.000000,186,"Penn Station/Madison Sq West","Manhattan",229,"Sutton Place/Turtle Bay North","Manhattan",2.12,10.716666,2.45,1.1,1.35,"observed","valid",true,true,true,false,false,0,2,false,"overnight_00_05",2026-07-01 00:00:00.000000,26.8,0,12.6,"dry"
436,"HV0003",2026-07-01 00:15:04.000000,2026-07-01 00:26:07.000000,2026-07-01 00:26:23.000000,2026-07-01 00:55:52.000000,229,"Sutton Place/Turtle Bay North","Manhattan",76,"East New York","Brooklyn",16.6,29.483334,11.316667,11.05,0.26666668,"observed","valid",true,true,true,false,false,0,2,false,"overnight_00_05",2026-07-01 00:00:00.000000,26.8,0,12.6,"dry"
437,"HV0003",2026-07-01 00:19:59.000000,2026-07-01 00:20:46.000000,2026-07-01 00:22:42.000000,2026-07-01 00:38:34.000000,113,"Greenwich Village North","Manhattan",263,"Yorkville West","Manhattan",4.46,15.866667,2.7166667,0.78333336,1.9333333,"observed","valid",true,true,true,false,false,0,2,false,"overnight_00_05",2026-07-01 00:00:00.000000,26.8,0,12.6,"dry"
438,"HV0003",2026-07-01 00:50:48.000000,2026-07-01 00:52:26.000000,2026-07-01 00:54:10.000000,2026-07-01 01:00:54.000000,161,"Midtown Center","Manhattan",230,"Times Sq/Theatre District","Manhattan",0.55,6.733333,3.3666666,1.6333333,1.7333333,"observed","valid",true,true,true,false,false,0,2,false,"overnight_00_05",2026-07-01 00:00:00.000000,26.8,0,12.6,"dry"
439,"HV0003",2026-07-01 00:27:23.000000,2026-07-01 00:34:36.000000,2026-07-01 00:35:31.000000,2026-07-01 00:38:47.000000,191,"Queens Village","Queens",191,"Queens Village","Queens",0.83,3.2666667,8.133333,7.2166667,0.9166667,"observed","valid",true,true,true,false,false,0,2,false,"overnight_00_05",2026-07-01 00:00:00.000000,26.8,0,12.6,"dry"
440,"HV0003",2026-07-01 00:26:36.000000,2026-07-01 00:43:48.000000,2026-07-01 00:45:47.000000,2026-07-01 00:55:05.000000,191,"Queens Village","Queens",205,"Saint Albans","Queens",2.2,9.3,19.183332,17.2,1.9833333,"observed","valid",true,true,true,false,false,0,2,false,"overnight_00_05",2026-07-01 00:00:00.000000,26.8,0,12.6,"dry"
441,"HV0005",2026-07-01 00:05:49.000000,2026-07-01 00:14:46.000000,2026-07-01 00:14:47.000000,2026-07-01 00:32:39.000000,223,"Steinway","Queens",145,"Long Island City/Hunters Point","Queens",4.104,17.866667,8.966666,8.95,0.016666668,"observed","valid",true,true,true,false,false,0,2,false,"overnight_00_05",2026-07-01 00:00:00.000000,26.8,0,12.6,"dry"
442,"HV0005",2026-07-01 00:26:52.000000,2026-07-01 00:35:26.000000,2026-07-01 00:36:04.000000,2026-07-01 00:50:47.000000,145,"Long Island City/Hunters Point","Queens",74,"East Harlem North","Manhattan",5.531,14.716666,9.2,8.566667,0.6333333,"observed","valid",true,true,true,false,false,0,2,false,"overnight_00_05",2026-07-01 00:00:00.000000,26.8,0,12.6,"dry"
443,"HV0003",2026-07-01 00:06:45.000000,2026-07-01 00:11:18.000000,2026-07-01 00:12:26.000000,2026-07-01 00:31:31.000000,198,"Ridgewood","Queens",61,"Crown Heights North","Brooklyn",3.82,19.083334,5.6833334,4.55,1.1333333,"observed","valid",true,true,true,false,false,0,2,false,"overnight_00_05",2026-07-01 00:00:00.000000,26.8,0,12.6,"dry"
444,"HV0003",2026-06-30 23:59:21.000000,2026-07-01 00:00:33.000000,2026-07-01 00:00:59.000000,2026-07-01 00:10:17.000000,90,"Flatiron","Manhattan",231,"TriBeCa/Civic Center","Manhattan",1.53,9.3,1.6333333,1.2,0.43333334,"observed","valid",true,true,true,false,false,23,1,false,"evening_20_23",2026-06-30 23:00:00.000000,27.9,0,13.3,"dry"
445,"HV0003",2026-07-01 00:42:21.000000,2026-07-01 00:46:01.000000,2026-07-01 00:51:02.000000,2026-07-01 01:01:52.000000,211,"SoHo","Manhattan",79,"East Village","Manhattan",1.5,10.833333,8.683333,3.6666667,5.016667,"observed","valid",true,true,true,false,false,0,2,false,"overnight_00_05",2026-07-01 00:00:00.000000,26.8,0,12.6,"dry"
446,"HV0005",2026-06-30 23:57:36.000000,2026-07-01 00:00:57.000000,2026-07-01 00:01:19.000000,2026-07-01 00:16:54.000000,88,"Financial District South","Manhattan",186,"Penn Station/Madison Sq West","Manhattan",4.664,15.583333,3.7166667,3.35,0.36666667,"observed","valid",true,true,true,false,false,23,1,false,"evening_20_23",2026-06-30 23:00:00.000000,27.9,0,13.3,"dry"
447,"HV0005",2026-07-01 00:19:19.000000,2026-07-01 00:23:09.000000,2026-07-01 00:23:27.000000,2026-07-01 01:22:33.000000,90,"Flatiron","Manhattan",265,"Outside of NYC","N/A",22.986,59.1,4.133333,3.8333333,0.3,"observed","valid",true,true,true,false,false,0,2,false,"overnight_00_05",2026-07-01 00:00:00.000000,26.8,0,12.6,"dry"
448,"HV0003",2026-07-01 00:03:38.000000,2026-07-01 00:11:19.000000,2026-07-01 00:13:07.000000,2026-07-01 00:33:02.000000,112,"Greenpoint","Brooklyn",230,"Times Sq/Theatre District","Manhattan",6.13,19.916666,9.483334,7.6833334,1.8,"observed","valid",true,true,true,false,false,0,2,false,"overnight_00_05",2026-07-01 00:00:00.000000,26.8,0,12.6,"dry"
449,"HV0003",2026-07-01 00:25:52.000000,2026-07-01 00:32:59.000000,2026-07-01 00:33:59.000000,2026-07-01 01:05:35.000000,230,"Times Sq/Theatre District","Manhattan",132,"JFK Airport","Queens",16.97,31.6,8.116667,7.116667,1,"observed","valid",true,true,true,false,false,0,2,false,"overnight_00_05",2026-07-01 00:00:00.000000,26.8,0,12.6,"dry"
450,"HV0003",2026-06-30 23:54:58.000000,2026-07-01 00:02:55.000000,2026-07-01 00:04:55.000000,2026-07-01 00:21:51.000000,138,"LaGuardia Airport","Queens",263,"Yorkville West","Manhattan",8.24,16.933332,9.95,7.95,2,"observed","valid",true,true,true,false,false,23,1,false,"evening_20_23",2026-06-30 23:00:00.000000,27.9,0,13.3,"dry"
451,"HV0003",2026-07-01 00:37:55.000000,2026-07-01 00:39:27.000000,2026-07-01 00:39:34.000000,2026-07-01 01:25:17.000000,141,"Lenox Hill West","Manhattan",247,"West Concourse","Bronx",7.42,45.716667,1.65,1.5333333,0.11666667,"observed","valid",true,true,true,false,false,0,2,false,"overnight_00_05",2026-07-01 00:00:00.000000,26.8,0,12.6,"dry"
452,"HV0003",2026-07-01 00:23:34.000000,2026-07-01 00:29:32.000000,2026-07-01 00:29:54.000000,2026-07-01 01:40:03.000000,163,"Midtown North","Manhattan",265,"Outside of NYC","N/A",37.58,70.15,6.3333335,5.9666667,0.36666667,"observed","valid",true,true,true,false,false,0,2,false,"overnight_00_05",2026-07-01 00:00:00.000000,26.8,0,12.6,"dry"
453,"HV0003",2026-07-01 00:03:52.000000,2026-07-01 00:06:22.000000,2026-07-01 00:08:02.000000,2026-07-01 00:34:59.000000,141,"Lenox Hill West","Manhattan",17,"Bedford","Brooklyn",7.9,26.95,4.1666665,2.5,1.6666666,"observed","valid",true,true,true,false,false,0,2,false,"overnight_00_05",2026-07-01 00:00:00.000000,26.8,0,12.6,"dry"
454,"HV0003",2026-07-01 00:36:22.000000,2026-07-01 00:40:46.000000,2026-07-01 00:40:58.000000,2026-07-01 00:52:18.000000,17,"Bedford","Brooklyn",37,"Bushwick South","Brooklyn",2.43,11.333333,4.6,4.4,0.2,"observed","valid",true,true,true,false,false,0,2,false,"overnight_00_05",2026-07-01 00:00:00.000000,26.8,0,12.6,"dry"
455,"HV0003",2026-07-01 00:47:13.000000,2026-07-01 00:55:30.000000,2026-07-01 00:57:18.000000,2026-07-01 01:26:25.000000,36,"Bushwick North","Brooklyn",129,"Jackson Heights","Queens",6.9,29.116667,10.083333,8.283334,1.8,"observed","valid",true,true,true,false,false,0,2,false,"overnight_00_05",2026-07-01 00:00:00.000000,26.8,0,12.6,"dry"
456,"HV0005",2026-07-01 00:41:29.000000,2026-07-01 00:43:21.000000,2026-07-01 00:44:02.000000,2026-07-01 00:53:24.000000,68,"East Chelsea","Manhattan",170,"Murray Hill","Manhattan",1.456,9.366667,2.55,1.8666667,0.68333334,"observed","valid",true,true,true,false,false,0,2,false,"overnight_00_05",2026-07-01 00:00:00.000000,26.8,0,12.6,"dry"
457,"HV0005",2026-07-01 00:55:33.000000,2026-07-01 00:57:07.000000,2026-07-01 00:58:02.000000,2026-07-01 01:21:31.000000,170,"Murray Hill","Manhattan",129,"Jackson Heights","Queens",5.116,23.483334,2.4833333,1.5666667,0.9166667,"observed","valid",true,true,true,false,false,0,2,false,"overnight_00_05",2026-07-01 00:00:00.000000,26.8,0,12.6,"dry"
458,"HV0003",2026-06-30 23:59:48.000000,2026-07-01 00:01:16.000000,2026-07-01 00:02:21.000000,2026-07-01 00:08:20.000000,116,"Hamilton Heights","Manhattan",42,"Central Harlem North","Manhattan",0.98,5.983333,2.55,1.4666667,1.0833334,"observed","valid",true,true,true,false,false,23,1,false,"evening_20_23",2026-06-30 23:00:00.000000,27.9,0,13.3,"dry"
459,"HV0003",2026-07-01 00:07:52.000000,2026-07-01 00:10:24.000000,2026-07-01 00:12:24.000000,2026-07-01 00:26:31.000000,42,"Central Harlem North","Manhattan",75,"East Harlem South","Manhattan",2.18,14.116667,4.5333333,2.5333333,2,"observed","valid",true,true,true,false,false,0,2,false,"overnight_00_05",2026-07-01 00:00:00.000000,26.8,0,12.6,"dry"
460,"HV0005",2026-06-30 23:58:03.000000,2026-07-01 00:01:34.000000,2026-07-01 00:02:25.000000,2026-07-01 00:21:18.000000,112,"Greenpoint","Brooklyn",181,"Park Slope","Brooklyn",5.402,18.883333,4.366667,3.5166667,0.85,"observed","valid",true,true,true,false,false,23,1,false,"evening_20_23",2026-06-30 23:00:00.000000,27.9,0,13.3,"dry"
461,"HV0005",2026-07-01 00:16:49.000000,2026-07-01 00:26:24.000000,2026-07-01 00:28:40.000000,2026-07-01 00:33:53.000000,25,"Boerum Hill","Brooklyn",97,"Fort Greene","Brooklyn",0.848,5.2166667,11.85,9.583333,2.2666667,"observed","valid",true,true,true,false,false,0,2,false,"overnight_00_05",2026-07-01 00:00:00.000000,26.8,0,12.6,"dry"
462,"HV0005",2026-07-01 00:45:04.000000,2026-07-01 00:46:33.000000,2026-07-01 00:57:34.000000,2026-07-01 01:16:13.000000,65,"Downtown Brooklyn/MetroTech","Brooklyn",37,"Bushwick South","Brooklyn",3.459,18.65,12.5,1.4833333,11.016666,"observed","valid",true,true,true,false,true,0,2,false,"overnight_00_05",2026-07-01 00:00:00.000000,26.8,0,12.6,"dry"
463,"HV0005",2026-07-01 00:20:00.000000,2026-07-01 00:21:26.000000,2026-07-01 00:25:00.000000,2026-07-01 00:34:20.000000,49,"Clinton Hill","Brooklyn",256,"Williamsburg (South Side)","Brooklyn",1.956,9.333333,5,1.4333333,3.5666666,"observed","valid",true,true,true,true,true,0,2,false,"overnight_00_05",2026-07-01 00:00:00.000000,26.8,0,12.6,"dry"
464,"HV0005",2026-07-01 00:32:39.000000,2026-07-01 00:35:29.000000,2026-07-01 00:36:41.000000,2026-07-01 01:23:05.000000,256,"Williamsburg (South Side)","Brooklyn",228,"Sunset Park West","Brooklyn",10.065,46.4,4.0333333,2.8333333,1.2,"observed","valid",true,true,true,false,false,0,2,false,"overnight_00_05",2026-07-01 00:00:00.000000,26.8,0,12.6,"dry"
465,"HV0003",2026-07-01 00:11:48.000000,2026-07-01 00:13:41.000000,2026-07-01 00:15:43.000000,2026-07-01 00:24:56.000000,162,"Midtown East","Manhattan",107,"Gramercy","Manhattan",1.1,9.216666,3.9166667,1.8833333,2.0333333,"observed","valid",true,true,true,false,false,0,2,false,"overnight_00_05",2026-07-01 00:00:00.000000,26.8,0,12.6,"dry"
466,"HV0003",2026-07-01 00:04:40.000000,2026-07-01 00:07:38.000000,2026-07-01 00:08:56.000000,2026-07-01 00:54:19.000000,171,"Murray Hill-Queens","Queens",256,"Williamsburg (South Side)","Brooklyn",13.88,45.383335,4.266667,2.9666667,1.3,"observed","valid",true,true,true,false,false,0,2,false,"overnight_00_05",2026-07-01 00:00:00.000000,26.8,0,12.6,"dry"
467,"HV0003",2026-07-01 00:43:22.000000,2026-07-01 00:55:54.000000,2026-07-01 00:56:18.000000,2026-07-01 01:15:06.000000,255,"Williamsburg (North Side)","Brooklyn",223,"Steinway","Queens",7.29,18.8,12.933333,12.533334,0.4,"observed","valid",true,true,true,false,false,0,2,false,"overnight_00_05",2026-07-01 00:00:00.000000,26.8,0,12.6,"dry"
468,"HV0005",2026-07-01 00:14:58.000000,2026-07-01 00:24:47.000000,2026-07-01 00:25:58.000000,2026-07-01 00:52:48.000000,168,"Mott Haven/Port Morris","Bronx",136,"Kingsbridge Heights","Bronx",6.588,26.833334,11,9.816667,1.1833333,"observed","valid",true,true,true,false,false,0,2,false,"overnight_00_05",2026-07-01 00:00:00.000000,26.8,0,12.6,"dry"
469,"HV0003",2026-07-01 00:14:17.000000,2026-07-01 00:24:47.000000,2026-07-01 00:25:48.000000,2026-07-01 00:51:59.000000,256,"Williamsburg (South Side)","Brooklyn",61,"Crown Heights North","Brooklyn",4.86,26.183332,11.516666,10.5,1.0166667,"observed","valid",true,true,true,false,false,0,2,false,"overnight_00_05",2026-07-01 00:00:00.000000,26.8,0,12.6,"dry"
470,"HV0005",2026-07-01 00:12:47.000000,2026-07-01 00:33:21.000000,2026-07-01 00:33:33.000000,2026-07-01 00:45:44.000000,129,"Jackson Heights","Queens",92,"Flushing","Queens",4.922,12.183333,20.766666,20.566668,0.2,"observed","valid",true,true,true,false,false,0,2,false,"overnight_00_05",2026-07-01 00:00:00.000000,26.8,0,12.6,"dry"
471,"HV0003",2026-07-01 00:08:41.000000,2026-07-01 00:15:45.000000,2026-07-01 00:15:50.000000,2026-07-01 00:42:45.000000,230,"Times Sq/Theatre District","Manhattan",265,"Outside of NYC","N/A",10.21,26.916666,7.15,7.0666666,0.083333336,"observed","valid",true,true,true,false,false,0,2,false,"overnight_00_05",2026-07-01 00:00:00.000000,26.8,0,12.6,"dry"
472,"HV0003",2026-07-01 00:55:54.000000,2026-07-01 00:57:05.000000,2026-07-01 00:57:21.000000,2026-07-01 01:13:15.000000,231,"TriBeCa/Civic Center","Manhattan",157,"Maspeth","Queens",6.74,15.9,1.45,1.1833333,0.26666668,"observed","valid",true,true,true,false,false,0,2,false,"overnight_00_05",2026-07-01 00:00:00.000000,26.8,0,12.6,"dry"
473,"HV0003",2026-06-30 23:57:21.000000,2026-07-01 00:02:43.000000,2026-07-01 00:04:42.000000,2026-07-01 00:27:13.000000,112,"Greenpoint","Brooklyn",33,"Brooklyn Heights","Brooklyn",5.28,22.516666,7.35,5.366667,1.9833333,"observed","valid",true,true,true,false,false,23,1,false,"evening_20_23",2026-06-30 23:00:00.000000,27.9,0,13.3,"dry"
474,"HV0003",2026-07-01 00:25:51.000000,2026-07-01 00:32:23.000000,2026-07-01 00:32:35.000000,2026-07-01 00:55:43.000000,33,"Brooklyn Heights","Brooklyn",91,"Flatlands","Brooklyn",7.76,23.133333,6.733333,6.5333333,0.2,"observed","valid",true,true,true,false,false,0,2,false,"overnight_00_05",2026-07-01 00:00:00.000000,26.8,0,12.6,"dry"
475,"HV0003",2026-07-01 00:21:41.000000,2026-07-01 00:24:56.000000,2026-07-01 00:26:11.000000,2026-07-01 00:54:32.000000,162,"Midtown East","Manhattan",265,"Outside of NYC","N/A",11.43,28.35,4.5,3.25,1.25,"observed","valid",true,true,true,false,false,0,2,false,"overnight_00_05",2026-07-01 00:00:00.000000,26.8,0,12.6,"dry"
476,"HV0003",2026-07-01 00:07:44.000000,2026-07-01 00:10:34.000000,2026-07-01 00:12:24.000000,2026-07-01 00:31:24.000000,225,"Stuyvesant Heights","Brooklyn",225,"Stuyvesant Heights","Brooklyn",2.81,19,4.6666665,2.8333333,1.8333334,"observed","valid",true,true,true,false,false,0,2,false,"overnight_00_05",2026-07-01 00:00:00.000000,26.8,0,12.6,"dry"
477,"HV0003",2026-07-01 00:28:35.000000,2026-07-01 00:33:58.000000,2026-07-01 00:34:21.000000,2026-07-01 00:44:58.000000,225,"Stuyvesant Heights","Brooklyn",177,"Ocean Hill","Brooklyn",1.99,10.616667,5.766667,5.383333,0.38333333,"observed","valid",true,true,true,false,false,0,2,false,"overnight_00_05",2026-07-01 00:00:00.000000,26.8,0,12.6,"dry"
478,"HV0003",2026-06-30 23:48:53.000000,2026-07-01 00:06:13.000000,2026-07-01 00:06:13.000000,2026-07-01 00:23:35.000000,138,"LaGuardia Airport","Queens",9,"Auburndale","Queens",7.04,17.366667,17.333334,17.333334,0,"same_as_pickup","valid",true,false,true,false,false,23,1,false,"evening_20_23",2026-06-30 23:00:00.000000,27.9,0,13.3,"dry"
479,"HV0003",2026-07-01 00:12:41.000000,2026-07-01 00:27:49.000000,2026-07-01 00:29:49.000000,2026-07-01 00:51:34.000000,192,"Queensboro Hill","Queens",132,"JFK Airport","Queens",10.52,21.75,17.133333,15.133333,2,"observed","valid",true,true,true,false,false,0,2,false,"overnight_00_05",2026-07-01 00:00:00.000000,26.8,0,12.6,"dry"
480,"HV0003",2026-06-30 23:58:02.000000,2026-07-01 00:06:15.000000,2026-07-01 00:06:59.000000,2026-07-01 00:32:33.000000,102,"Glendale","Queens",265,"Outside of NYC","N/A",13.69,25.566668,8.95,8.216666,0.73333335,"observed","valid",true,true,true,false,false,23,1,false,"evening_20_23",2026-06-30 23:00:00.000000,27.9,0,13.3,"dry"
481,"HV0003",2026-07-01 00:42:14.000000,2026-07-01 00:45:23.000000,2026-07-01 00:45:27.000000,2026-07-01 00:56:22.000000,16,"Bayside","Queens",191,"Queens Village","Queens",2.68,10.916667,3.2166667,3.15,0.06666667,"observed","valid",true,true,true,false,false,0,2,false,"overnight_00_05",2026-07-01 00:00:00.000000,26.8,0,12.6,"dry"
482,"HV0003",2026-07-01 00:04:52.000000,2026-07-01 00:11:31.000000,2026-07-01 00:11:42.000000,2026-07-01 00:21:56.000000,129,"Jackson Heights","Queens",260,"Woodside","Queens",2.31,10.233334,6.8333335,6.65,0.18333334,"observed","valid",true,true,true,false,false,0,2,false,"overnight_00_05",2026-07-01 00:00:00.000000,26.8,0,12.6,"dry"
483,"HV0003",2026-07-01 00:07:09.000000,2026-07-01 00:26:19.000000,2026-07-01 00:26:50.000000,2026-07-01 01:01:23.000000,7,"Astoria","Queens",6,"Arrochar/Fort Wadsworth","Staten Island",18.19,34.55,19.683332,19.166666,0.51666665,"observed","valid",true,true,true,false,false,0,2,false,"overnight_00_05",2026-07-01 00:00:00.000000,26.8,0,12.6,"dry"
484,"HV0003",2026-07-01 00:04:20.000000,2026-07-01 00:17:10.000000,2026-07-01 00:19:12.000000,2026-07-01 00:39:01.000000,75,"East Harlem South","Manhattan",126,"Hunts Point","Bronx",4.36,19.816668,14.866667,12.833333,2.0333333,"observed","valid",true,true,true,false,false,0,2,false,"overnight_00_05",2026-07-01 00:00:00.000000,26.8,0,12.6,"dry"
485,"HV0003",2026-07-01 00:05:14.000000,2026-07-01 00:16:47.000000,2026-07-01 00:17:20.000000,2026-07-01 00:53:02.000000,161,"Midtown Center","Manhattan",216,"South Ozone Park","Queens",13.77,35.7,12.1,11.55,0.55,"observed","valid",true,true,true,false,false,0,2,false,"overnight_00_05",2026-07-01 00:00:00.000000,26.8,0,12.6,"dry"
486,"HV0003",2026-07-01 00:03:41.000000,2026-07-01 00:07:53.000000,2026-07-01 00:09:05.000000,2026-07-01 00:35:38.000000,137,"Kips Bay","Manhattan",265,"Outside of NYC","N/A",7.69,26.55,5.4,4.2,1.2,"observed","valid",true,true,true,false,false,0,2,false,"overnight_00_05",2026-07-01 00:00:00.000000,26.8,0,12.6,"dry"
487,"HV0003",2026-07-01 00:01:04.000000,2026-07-01 00:04:43.000000,2026-07-01 00:05:28.000000,2026-07-01 00:14:16.000000,4,"Alphabet City","Manhattan",79,"East Village","Manhattan",1.28,8.8,4.4,3.65,0.75,"observed","valid",true,true,true,false,false,0,2,false,"overnight_00_05",2026-07-01 00:00:00.000000,26.8,0,12.6,"dry"
488,"HV0003",2026-07-01 00:17:17.000000,2026-07-01 00:21:55.000000,2026-07-01 00:22:35.000000,2026-07-01 00:44:52.000000,249,"West Village","Manhattan",112,"Greenpoint","Brooklyn",4.72,22.283333,5.3,4.633333,0.6666667,"observed","valid",true,true,true,false,false,0,2,false,"overnight_00_05",2026-07-01 00:00:00.000000,26.8,0,12.6,"dry"
489,"HV0003",2026-07-01 00:39:52.000000,2026-07-01 00:49:31.000000,2026-07-01 00:49:40.000000,2026-07-01 00:59:13.000000,112,"Greenpoint","Brooklyn",255,"Williamsburg (North Side)","Brooklyn",1.92,9.55,9.8,9.65,0.15,"observed","valid",true,true,true,false,false,0,2,false,"overnight_00_05",2026-07-01 00:00:00.000000,26.8,0,12.6,"dry"
490,"HV0003",2026-07-01 00:44:53.000000,2026-07-01 00:49:01.000000,2026-07-01 00:49:03.000000,2026-07-01 01:09:13.000000,161,"Midtown Center","Manhattan",25,"Boerum Hill","Brooklyn",7.77,20.166666,4.1666665,4.133333,0.033333335,"observed","valid",true,true,true,false,false,0,2,false,"overnight_00_05",2026-07-01 00:00:00.000000,26.8,0,12.6,"dry"
491,"HV0005",2026-07-01 00:03:05.000000,2026-07-01 00:07:41.000000,2026-07-01 00:08:14.000000,2026-07-01 00:32:31.000000,249,"West Village","Manhattan",141,"Lenox Hill West","Manhattan",4.356,24.283333,5.15,4.6,0.55,"observed","valid",true,true,true,false,false,0,2,false,"overnight_00_05",2026-07-01 00:00:00.000000,26.8,0,12.6,"dry"
492,"HV0003",2026-07-01 00:24:02.000000,2026-07-01 00:25:51.000000,2026-07-01 00:26:55.000000,2026-07-01 00:38:06.000000,237,"Upper East Side South","Manhattan",230,"Times Sq/Theatre District","Manhattan",1.62,11.183333,2.8833334,1.8166667,1.0666667,"observed","valid",true,true,true,false,false,0,2,false,"overnight_00_05",2026-07-01 00:00:00.000000,26.8,0,12.6,"dry"
493,"HV0003",2026-07-01 00:24:42.000000,2026-07-01 00:38:39.000000,2026-07-01 00:39:33.000000,2026-07-01 01:11:20.000000,230,"Times Sq/Theatre District","Manhattan",130,"Jamaica","Queens",13.4,31.783333,14.85,13.95,0.9,"observed","valid",true,true,true,false,false,0,2,false,"overnight_00_05",2026-07-01 00:00:00.000000,26.8,0,12.6,"dry"
494,"HV0003",2026-06-30 23:59:10.000000,2026-07-01 00:02:29.000000,2026-07-01 00:06:08.000000,2026-07-01 00:21:47.000000,48,"Clinton East","Manhattan",75,"East Harlem South","Manhattan",4.03,15.65,6.9666667,3.3166666,3.65,"observed","valid",true,true,true,false,false,23,1,false,"evening_20_23",2026-06-30 23:00:00.000000,27.9,0,13.3,"dry"
495,"HV0003",2026-07-01 00:11:48.000000,2026-07-01 00:15:00.000000,2026-07-01 00:17:00.000000,2026-07-01 00:48:27.000000,205,"Saint Albans","Queens",265,"Outside of NYC","N/A",11.77,31.45,5.2,3.2,2,"observed","valid",true,true,true,false,false,0,2,false,"overnight_00_05",2026-07-01 00:00:00.000000,26.8,0,12.6,"dry"
496,"HV0005",2026-07-01 00:24:40.000000,2026-07-01 00:35:26.000000,2026-07-01 00:35:53.000000,2026-07-01 00:43:23.000000,179,"Old Astoria","Queens",7,"Astoria","Queens",1.194,7.5,11.216666,10.766666,0.45,"observed","valid",true,true,true,false,false,0,2,false,"overnight_00_05",2026-07-01 00:00:00.000000,26.8,0,12.6,"dry"
497,"HV0005",2026-07-01 00:41:54.000000,2026-07-01 00:47:03.000000,2026-07-01 00:47:27.000000,2026-07-01 01:01:25.000000,7,"Astoria","Queens",70,"East Elmhurst","Queens",3.803,13.966666,5.55,5.15,0.4,"observed","valid",true,true,true,false,false,0,2,false,"overnight_00_05",2026-07-01 00:00:00.000000,26.8,0,12.6,"dry"
498,"HV0003",2026-07-01 00:12:11.000000,2026-07-01 00:16:31.000000,2026-07-01 00:18:32.000000,2026-07-01 00:40:36.000000,37,"Bushwick South","Brooklyn",82,"Elmhurst","Queens",5.07,22.066668,6.35,4.3333335,2.0166667,"observed","valid",true,true,true,false,false,0,2,false,"overnight_00_05",2026-07-01 00:00:00.000000,26.8,0,12.6,"dry"
499,"HV0003",2026-07-01 00:42:31.000000,2026-07-01 00:44:38.000000,2026-07-01 00:44:57.000000,2026-07-01 00:57:06.000000,82,"Elmhurst","Queens",57,"Corona","Queens",1.27,12.15,2.4333334,2.1166666,0.31666666,"observed","valid",true,true,true,false,false,0,2,false,"overnight_00_05",2026-07-01 00:00:00.000000,26.8,0,12.6,"dry"
500,"HV0005",2026-07-01 00:08:31.000000,2026-07-01 00:15:52.000000,2026-07-01 00:16:44.000000,2026-07-01 00:33:04.000000,162,"Midtown East","Manhattan",42,"Central Harlem North","Manhattan",5.912,16.333334,8.216666,7.35,0.8666667,"observed","valid",true,true,true,false,false,0,2,false,"overnight_00_05",2026-07-01 00:00:00.000000,26.8,0,12.6,"dry"
501,"HV0003",2026-06-30 23:54:11.000000,2026-07-01 00:02:33.000000,2026-07-01 00:02:38.000000,2026-07-01 00:07:21.000000,220,"Spuyten Duyvil/Kingsbridge","Bronx",136,"Kingsbridge Heights","Bronx",1.54,4.7166667,8.45,8.366667,0.083333336,"observed","valid",true,true,true,false,false,23,1,false,"evening_20_23",2026-06-30 23:00:00.000000,27.9,0,13.3,"dry"
502,"HV0003",2026-07-01 00:03:25.000000,2026-07-01 00:13:33.000000,2026-07-01 00:15:08.000000,2026-07-01 00:22:45.000000,247,"West Concourse","Bronx",168,"Mott Haven/Port Morris","Bronx",1.31,7.616667,11.716666,10.133333,1.5833334,"observed","valid",true,true,true,false,false,0,2,false,"overnight_00_05",2026-07-01 00:00:00.000000,26.8,0,12.6,"dry"
503,"HV0003",2026-07-01 00:09:28.000000,2026-07-01 00:24:29.000000,2026-07-01 00:25:55.000000,2026-07-01 00:51:56.000000,168,"Mott Haven/Port Morris","Bronx",259,"Woodlawn/Wakefield","Bronx",9.75,26.016666,16.45,15.016666,1.4333333,"observed","valid",true,true,true,false,false,0,2,false,"overnight_00_05",2026-07-01 00:00:00.000000,26.8,0,12.6,"dry"
504,"HV0003",2026-07-01 00:47:30.000000,2026-07-01 00:51:45.000000,2026-07-01 00:51:45.000000,2026-07-01 01:12:32.000000,25,"Boerum Hill","Brooklyn",22,"Bensonhurst West","Brooklyn",10.49,20.783333,4.25,4.25,0,"same_as_pickup","valid",true,false,true,false,false,0,2,false,"overnight_00_05",2026-07-01 00:00:00.000000,26.8,0,12.6,"dry"
505,"HV0005",2026-07-01 00:19:35.000000,2026-07-01 00:23:00.000000,2026-07-01 00:23:07.000000,2026-07-01 00:41:04.000000,107,"Gramercy","Manhattan",25,"Boerum Hill","Brooklyn",4.073,17.95,3.5333333,3.4166667,0.11666667,"observed","valid",true,true,true,false,false,0,2,false,"overnight_00_05",2026-07-01 00:00:00.000000,26.8,0,12.6,"dry"
506,"HV0003",2026-06-30 23:57:13.000000,2026-07-01 00:02:34.000000,2026-07-01 00:03:25.000000,2026-07-01 00:27:15.000000,7,"Astoria","Queens",129,"Jackson Heights","Queens",4.65,23.833334,6.2,5.35,0.85,"observed","valid",true,true,true,false,false,23,1,false,"evening_20_23",2026-06-30 23:00:00.000000,27.9,0,13.3,"dry"
507,"HV0003",2026-07-01 00:08:46.000000,2026-07-01 00:28:59.000000,2026-07-01 00:29:19.000000,2026-07-01 00:36:10.000000,82,"Elmhurst","Queens",56,"Corona","Queens",1.19,6.85,20.55,20.216667,0.33333334,"observed","valid",true,true,true,false,false,0,2,false,"overnight_00_05",2026-07-01 00:00:00.000000,26.8,0,12.6,"dry"
508,"HV0003",2026-07-01 00:25:17.000000,2026-07-01 00:37:23.000000,2026-07-01 00:37:26.000000,2026-07-01 00:49:26.000000,93,"Flushing Meadows-Corona Park","Queens",92,"Flushing","Queens",2.39,12,12.15,12.1,0.05,"observed","valid",true,true,true,false,false,0,2,false,"overnight_00_05",2026-07-01 00:00:00.000000,26.8,0,12.6,"dry"
509,"HV0003",2026-07-01 00:34:52.000000,2026-07-01 00:50:54.000000,2026-07-01 00:52:54.000000,2026-07-01 01:09:31.000000,92,"Flushing","Queens",252,"Whitestone","Queens",2.62,16.616667,18.033333,16.033333,2,"observed","valid",true,true,true,false,false,0,2,false,"overnight_00_05",2026-07-01 00:00:00.000000,26.8,0,12.6,"dry"
510,"HV0005",2026-07-01 00:03:31.000000,2026-07-01 00:07:26.000000,2026-07-01 00:10:49.000000,2026-07-01 00:29:07.000000,17,"Bedford","Brooklyn",35,"Brownsville","Brooklyn",4.482,18.3,7.3,3.9166667,3.3833334,"observed","valid",true,true,true,false,true,0,2,false,"overnight_00_05",2026-07-01 00:00:00.000000,26.8,0,12.6,"dry"
511,"HV0005",2026-07-01 00:33:21.000000,2026-07-01 00:37:48.000000,2026-07-01 00:38:26.000000,2026-07-01 00:43:52.000000,72,"East Flatbush/Remsen Village","Brooklyn",62,"Crown Heights South","Brooklyn",1.485,5.4333334,5.0833335,4.45,0.6333333,"observed","valid",true,true,true,false,false,0,2,false,"overnight_00_05",2026-07-01 00:00:00.000000,26.8,0,12.6,"dry"
512,"HV0003",2026-07-01 00:15:58.000000,2026-07-01 00:19:15.000000,2026-07-01 00:20:49.000000,2026-07-01 00:58:56.000000,216,"South Ozone Park","Queens",42,"Central Harlem North","Manhattan",15.53,38.116665,4.85,3.2833333,1.5666667,"observed","valid",true,true,true,false,false,0,2,false,"overnight_00_05",2026-07-01 00:00:00.000000,26.8,0,12.6,"dry"
513,"HV0003",2026-07-01 00:06:54.000000,2026-07-01 00:21:56.000000,2026-07-01 00:22:38.000000,2026-07-01 00:54:31.000000,80,"East Williamsburg","Brooklyn",139,"Laurelton","Queens",16.39,31.883333,15.733334,15.033334,0.7,"observed","valid",true,true,true,false,false,0,2,false,"overnight_00_05",2026-07-01 00:00:00.000000,26.8,0,12.6,"dry"
514,"HV0005",2026-07-01 00:06:13.000000,2026-07-01 00:09:18.000000,2026-07-01 00:10:04.000000,2026-07-01 00:34:26.000000,148,"Lower East Side","Manhattan",36,"Bushwick North","Brooklyn",4.493,24.366667,3.85,3.0833333,0.76666665,"observed","valid",true,true,true,false,false,0,2,false,"overnight_00_05",2026-07-01 00:00:00.000000,26.8,0,12.6,"dry"
515,"HV0005",2026-07-01 00:36:22.000000,2026-07-01 00:39:25.000000,2026-07-01 00:39:50.000000,2026-07-01 01:00:30.000000,36,"Bushwick North","Brooklyn",76,"East New York","Brooklyn",4.144,20.666666,3.4666667,3.05,0.41666666,"observed","valid",true,true,true,false,false,0,2,false,"overnight_00_05",2026-07-01 00:00:00.000000,26.8,0,12.6,"dry"
516,"HV0005",2026-07-01 00:04:04.000000,2026-07-01 00:05:57.000000,2026-07-01 00:07:29.000000,2026-07-01 00:39:06.000000,246,"West Chelsea/Hudson Yards","Manhattan",265,"Outside of NYC","N/A",17.62,31.616667,3.4166667,1.8833333,1.5333333,"observed","valid",true,true,true,false,false,0,2,false,"overnight_00_05",2026-07-01 00:00:00.000000,26.8,0,12.6,"dry"
517,"HV0003",2026-07-01 00:23:46.000000,2026-07-01 00:29:31.000000,2026-07-01 00:30:55.000000,2026-07-01 00:42:53.000000,23,"Bloomfield/Emerson Hill","Staten Island",156,"Mariners Harbor","Staten Island",2.82,11.966666,7.15,5.75,1.4,"observed","valid",true,true,true,false,false,0,2,false,"overnight_00_05",2026-07-01 00:00:00.000000,26.8,0,12.6,"dry"
518,"HV0003",2026-07-01 00:43:34.000000,2026-07-01 00:49:12.000000,2026-07-01 00:50:17.000000,2026-07-01 01:05:33.000000,187,"Port Richmond","Staten Island",221,"Stapleton","Staten Island",7.26,15.266666,6.7166667,5.633333,1.0833334,"observed","valid",true,true,true,false,false,0,2,false,"overnight_00_05",2026-07-01 00:00:00.000000,26.8,0,12.6,"dry"
519,"HV0003",2026-07-01 00:04:23.000000,2026-07-01 00:12:38.000000,2026-07-01 00:12:42.000000,2026-07-01 00:32:05.000000,198,"Ridgewood","Queens",112,"Greenpoint","Brooklyn",3.94,19.383333,8.316667,8.25,0.06666667,"observed","valid",true,true,true,false,false,0,2,false,"overnight_00_05",2026-07-01 00:00:00.000000,26.8,0,12.6,"dry"
520,"HV0003",2026-07-01 00:02:20.000000,2026-07-01 00:06:13.000000,2026-07-01 00:06:17.000000,2026-07-01 00:20:20.000000,89,"Flatbush/Ditmas Park","Brooklyn",35,"Brownsville","Brooklyn",3.19,14.05,3.95,3.8833334,0.06666667,"observed","valid",true,true,true,false,false,0,2,false,"overnight_00_05",2026-07-01 00:00:00.000000,26.8,0,12.6,"dry"
521,"HV0003",2026-07-01 00:23:52.000000,2026-07-01 00:27:53.000000,2026-07-01 00:27:56.000000,2026-07-01 00:45:58.000000,35,"Brownsville","Brooklyn",80,"East Williamsburg","Brooklyn",4.05,18.033333,4.0666666,4.016667,0.05,"observed","valid",true,true,true,false,false,0,2,false,"overnight_00_05",2026-07-01 00:00:00.000000,26.8,0,12.6,"dry"
522,"HV0003",2026-07-01 00:45:32.000000,2026-07-01 00:51:01.000000,2026-07-01 00:51:36.000000,2026-07-01 00:56:10.000000,37,"Bushwick South","Brooklyn",36,"Bushwick North","Brooklyn",0.73,4.5666666,6.0666666,5.483333,0.5833333,"observed","valid",true,true,true,false,false,0,2,false,"overnight_00_05",2026-07-01 00:00:00.000000,26.8,0,12.6,"dry"
523,"HV0003",2026-07-01 00:53:54.000000,2026-07-01 00:56:56.000000,2026-07-01 00:57:14.000000,2026-07-01 01:16:00.000000,36,"Bushwick North","Brooklyn",112,"Greenpoint","Brooklyn",3.88,18.766666,3.3333333,3.0333333,0.3,"observed","valid",true,true,true,false,false,0,2,false,"overnight_00_05",2026-07-01 00:00:00.000000,26.8,0,12.6,"dry"
524,"HV0003",2026-07-01 00:51:22.000000,2026-07-01 00:52:44.000000,2026-07-01 00:53:23.000000,2026-07-01 01:16:48.000000,16,"Bayside","Queens",160,"Middle Village","Queens",11.73,23.416666,2.0166667,1.3666667,0.65,"observed","valid",true,true,true,false,false,0,2,false,"overnight_00_05",2026-07-01 00:00:00.000000,26.8,0,12.6,"dry"
525,"HV0003",2026-07-01 00:37:25.000000,2026-07-01 00:42:45.000000,2026-07-01 00:42:58.000000,2026-07-01 00:56:37.000000,83,"Elmhurst/Maspeth","Queens",93,"Flushing Meadows-Corona Park","Queens",7.57,13.65,5.55,5.3333335,0.21666667,"observed","valid",true,true,true,false,false,0,2,false,"overnight_00_05",2026-07-01 00:00:00.000000,26.8,0,12.6,"dry"
526,"HV0005",2026-07-01 00:12:47.000000,2026-07-01 00:14:58.000000,2026-07-01 00:15:20.000000,2026-07-01 00:32:30.000000,130,"Jamaica","Queens",216,"South Ozone Park","Queens",3.576,17.166666,2.55,2.1833334,0.36666667,"observed","valid",true,true,true,false,false,0,2,false,"overnight_00_05",2026-07-01 00:00:00.000000,26.8,0,12.6,"dry"
527,"HV0005",2026-07-01 00:40:44.000000,2026-07-01 00:45:01.000000,2026-07-01 00:45:02.000000,2026-07-01 01:03:31.000000,216,"South Ozone Park","Queens",122,"Hollis","Queens",4.077,18.483334,4.3,4.2833333,0.016666668,"observed","valid",true,true,true,false,false,0,2,false,"overnight_00_05",2026-07-01 00:00:00.000000,26.8,0,12.6,"dry"
528,"HV0003",2026-07-01 00:17:59.000000,2026-07-01 00:23:07.000000,2026-07-01 00:23:14.000000,2026-07-01 01:04:05.000000,25,"Boerum Hill","Brooklyn",216,"South Ozone Park","Queens",17.12,40.85,5.25,5.133333,0.11666667,"observed","valid",true,true,true,false,false,0,2,false,"overnight_00_05",2026-07-01 00:00:00.000000,26.8,0,12.6,"dry"
529,"HV0003",2026-07-01 00:04:59.000000,2026-07-01 00:11:34.000000,2026-07-01 00:11:55.000000,2026-07-01 00:20:29.000000,145,"Long Island City/Hunters Point","Queens",145,"Long Island City/Hunters Point","Queens",1.21,8.566667,6.9333334,6.5833335,0.35,"observed","valid",true,true,true,false,false,0,2,false,"overnight_00_05",2026-07-01 00:00:00.000000,26.8,0,12.6,"dry"
530,"HV0003",2026-07-01 00:14:26.000000,2026-07-01 00:21:46.000000,2026-07-01 00:22:53.000000,2026-07-01 00:31:47.000000,145,"Long Island City/Hunters Point","Queens",202,"Roosevelt Island","Manhattan",2.02,8.9,8.45,7.3333335,1.1166667,"observed","valid",true,true,true,false,false,0,2,false,"overnight_00_05",2026-07-01 00:00:00.000000,26.8,0,12.6,"dry"
531,"HV0003",2026-07-01 00:33:48.000000,2026-07-01 00:37:34.000000,2026-07-01 00:38:06.000000,2026-07-01 00:45:48.000000,193,"Queensbridge/Ravenswood","Queens",179,"Old Astoria","Queens",1.71,7.7,4.3,3.7666667,0.53333336,"observed","valid",true,true,true,false,false,0,2,false,"overnight_00_05",2026-07-01 00:00:00.000000,26.8,0,12.6,"dry"
532,"HV0003",2026-07-01 00:33:07.000000,2026-07-01 00:48:22.000000,2026-07-01 00:48:58.000000,2026-07-01 01:04:30.000000,179,"Old Astoria","Queens",83,"Elmhurst/Maspeth","Queens",4.03,15.533334,15.85,15.25,0.6,"observed","valid",true,true,true,false,false,0,2,false,"overnight_00_05",2026-07-01 00:00:00.000000,26.8,0,12.6,"dry"
533,"HV0003",2026-07-01 00:06:02.000000,2026-07-01 00:08:30.000000,2026-07-01 00:08:31.000000,2026-07-01 00:11:31.000000,161,"Midtown Center","Manhattan",48,"Clinton East","Manhattan",0.6,3,2.4833333,2.4666667,0.016666668,"observed","valid",true,true,true,false,false,0,2,false,"overnight_00_05",2026-07-01 00:00:00.000000,26.8,0,12.6,"dry"
534,"HV0003",2026-07-01 00:12:53.000000,2026-07-01 00:17:14.000000,2026-07-01 00:17:27.000000,2026-07-01 00:55:24.000000,230,"Times Sq/Theatre District","Manhattan",61,"Crown Heights North","Brooklyn",11.59,37.95,4.5666666,4.35,0.21666667,"observed","valid",true,true,true,false,false,0,2,false,"overnight_00_05",2026-07-01 00:00:00.000000,26.8,0,12.6,"dry"
535,"HV0003",2026-06-30 23:55:56.000000,2026-07-01 00:00:16.000000,2026-07-01 00:02:16.000000,2026-07-01 00:28:32.000000,75,"East Harlem South","Manhattan",247,"West Concourse","Bronx",5.69,26.266666,6.3333335,4.3333335,2,"observed","valid",true,true,true,false,false,23,1,false,"evening_20_23",2026-06-30 23:00:00.000000,27.9,0,13.3,"dry"
536,"HV0003",2026-07-01 00:21:20.000000,2026-07-01 00:30:24.000000,2026-07-01 00:30:59.000000,2026-07-01 00:41:11.000000,119,"Highbridge","Bronx",127,"Inwood","Manhattan",3.28,10.2,9.65,9.066667,0.5833333,"observed","valid",true,true,true,false,false,0,2,false,"overnight_00_05",2026-07-01 00:00:00.000000,26.8,0,12.6,"dry"
537,"HV0003",2026-07-01 00:43:44.000000,2026-07-01 00:47:44.000000,2026-07-01 00:49:39.000000,2026-07-01 01:07:55.000000,243,"Washington Heights North","Manhattan",174,"Norwood","Bronx",5.65,18.266666,5.9166665,4,1.9166666,"observed","valid",true,true,true,false,false,0,2,false,"overnight_00_05",2026-07-01 00:00:00.000000,26.8,0,12.6,"dry"
538,"HV0003",2026-07-01 00:24:15.000000,2026-07-01 00:30:45.000000,2026-07-01 00:33:13.000000,2026-07-01 00:48:25.000000,223,"Steinway","Queens",202,"Roosevelt Island","Manhattan",2.58,15.2,8.966666,6.5,2.4666667,"observed","valid",true,true,true,false,false,0,2,false,"overnight_00_05",2026-07-01 00:00:00.000000,26.8,0,12.6,"dry"
539,"HV0003",2026-07-01 00:22:19.000000,2026-07-01 00:23:46.000000,2026-07-01 00:23:57.000000,2026-07-01 00:30:03.000000,237,"Upper East Side South","Manhattan",162,"Midtown East","Manhattan",1.38,6.1,1.6333333,1.45,0.18333334,"observed","valid",true,true,true,false,false,0,2,false,"overnight_00_05",2026-07-01 00:00:00.000000,26.8,0,12.6,"dry"
540,"HV0003",2026-07-01 00:28:48.000000,2026-07-01 00:30:34.000000,2026-07-01 00:30:46.000000,2026-07-01 00:38:09.000000,162,"Midtown East","Manhattan",230,"Times Sq/Theatre District","Manhattan",1.39,7.383333,1.9666667,1.7666667,0.2,"observed","valid",true,true,true,false,false,0,2,false,"overnight_00_05",2026-07-01 00:00:00.000000,26.8,0,12.6,"dry"
541,"HV0003",2026-07-01 00:36:21.000000,2026-07-01 00:44:22.000000,2026-07-01 00:44:22.000000,2026-07-01 01:10:32.000000,230,"Times Sq/Theatre District","Manhattan",56,"Corona","Queens",9.18,26.166666,8.016666,8.016666,0,"same_as_pickup","valid",true,false,true,false,false,0,2,false,"overnight_00_05",2026-07-01 00:00:00.000000,26.8,0,12.6,"dry"
542,"HV0003",2026-07-01 00:03:48.000000,2026-07-01 00:05:50.000000,2026-07-01 00:06:46.000000,2026-07-01 00:20:47.000000,61,"Crown Heights North","Brooklyn",89,"Flatbush/Ditmas Park","Brooklyn",2.51,14.016666,2.9666667,2.0333333,0.93333334,"observed","valid",true,true,true,false,false,0,2,false,"overnight_00_05",2026-07-01 00:00:00.000000,26.8,0,12.6,"dry"
543,"HV0003",2026-07-01 00:14:45.000000,2026-07-01 00:22:22.000000,2026-07-01 00:22:56.000000,2026-07-01 00:39:21.000000,89,"Flatbush/Ditmas Park","Brooklyn",149,"Madison","Brooklyn",3.66,16.416666,8.183333,7.616667,0.56666666,"observed","valid",true,true,true,false,false,0,2,false,"overnight_00_05",2026-07-01 00:00:00.000000,26.8,0,12.6,"dry"
544,"HV0003",2026-07-01 00:39:24.000000,2026-07-01 00:48:42.000000,2026-07-01 00:49:36.000000,2026-07-01 01:07:24.000000,210,"Sheepshead Bay","Brooklyn",89,"Flatbush/Ditmas Park","Brooklyn",4.35,17.8,10.2,9.3,0.9,"observed","valid",true,true,true,false,false,0,2,false,"overnight_00_05",2026-07-01 00:00:00.000000,26.8,0,12.6,"dry"
545,"HV0003",2026-06-30 23:56:45.000000,2026-06-30 23:59:17.000000,2026-07-01 00:00:08.000000,2026-07-01 00:17:54.000000,161,"Midtown Center","Manhattan",80,"East Williamsburg","Brooklyn",6.36,17.766666,3.3833334,2.5333333,0.85,"observed","valid",true,true,true,false,false,23,1,false,"evening_20_23",2026-06-30 23:00:00.000000,27.9,0,13.3,"dry"
546,"HV0003",2026-07-01 00:11:52.000000,2026-07-01 00:21:41.000000,2026-07-01 00:21:51.000000,2026-07-01 00:31:01.000000,80,"East Williamsburg","Brooklyn",36,"Bushwick North","Brooklyn",1.51,9.166667,9.983334,9.816667,0.16666667,"observed","valid",true,true,true,false,false,0,2,false,"overnight_00_05",2026-07-01 00:00:00.000000,26.8,0,12.6,"dry"
547,"HV0003",2026-07-01 00:15:55.000000,2026-07-01 00:32:33.000000,2026-07-01 00:32:57.000000,2026-07-01 00:59:59.000000,36,"Bushwick North","Brooklyn",134,"Kew Gardens","Queens",6.98,27.033333,17.033333,16.633333,0.4,"observed","valid",true,true,true,false,false,0,2,false,"overnight_00_05",2026-07-01 00:00:00.000000,26.8,0,12.6,"dry"
548,"HV0003",2026-07-01 00:03:57.000000,2026-07-01 00:08:11.000000,2026-07-01 00:08:58.000000,2026-07-01 00:14:04.000000,223,"Steinway","Queens",179,"Old Astoria","Queens",0.81,5.1,5.016667,4.233333,0.78333336,"observed","valid",true,true,true,false,false,0,2,false,"overnight_00_05",2026-07-01 00:00:00.000000,26.8,0,12.6,"dry"
549,"HV0003",2026-07-01 00:22:56.000000,2026-07-01 00:27:29.000000,2026-07-01 00:28:48.000000,2026-07-01 00:45:39.000000,179,"Old Astoria","Queens",80,"East Williamsburg","Brooklyn",6.46,16.85,5.866667,4.55,1.3166667,"observed","valid",true,true,true,false,false,0,2,false,"overnight_00_05",2026-07-01 00:00:00.000000,26.8,0,12.6,"dry"
550,"HV0003",2026-07-01 00:42:55.000000,2026-07-01 00:50:21.000000,2026-07-01 00:50:44.000000,2026-07-01 01:18:11.000000,80,"East Williamsburg","Brooklyn",147,"Longwood","Bronx",11.49,27.45,7.8166666,7.4333334,0.38333333,"observed","valid",true,true,true,false,false,0,2,false,"overnight_00_05",2026-07-01 00:00:00.000000,26.8,0,12.6,"dry"
551,"HV0003",2026-07-01 00:13:26.000000,2026-07-01 00:16:40.000000,2026-07-01 00:16:49.000000,2026-07-01 00:27:53.000000,123,"Homecrest","Brooklyn",89,"Flatbush/Ditmas Park","Brooklyn",2.55,11.066667,3.3833334,3.2333333,0.15,"observed","valid",true,true,true,false,false,0,2,false,"overnight_00_05",2026-07-01 00:00:00.000000,26.8,0,12.6,"dry"
552,"HV0003",2026-07-01 00:35:51.000000,2026-07-01 00:37:24.000000,2026-07-01 00:38:25.000000,2026-07-01 00:45:47.000000,89,"Flatbush/Ditmas Park","Brooklyn",89,"Flatbush/Ditmas Park","Brooklyn",1.11,7.366667,2.5666666,1.55,1.0166667,"observed","valid",true,true,true,false,false,0,2,false,"overnight_00_05",2026-07-01 00:00:00.000000,26.8,0,12.6,"dry"
553,"HV0003",2026-07-01 00:21:30.000000,2026-07-01 00:25:04.000000,2026-07-01 00:26:15.000000,2026-07-01 00:55:01.000000,230,"Times Sq/Theatre District","Manhattan",265,"Outside of NYC","N/A",6.91,28.766666,4.75,3.5666666,1.1833333,"observed","valid",true,true,true,false,false,0,2,false,"overnight_00_05",2026-07-01 00:00:00.000000,26.8,0,12.6,"dry"
554,"HV0003",2026-07-01 00:26:11.000000,2026-07-01 00:27:58.000000,2026-07-01 00:28:04.000000,2026-07-01 00:42:38.000000,170,"Murray Hill","Manhattan",211,"SoHo","Manhattan",2.7,14.566667,1.8833333,1.7833333,0.1,"observed","valid",true,true,true,false,false,0,2,false,"overnight_00_05",2026-07-01 00:00:00.000000,26.8,0,12.6,"dry"
555,"HV0003",2026-07-01 00:41:12.000000,2026-07-01 00:45:50.000000,2026-07-01 00:46:37.000000,2026-07-01 00:54:34.000000,125,"Hudson Sq","Manhattan",113,"Greenwich Village North","Manhattan",1.54,7.95,5.4166665,4.633333,0.78333336,"observed","valid",true,true,true,false,false,0,2,false,"overnight_00_05",2026-07-01 00:00:00.000000,26.8,0,12.6,"dry"
556,"HV0003",2026-07-01 00:55:34.000000,2026-07-01 00:58:54.000000,2026-07-01 00:59:01.000000,2026-07-01 01:06:11.000000,113,"Greenwich Village North","Manhattan",231,"TriBeCa/Civic Center","Manhattan",1.31,7.1666665,3.45,3.3333333,0.11666667,"observed","valid",true,true,true,false,false,0,2,false,"overnight_00_05",2026-07-01 00:00:00.000000,26.8,0,12.6,"dry"
557,"HV0005",2026-07-01 00:31:05.000000,2026-07-01 00:42:18.000000,2026-07-01 00:42:20.000000,2026-07-01 01:08:04.000000,138,"LaGuardia Airport","Queens",90,"Flatiron","Manhattan",10.801,25.733334,11.25,11.216666,0.033333335,"observed","valid",true,true,true,false,false,0,2,false,"overnight_00_05",2026-07-01 00:00:00.000000,26.8,0,12.6,"dry"
558,"HV0003",2026-06-30 23:54:20.000000,2026-07-01 00:01:08.000000,2026-07-01 00:01:47.000000,2026-07-01 00:38:15.000000,36,"Bushwick North","Brooklyn",243,"Washington Heights North","Manhattan",14.06,36.466667,7.45,6.8,0.65,"observed","valid",true,true,true,false,false,23,1,false,"evening_20_23",2026-06-30 23:00:00.000000,27.9,0,13.3,"dry"
559,"HV0003",2026-07-01 00:39:50.000000,2026-07-01 00:43:15.000000,2026-07-01 00:45:15.000000,2026-07-01 00:53:05.000000,243,"Washington Heights North","Manhattan",244,"Washington Heights South","Manhattan",1.03,7.8333335,5.4166665,3.4166667,2,"observed","valid",true,true,true,false,false,0,2,false,"overnight_00_05",2026-07-01 00:00:00.000000,26.8,0,12.6,"dry"
560,"HV0003",2026-07-01 00:47:27.000000,2026-07-01 00:56:31.000000,2026-07-01 00:56:58.000000,2026-07-01 01:17:59.000000,244,"Washington Heights South","Manhattan",208,"Schuylerville/Edgewater Park","Bronx",7.36,21.016666,9.516666,9.066667,0.45,"observed","valid",true,true,true,false,false,0,2,false,"overnight_00_05",2026-07-01 00:00:00.000000,26.8,0,12.6,"dry"
561,"HV0003",2026-07-01 00:19:44.000000,2026-07-01 00:27:05.000000,2026-07-01 00:28:26.000000,2026-07-01 01:06:30.000000,85,"Erasmus","Brooklyn",244,"Washington Heights South","Manhattan",19.97,38.066666,8.7,7.35,1.35,"observed","valid",true,true,true,false,false,0,2,false,"overnight_00_05",2026-07-01 00:00:00.000000,26.8,0,12.6,"dry"
562,"HV0003",2026-07-01 00:09:00.000000,2026-07-01 00:09:36.000000,2026-07-01 00:11:36.000000,2026-07-01 00:24:14.000000,247,"West Concourse","Bronx",94,"Fordham South","Bronx",2.29,12.633333,2.6,0.6,2,"observed","valid",true,true,true,true,false,0,2,false,"overnight_00_05",2026-07-01 00:00:00.000000,26.8,0,12.6,"dry"
563,"HV0003",2026-07-01 00:13:29.000000,2026-07-01 00:26:32.000000,2026-07-01 00:27:33.000000,2026-07-01 00:51:07.000000,94,"Fordham South","Bronx",129,"Jackson Heights","Queens",10.22,23.566668,14.066667,13.05,1.0166667,"observed","valid",true,true,true,false,false,0,2,false,"overnight_00_05",2026-07-01 00:00:00.000000,26.8,0,12.6,"dry"
564,"HV0003",2026-07-01 00:47:55.000000,2026-07-01 00:53:32.000000,2026-07-01 00:54:12.000000,2026-07-01 01:00:23.000000,129,"Jackson Heights","Queens",82,"Elmhurst","Queens",0.68,6.1833334,6.2833333,5.616667,0.6666667,"observed","valid",true,true,true,false,false,0,2,false,"overnight_00_05",2026-07-01 00:00:00.000000,26.8,0,12.6,"dry"
565,"HV0003",2026-07-01 00:03:48.000000,2026-07-01 00:06:59.000000,2026-07-01 00:07:16.000000,2026-07-01 00:13:51.000000,263,"Yorkville West","Manhattan",75,"East Harlem South","Manhattan",1.12,6.5833335,3.4666667,3.1833334,0.28333333,"observed","valid",true,true,true,false,false,0,2,false,"overnight_00_05",2026-07-01 00:00:00.000000,26.8,0,12.6,"dry"
566,"HV0003",2026-07-01 00:11:29.000000,2026-07-01 00:16:59.000000,2026-07-01 00:18:50.000000,2026-07-01 00:44:48.000000,263,"Yorkville West","Manhattan",228,"Sunset Park West","Brooklyn",12.96,25.966667,7.35,5.5,1.85,"observed","valid",true,true,true,false,false,0,2,false,"overnight_00_05",2026-07-01 00:00:00.000000,26.8,0,12.6,"dry"
567,"HV0003",2026-07-01 00:45:52.000000,2026-07-01 00:47:48.000000,2026-07-01 00:48:04.000000,2026-07-01 00:51:17.000000,228,"Sunset Park West","Brooklyn",228,"Sunset Park West","Brooklyn",0.84,3.2166667,2.2,1.9333333,0.26666668,"observed","valid",true,true,true,false,false,0,2,false,"overnight_00_05",2026-07-01 00:00:00.000000,26.8,0,12.6,"dry"
568,"HV0003",2026-07-01 00:51:18.000000,2026-07-01 00:55:36.000000,2026-07-01 00:57:37.000000,2026-07-01 01:04:20.000000,228,"Sunset Park West","Brooklyn",181,"Park Slope","Brooklyn",1.81,6.7166667,6.3166666,4.3,2.0166667,"observed","valid",true,true,true,false,false,0,2,false,"overnight_00_05",2026-07-01 00:00:00.000000,26.8,0,12.6,"dry"
569,"HV0003",2026-07-01 00:07:49.000000,2026-07-01 00:12:31.000000,2026-07-01 00:12:57.000000,2026-07-01 00:20:49.000000,114,"Greenwich Village South","Manhattan",249,"West Village","Manhattan",0.9,7.866667,5.133333,4.7,0.43333334,"observed","valid",true,true,true,false,false,0,2,false,"overnight_00_05",2026-07-01 00:00:00.000000,26.8,0,12.6,"dry"
570,"HV0003",2026-07-01 00:25:28.000000,2026-07-01 00:33:18.000000,2026-07-01 00:33:45.000000,2026-07-01 00:39:02.000000,211,"SoHo","Manhattan",231,"TriBeCa/Civic Center","Manhattan",1.1,5.2833333,8.283334,7.8333335,0.45,"observed","valid",true,true,true,false,false,0,2,false,"overnight_00_05",2026-07-01 00:00:00.000000,26.8,0,12.6,"dry"
571,"HV0003",2026-07-01 00:19:07.000000,2026-07-01 00:25:04.000000,2026-07-01 00:25:42.000000,2026-07-01 00:51:55.000000,230,"Times Sq/Theatre District","Manhattan",223,"Steinway","Queens",5.8,26.216667,6.5833335,5.95,0.6333333,"observed","valid",true,true,true,false,false,0,2,false,"overnight_00_05",2026-07-01 00:00:00.000000,26.8,0,12.6,"dry"
572,"HV0003",2026-07-01 00:07:34.000000,2026-07-01 00:07:42.000000,2026-07-01 00:09:42.000000,2026-07-01 00:21:03.000000,211,"SoHo","Manhattan",164,"Midtown South","Manhattan",2.06,11.35,2.1333334,0.13333334,2,"observed","valid",true,true,true,false,false,0,2,false,"overnight_00_05",2026-07-01 00:00:00.000000,26.8,0,12.6,"dry"
573,"HV0003",2026-07-01 00:16:52.000000,2026-07-01 00:24:23.000000,2026-07-01 00:25:05.000000,2026-07-01 00:54:37.000000,234,"Union Sq","Manhattan",242,"Van Nest/Morris Park","Bronx",12.66,29.533333,8.216666,7.516667,0.7,"observed","valid",true,true,true,false,false,0,2,false,"overnight_00_05",2026-07-01 00:00:00.000000,26.8,0,12.6,"dry"
574,"HV0003",2026-06-30 23:58:23.000000,2026-07-01 00:07:55.000000,2026-07-01 00:07:55.000000,2026-07-01 00:17:43.000000,59,"Crotona Park","Bronx",147,"Longwood","Bronx",1.98,9.8,9.533334,9.533334,0,"same_as_pickup","valid",true,false,true,false,false,23,1,false,"evening_20_23",2026-06-30 23:00:00.000000,27.9,0,13.3,"dry"
575,"HV0003",2026-07-01 00:07:26.000000,2026-07-01 00:19:46.000000,2026-07-01 00:20:41.000000,2026-07-01 00:37:01.000000,159,"Melrose South","Bronx",75,"East Harlem South","Manhattan",3.59,16.333334,13.25,12.333333,0.9166667,"observed","valid",true,true,true,false,false,0,2,false,"overnight_00_05",2026-07-01 00:00:00.000000,26.8,0,12.6,"dry"
576,"HV0005",2026-07-01 00:50:06.000000,2026-07-01 00:53:07.000000,2026-07-01 00:54:38.000000,2026-07-01 01:15:43.000000,263,"Yorkville West","Manhattan",129,"Jackson Heights","Queens",8.265,21.083334,4.5333333,3.0166667,1.5166667,"observed","valid",true,true,true,false,false,0,2,false,"overnight_00_05",2026-07-01 00:00:00.000000,26.8,0,12.6,"dry"
577,"HV0003",2026-07-01 00:10:11.000000,2026-07-01 00:13:01.000000,2026-07-01 00:13:47.000000,2026-07-01 00:23:49.000000,144,"Little Italy/NoLiTa","Manhattan",79,"East Village","Manhattan",1.27,10.033334,3.6,2.8333333,0.76666665,"observed","valid",true,true,true,false,false,0,2,false,"overnight_00_05",2026-07-01 00:00:00.000000,26.8,0,12.6,"dry"
578,"HV0003",2026-07-01 00:30:18.000000,2026-07-01 00:31:29.000000,2026-07-01 00:33:30.000000,2026-07-01 00:38:22.000000,79,"East Village","Manhattan",107,"Gramercy","Manhattan",0.89,4.866667,3.2,1.1833333,2.0166667,"observed","valid",true,true,true,false,false,0,2,false,"overnight_00_05",2026-07-01 00:00:00.000000,26.8,0,12.6,"dry"
579,"HV0003",2026-07-01 00:41:59.000000,2026-07-01 00:49:45.000000,2026-07-01 00:50:02.000000,2026-07-01 01:20:37.000000,113,"Greenwich Village North","Manhattan",244,"Washington Heights South","Manhattan",9.37,30.583334,8.05,7.766667,0.28333333,"observed","valid",true,true,true,false,false,0,2,false,"overnight_00_05",2026-07-01 00:00:00.000000,26.8,0,12.6,"dry"
580,"HV0003",2026-07-01 00:13:55.000000,2026-07-01 00:16:09.000000,2026-07-01 00:17:33.000000,2026-07-01 00:23:32.000000,116,"Hamilton Heights","Manhattan",116,"Hamilton Heights","Manhattan",0.67,5.983333,3.6333334,2.2333333,1.4,"observed","valid",true,true,true,false,false,0,2,false,"overnight_00_05",2026-07-01 00:00:00.000000,26.8,0,12.6,"dry"
581,"HV0003",2026-07-01 00:16:39.000000,2026-07-01 00:27:21.000000,2026-07-01 00:27:56.000000,2026-07-01 00:38:47.000000,116,"Hamilton Heights","Manhattan",127,"Inwood","Manhattan",4.69,10.85,11.283334,10.7,0.5833333,"observed","valid",true,true,true,false,false,0,2,false,"overnight_00_05",2026-07-01 00:00:00.000000,26.8,0,12.6,"dry"
582,"HV0003",2026-07-01 00:31:05.000000,2026-07-01 00:39:09.000000,2026-07-01 00:40:26.000000,2026-07-01 01:08:44.000000,127,"Inwood","Manhattan",265,"Outside of NYC","N/A",12.66,28.3,9.35,8.066667,1.2833333,"observed","valid",true,true,true,false,false,0,2,false,"overnight_00_05",2026-07-01 00:00:00.000000,26.8,0,12.6,"dry"
583,"HV0003",2026-07-01 00:13:01.000000,2026-07-01 00:16:53.000000,2026-07-01 00:19:27.000000,2026-07-01 00:26:56.000000,161,"Midtown Center","Manhattan",237,"Upper East Side South","Manhattan",1.27,7.483333,6.4333334,3.8666666,2.5666666,"observed","valid",true,true,true,false,false,0,2,false,"overnight_00_05",2026-07-01 00:00:00.000000,26.8,0,12.6,"dry"
584,"HV0003",2026-07-01 00:30:05.000000,2026-07-01 00:33:13.000000,2026-07-01 00:33:51.000000,2026-07-01 00:41:37.000000,236,"Upper East Side North","Manhattan",161,"Midtown Center","Manhattan",1.57,7.766667,3.7666667,3.1333334,0.6333333,"observed","valid",true,true,true,false,false,0,2,false,"overnight_00_05",2026-07-01 00:00:00.000000,26.8,0,12.6,"dry"
585,"HV0003",2026-07-01 00:01:50.000000,2026-07-01 00:04:09.000000,2026-07-01 00:05:33.000000,2026-07-01 00:16:56.000000,161,"Midtown Center","Manhattan",246,"West Chelsea/Hudson Yards","Manhattan",2.03,11.383333,3.7166667,2.3166666,1.4,"observed","valid",true,true,true,false,false,0,2,false,"overnight_00_05",2026-07-01 00:00:00.000000,26.8,0,12.6,"dry"
586,"HV0003",2026-07-01 00:07:01.000000,2026-07-01 00:12:48.000000,2026-07-01 00:13:20.000000,2026-07-01 00:24:37.000000,223,"Steinway","Queens",129,"Jackson Heights","Queens",3.07,11.283334,6.3166666,5.7833333,0.53333336,"observed","valid",true,true,true,false,false,0,2,false,"overnight_00_05",2026-07-01 00:00:00.000000,26.8,0,12.6,"dry"
587,"HV0003",2026-07-01 00:11:27.000000,2026-07-01 00:26:08.000000,2026-07-01 00:27:04.000000,2026-07-01 00:50:19.000000,82,"Elmhurst","Queens",198,"Ridgewood","Queens",4.29,23.25,15.616667,14.683333,0.93333334,"observed","valid",true,true,true,false,false,0,2,false,"overnight_00_05",2026-07-01 00:00:00.000000,26.8,0,12.6,"dry"
588,"HV0003",2026-07-01 00:49:53.000000,2026-07-01 00:53:28.000000,2026-07-01 00:54:00.000000,2026-07-01 01:10:34.000000,198,"Ridgewood","Queens",258,"Woodhaven","Queens",3.23,16.566668,4.116667,3.5833333,0.53333336,"observed","valid",true,true,true,false,false,0,2,false,"overnight_00_05",2026-07-01 00:00:00.000000,26.8,0,12.6,"dry"
589,"HV0003",2026-07-01 00:01:57.000000,2026-07-01 00:05:24.000000,2026-07-01 00:05:24.000000,2026-07-01 00:28:22.000000,246,"West Chelsea/Hudson Yards","Manhattan",265,"Outside of NYC","N/A",12.12,22.966667,3.45,3.45,0,"same_as_pickup","valid",true,false,true,false,false,0,2,false,"overnight_00_05",2026-07-01 00:00:00.000000,26.8,0,12.6,"dry"
590,"HV0003",2026-06-30 23:53:28.000000,2026-07-01 00:00:44.000000,2026-07-01 00:00:47.000000,2026-07-01 00:50:33.000000,85,"Erasmus","Brooklyn",265,"Outside of NYC","N/A",23.05,49.766666,7.3166666,7.266667,0.05,"observed","valid",true,true,true,false,false,23,1,false,"evening_20_23",2026-06-30 23:00:00.000000,27.9,0,13.3,"dry"
591,"HV0003",2026-07-01 00:04:28.000000,2026-07-01 00:08:00.000000,2026-07-01 00:08:31.000000,2026-07-01 00:24:18.000000,161,"Midtown Center","Manhattan",79,"East Village","Manhattan",3.13,15.783334,4.05,3.5333333,0.51666665,"observed","valid",true,true,true,false,false,0,2,false,"overnight_00_05",2026-07-01 00:00:00.000000,26.8,0,12.6,"dry"
592,"HV0005",2026-07-01 00:23:39.000000,2026-07-01 00:29:27.000000,2026-07-01 00:29:54.000000,2026-07-01 00:54:05.000000,79,"East Village","Manhattan",225,"Stuyvesant Heights","Brooklyn",5.101,24.183332,6.25,5.8,0.45,"observed","valid",true,true,true,false,false,0,2,false,"overnight_00_05",2026-07-01 00:00:00.000000,26.8,0,12.6,"dry"
593,"HV0003",2026-06-30 23:58:45.000000,2026-07-01 00:04:10.000000,2026-07-01 00:05:04.000000,2026-07-01 00:20:26.000000,130,"Jamaica","Queens",219,"Springfield Gardens South","Queens",6.02,15.366667,6.3166666,5.4166665,0.9,"observed","valid",true,true,true,false,false,23,1,false,"evening_20_23",2026-06-30 23:00:00.000000,27.9,0,13.3,"dry"
594,"HV0003",2026-07-01 00:28:03.000000,2026-07-01 00:34:18.000000,2026-07-01 00:34:55.000000,2026-07-01 00:47:03.000000,218,"Springfield Gardens North","Queens",219,"Springfield Gardens South","Queens",2.21,12.133333,6.866667,6.25,0.6166667,"observed","valid",true,true,true,false,false,0,2,false,"overnight_00_05",2026-07-01 00:00:00.000000,26.8,0,12.6,"dry"
595,"HV0005",2026-07-01 00:15:33.000000,2026-07-01 00:19:34.000000,2026-07-01 00:19:40.000000,2026-07-01 00:28:13.000000,32,"Bronxdale","Bronx",81,"Eastchester","Bronx",1.866,8.55,4.116667,4.016667,0.1,"observed","valid",true,true,true,false,false,0,2,false,"overnight_00_05",2026-07-01 00:00:00.000000,26.8,0,12.6,"dry"
596,"HV0005",2026-07-01 00:38:56.000000,2026-07-01 00:43:52.000000,2026-07-01 00:43:57.000000,2026-07-01 00:52:08.000000,254,"Williamsbridge/Olinville","Bronx",259,"Woodlawn/Wakefield","Bronx",1.9,8.183333,5.016667,4.9333334,0.083333336,"observed","valid",true,true,true,false,false,0,2,false,"overnight_00_05",2026-07-01 00:00:00.000000,26.8,0,12.6,"dry"
597,"HV0005",2026-07-01 00:54:13.000000,2026-07-01 00:57:16.000000,2026-07-01 00:57:33.000000,2026-07-01 01:01:13.000000,259,"Woodlawn/Wakefield","Bronx",254,"Williamsbridge/Olinville","Bronx",0.718,3.6666667,3.3333333,3.05,0.28333333,"observed","valid",true,true,true,false,false,0,2,false,"overnight_00_05",2026-07-01 00:00:00.000000,26.8,0,12.6,"dry"
598,"HV0003",2026-07-01 00:34:00.000000,2026-07-01 00:39:19.000000,2026-07-01 00:39:48.000000,2026-07-01 00:51:22.000000,129,"Jackson Heights","Queens",82,"Elmhurst","Queens",1.51,11.566667,5.8,5.3166666,0.48333332,"observed","valid",true,true,true,true,false,0,2,false,"overnight_00_05",2026-07-01 00:00:00.000000,26.8,0,12.6,"dry"
599,"HV0003",2026-07-01 00:51:32.000000,2026-07-01 00:54:01.000000,2026-07-01 00:54:37.000000,2026-07-01 01:02:43.000000,82,"Elmhurst","Queens",56,"Corona","Queens",1.55,8.1,3.0833333,2.4833333,0.6,"observed","valid",true,true,true,false,false,0,2,false,"overnight_00_05",2026-07-01 00:00:00.000000,26.8,0,12.6,"dry"
600,"HV0005",2026-07-01 00:06:41.000000,2026-07-01 00:09:22.000000,2026-07-01 00:09:27.000000,2026-07-01 00:20:38.000000,181,"Park Slope","Brooklyn",257,"Windsor Terrace","Brooklyn",2.691,11.183333,2.7666667,2.6833334,0.083333336,"observed","valid",true,true,true,false,false,0,2,false,"overnight_00_05",2026-07-01 00:00:00.000000,26.8,0,12.6,"dry"
601,"HV0003",2026-07-01 00:19:39.000000,2026-07-01 00:22:58.000000,2026-07-01 00:23:22.000000,2026-07-01 00:31:51.000000,32,"Bronxdale","Bronx",81,"Eastchester","Bronx",1.79,8.483334,3.7166667,3.3166666,0.4,"observed","valid",true,true,true,false,false,0,2,false,"overnight_00_05",2026-07-01 00:00:00.000000,26.8,0,12.6,"dry"
602,"HV0003",2026-07-01 00:50:37.000000,2026-07-01 00:51:50.000000,2026-07-01 00:53:49.000000,2026-07-01 01:08:22.000000,212,"Soundview/Bruckner","Bronx",78,"East Tremont","Bronx",2.45,14.55,3.2,1.2166667,1.9833333,"observed","valid",true,true,true,false,false,0,2,false,"overnight_00_05",2026-07-01 00:00:00.000000,26.8,0,12.6,"dry"
603,"HV0005",2026-07-01 00:08:07.000000,2026-07-01 00:12:56.000000,2026-07-01 00:13:50.000000,2026-07-01 00:23:21.000000,80,"East Williamsburg","Brooklyn",17,"Bedford","Brooklyn",1.682,9.516666,5.7166667,4.8166666,0.9,"observed","valid",true,true,true,false,false,0,2,false,"overnight_00_05",2026-07-01 00:00:00.000000,26.8,0,12.6,"dry"
604,"HV0003",2026-06-30 23:52:38.000000,2026-07-01 00:04:32.000000,2026-07-01 00:06:32.000000,2026-07-01 00:37:05.000000,53,"College Point","Queens",139,"Laurelton","Queens",13.06,30.55,13.9,11.9,2,"observed","valid",true,true,true,false,false,23,1,false,"evening_20_23",2026-06-30 23:00:00.000000,27.9,0,13.3,"dry"
605,"HV0003",2026-07-01 00:14:57.000000,2026-07-01 00:17:14.000000,2026-07-01 00:17:56.000000,2026-07-01 00:40:09.000000,229,"Sutton Place/Turtle Bay North","Manhattan",40,"Carroll Gardens","Brooklyn",7.97,22.216667,2.9833333,2.2833333,0.7,"observed","valid",true,true,true,false,false,0,2,false,"overnight_00_05",2026-07-01 00:00:00.000000,26.8,0,12.6,"dry"
606,"HV0005",2026-07-01 00:13:46.000000,2026-07-01 00:15:43.000000,2026-07-01 00:15:56.000000,2026-07-01 00:45:33.000000,140,"Lenox Hill East","Manhattan",129,"Jackson Heights","Queens",5.555,29.616667,2.1666667,1.95,0.21666667,"observed","valid",true,true,true,false,false,0,2,false,"overnight_00_05",2026-07-01 00:00:00.000000,26.8,0,12.6,"dry"
607,"HV0003",2026-07-01 00:08:38.000000,2026-07-01 00:11:46.000000,2026-07-01 00:12:29.000000,2026-07-01 00:21:47.000000,158,"Meatpacking/West Village West","Manhattan",211,"SoHo","Manhattan",1.8,9.3,3.85,3.1333334,0.71666664,"observed","valid",true,true,true,false,false,0,2,false,"overnight_00_05",2026-07-01 00:00:00.000000,26.8,0,12.6,"dry"
608,"HV0003",2026-07-01 00:19:20.000000,2026-07-01 00:21:34.000000,2026-07-01 00:22:21.000000,2026-07-01 00:37:22.000000,211,"SoHo","Manhattan",189,"Prospect Heights","Brooklyn",3.72,15.016666,3.0166667,2.2333333,0.78333336,"observed","valid",true,true,true,false,false,0,2,false,"overnight_00_05",2026-07-01 00:00:00.000000,26.8,0,12.6,"dry"
609,"HV0003",2026-06-30 23:57:46.000000,2026-07-01 00:00:07.000000,2026-07-01 00:01:45.000000,2026-07-01 00:12:58.000000,162,"Midtown East","Manhattan",234,"Union Sq","Manhattan",2.08,11.216666,3.9833333,2.35,1.6333333,"observed","valid",true,true,true,false,false,23,1,false,"evening_20_23",2026-06-30 23:00:00.000000,27.9,0,13.3,"dry"
610,"HV0003",2026-07-01 00:20:49.000000,2026-07-01 00:23:23.000000,2026-07-01 00:23:27.000000,2026-07-01 00:34:20.000000,234,"Union Sq","Manhattan",148,"Lower East Side","Manhattan",1.96,10.883333,2.6333334,2.5666666,0.06666667,"observed","valid",true,true,true,false,false,0,2,false,"overnight_00_05",2026-07-01 00:00:00.000000,26.8,0,12.6,"dry"
611,"HV0003",2026-07-01 00:35:30.000000,2026-07-01 00:40:35.000000,2026-07-01 00:41:06.000000,2026-07-01 01:00:56.000000,79,"East Village","Manhattan",37,"Bushwick South","Brooklyn",5.43,19.833334,5.6,5.0833335,0.51666665,"observed","valid",true,true,true,false,false,0,2,false,"overnight_00_05",2026-07-01 00:00:00.000000,26.8,0,12.6,"dry"
612,"HV0005",2026-07-01 00:15:19.000000,2026-07-01 00:16:56.000000,2026-07-01 00:17:10.000000,2026-07-01 00:22:26.000000,140,"Lenox Hill East","Manhattan",141,"Lenox Hill West","Manhattan",0.8,5.266667,1.85,1.6166667,0.23333333,"observed","valid",true,true,true,false,false,0,2,false,"overnight_00_05",2026-07-01 00:00:00.000000,26.8,0,12.6,"dry"
613,"HV0005",2026-07-01 00:23:39.000000,2026-07-01 00:24:40.000000,2026-07-01 00:24:57.000000,2026-07-01 00:40:18.000000,237,"Upper East Side South","Manhattan",42,"Central Harlem North","Manhattan",3.467,15.35,1.3,1.0166667,0.28333333,"observed","valid",true,true,true,false,false,0,2,false,"overnight_00_05",2026-07-01 00:00:00.000000,26.8,0,12.6,"dry"
614,"HV0005",2026-07-01 00:42:55.000000,2026-07-01 00:47:07.000000,2026-07-01 00:47:59.000000,2026-07-01 00:58:53.000000,74,"East Harlem North","Manhattan",126,"Hunts Point","Bronx",2.801,10.9,5.0666666,4.2,0.8666667,"observed","valid",true,true,true,false,false,0,2,false,"overnight_00_05",2026-07-01 00:00:00.000000,26.8,0,12.6,"dry"
615,"HV0003",2026-07-01 00:20:42.000000,2026-07-01 00:27:23.000000,2026-07-01 00:27:42.000000,2026-07-01 00:49:58.000000,255,"Williamsburg (North Side)","Brooklyn",161,"Midtown Center","Manhattan",6.42,22.266666,7,6.6833334,0.31666666,"observed","valid",true,true,true,false,false,0,2,false,"overnight_00_05",2026-07-01 00:00:00.000000,26.8,0,12.6,"dry"
616,"HV0003",2026-07-01 00:48:45.000000,2026-07-01 00:52:47.000000,2026-07-01 00:53:10.000000,2026-07-01 01:01:57.000000,161,"Midtown Center","Manhattan",48,"Clinton East","Manhattan",1.32,8.783334,4.4166665,4.0333333,0.38333333,"observed","valid",true,true,true,false,false,0,2,false,"overnight_00_05",2026-07-01 00:00:00.000000,26.8,0,12.6,"dry"
617,"HV0003",2026-07-01 00:20:01.000000,2026-07-01 00:21:53.000000,2026-07-01 00:22:11.000000,2026-07-01 00:29:12.000000,236,"Upper East Side North","Manhattan",75,"East Harlem South","Manhattan",1.55,7.016667,2.1666667,1.8666667,0.3,"observed","valid",true,true,true,false,false,0,2,false,"overnight_00_05",2026-07-01 00:00:00.000000,26.8,0,12.6,"dry"
618,"HV0003",2026-07-01 00:41:22.000000,2026-07-01 00:43:25.000000,2026-07-01 00:44:05.000000,2026-07-01 01:21:29.000000,237,"Upper East Side South","Manhattan",216,"South Ozone Park","Queens",12.03,37.4,2.7166667,2.05,0.6666667,"observed","valid",true,true,true,false,false,0,2,false,"overnight_00_05",2026-07-01 00:00:00.000000,26.8,0,12.6,"dry"
619,"HV0003",2026-06-30 23:59:27.000000,2026-07-01 00:11:20.000000,2026-07-01 00:11:23.000000,2026-07-01 00:30:59.000000,226,"Sunnyside","Queens",121,"Hillcrest/Pomonok","Queens",8.45,19.6,11.933333,11.883333,0.05,"observed","valid",true,true,true,false,false,23,1,false,"evening_20_23",2026-06-30 23:00:00.000000,27.9,0,13.3,"dry"
620,"HV0003",2026-07-01 00:33:34.000000,2026-07-01 00:35:31.000000,2026-07-01 00:36:25.000000,2026-07-01 00:44:48.000000,215,"South Jamaica","Queens",28,"Briarwood/Jamaica Hills","Queens",1.29,8.383333,2.85,1.95,0.9,"observed","valid",true,true,true,false,false,0,2,false,"overnight_00_05",2026-07-01 00:00:00.000000,26.8,0,12.6,"dry"
621,"HV0003",2026-07-01 00:49:28.000000,2026-07-01 00:54:43.000000,2026-07-01 00:55:30.000000,2026-07-01 01:05:11.000000,130,"Jamaica","Queens",10,"Baisley Park","Queens",2.07,9.683333,6.0333333,5.25,0.78333336,"observed","valid",true,true,true,false,false,0,2,false,"overnight_00_05",2026-07-01 00:00:00.000000,26.8,0,12.6,"dry"
622,"HV0003",2026-07-01 00:06:45.000000,2026-07-01 00:09:46.000000,2026-07-01 00:10:12.000000,2026-07-01 00:18:49.000000,198,"Ridgewood","Queens",36,"Bushwick North","Brooklyn",1.11,8.616667,3.45,3.0166667,0.43333334,"observed","valid",true,true,true,false,false,0,2,false,"overnight_00_05",2026-07-01 00:00:00.000000,26.8,0,12.6,"dry"
623,"HV0003",2026-07-01 00:15:44.000000,2026-07-01 00:36:14.000000,2026-07-01 00:36:31.000000,2026-07-01 00:50:44.000000,37,"Bushwick South","Brooklyn",72,"East Flatbush/Remsen Village","Brooklyn",2.67,14.216666,20.783333,20.5,0.28333333,"observed","valid",true,true,true,false,false,0,2,false,"overnight_00_05",2026-07-01 00:00:00.000000,26.8,0,12.6,"dry"
624,"HV0003",2026-06-30 23:58:50.000000,2026-07-01 00:07:06.000000,2026-07-01 00:07:25.000000,2026-07-01 00:20:28.000000,152,"Manhattanville","Manhattan",235,"University Heights/Morris Heights","Bronx",5.03,13.05,8.583333,8.266666,0.31666666,"observed","valid",true,true,true,false,false,23,1,false,"evening_20_23",2026-06-30 23:00:00.000000,27.9,0,13.3,"dry"
625,"HV0003",2026-07-01 00:21:43.000000,2026-07-01 00:24:50.000000,2026-07-01 00:26:21.000000,2026-07-01 00:33:01.000000,235,"University Heights/Morris Heights","Bronx",247,"West Concourse","Bronx",0.96,6.6666665,4.633333,3.1166666,1.5166667,"observed","valid",true,true,true,false,false,0,2,false,"overnight_00_05",2026-07-01 00:00:00.000000,26.8,0,12.6,"dry"
626,"HV0003",2026-07-01 00:28:17.000000,2026-07-01 00:36:10.000000,2026-07-01 00:38:10.000000,2026-07-01 01:14:15.000000,247,"West Concourse","Bronx",37,"Bushwick South","Brooklyn",13.97,36.083332,9.883333,7.883333,2,"observed","valid",true,true,true,false,false,0,2,false,"overnight_00_05",2026-07-01 00:00:00.000000,26.8,0,12.6,"dry"
627,"HV0003",2026-07-01 00:00:42.000000,2026-07-01 00:16:41.000000,2026-07-01 00:18:41.000000,2026-07-01 00:43:34.000000,95,"Forest Hills","Queens",39,"Canarsie","Brooklyn",11.78,24.883333,17.983334,15.983334,2,"observed","valid",true,true,true,false,false,0,2,false,"overnight_00_05",2026-07-01 00:00:00.000000,26.8,0,12.6,"dry"
628,"HV0005",2026-07-01 00:46:45.000000,2026-07-01 00:50:16.000000,2026-07-01 00:50:43.000000,2026-07-01 00:59:37.000000,39,"Canarsie","Brooklyn",61,"Crown Heights North","Brooklyn",2.468,8.9,3.9666667,3.5166667,0.45,"observed","valid",true,true,true,false,false,0,2,false,"overnight_00_05",2026-07-01 00:00:00.000000,26.8,0,12.6,"dry"
629,"HV0003",2026-06-30 23:57:30.000000,2026-06-30 23:59:35.000000,2026-07-01 00:00:29.000000,2026-07-01 00:30:23.000000,164,"Midtown South","Manhattan",265,"Outside of NYC","N/A",5.83,29.9,2.9833333,2.0833333,0.9,"observed","valid",true,true,true,false,false,23,1,false,"evening_20_23",2026-06-30 23:00:00.000000,27.9,0,13.3,"dry"
630,"HV0005",2026-06-30 23:58:50.000000,2026-07-01 00:03:38.000000,2026-07-01 00:04:17.000000,2026-07-01 00:13:52.000000,188,"Prospect-Lefferts Gardens","Brooklyn",89,"Flatbush/Ditmas Park","Brooklyn",1.686,9.583333,5.45,4.8,0.65,"observed","valid",true,true,true,false,false,23,1,false,"evening_20_23",2026-06-30 23:00:00.000000,27.9,0,13.3,"dry"
631,"HV0005",2026-07-01 00:20:47.000000,2026-07-01 00:22:45.000000,2026-07-01 00:23:37.000000,2026-07-01 00:47:14.000000,89,"Flatbush/Ditmas Park","Brooklyn",76,"East New York","Brooklyn",4.888,23.616667,2.8333333,1.9666667,0.8666667,"observed","valid",true,true,true,false,false,0,2,false,"overnight_00_05",2026-07-01 00:00:00.000000,26.8,0,12.6,"dry"
632,"HV0005",2026-07-01 00:51:14.000000,2026-07-01 00:57:24.000000,2026-07-01 00:57:51.000000,2026-07-01 01:00:03.000000,35,"Brownsville","Brooklyn",35,"Brownsville","Brooklyn",0.308,2.2,6.616667,6.1666665,0.45,"observed","valid",true,true,true,false,false,0,2,false,"overnight_00_05",2026-07-01 00:00:00.000000,26.8,0,12.6,"dry"
633,"HV0005",2026-07-01 00:15:57.000000,2026-07-01 00:25:12.000000,2026-07-01 00:26:50.000000,2026-07-01 00:51:39.000000,255,"Williamsburg (North Side)","Brooklyn",61,"Crown Heights North","Brooklyn",3.501,24.816668,10.883333,9.25,1.6333333,"observed","valid",true,true,true,false,false,0,2,false,"overnight_00_05",2026-07-01 00:00:00.000000,26.8,0,12.6,"dry"
634,"HV0005",2026-07-01 00:55:33.000000,2026-07-01 00:58:30.000000,2026-07-01 00:58:34.000000,2026-07-01 01:37:08.000000,225,"Stuyvesant Heights","Brooklyn",238,"Upper West Side North","Manhattan",11.529,38.566666,3.0166667,2.95,0.06666667,"observed","valid",true,true,true,false,false,0,2,false,"overnight_00_05",2026-07-01 00:00:00.000000,26.8,0,12.6,"dry"
635,"HV0003",2026-07-01 00:17:41.000000,2026-07-01 00:23:37.000000,2026-07-01 00:23:37.000000,2026-07-01 00:37:54.000000,161,"Midtown Center","Manhattan",125,"Hudson Sq","Manhattan",3.25,14.283334,5.9333334,5.9333334,0,"same_as_pickup","valid",true,false,true,false,false,0,2,false,"overnight_00_05",2026-07-01 00:00:00.000000,26.8,0,12.6,"dry"
636,"HV0003",2026-07-01 00:38:58.000000,2026-07-01 00:41:10.000000,2026-07-01 00:42:13.000000,2026-07-01 00:53:15.000000,211,"SoHo","Manhattan",100,"Garment District","Manhattan",2.53,11.033334,3.25,2.2,1.05,"observed","valid",true,true,true,false,false,0,2,false,"overnight_00_05",2026-07-01 00:00:00.000000,26.8,0,12.6,"dry"
637,"HV0003",2026-06-30 23:58:37.000000,2026-07-01 00:00:46.000000,2026-07-01 00:01:41.000000,2026-07-01 00:28:21.000000,77,"East New York/Pennsylvania Avenue","Brooklyn",205,"Saint Albans","Queens",8.86,26.666666,3.0666666,2.15,0.9166667,"observed","valid",true,true,true,false,false,23,1,false,"evening_20_23",2026-06-30 23:00:00.000000,27.9,0,13.3,"dry"
638,"HV0003",2026-07-01 00:28:32.000000,2026-07-01 00:36:02.000000,2026-07-01 00:36:15.000000,2026-07-01 00:54:46.000000,218,"Springfield Gardens North","Queens",76,"East New York","Brooklyn",7.33,18.516666,7.7166667,7.5,0.21666667,"observed","valid",true,true,true,false,false,0,2,false,"overnight_00_05",2026-07-01 00:00:00.000000,26.8,0,12.6,"dry"
639,"HV0005",2026-07-01 00:12:49.000000,2026-07-01 00:17:45.000000,2026-07-01 00:19:41.000000,2026-07-01 00:24:07.000000,146,"Long Island City/Queens Plaza","Queens",146,"Long Island City/Queens Plaza","Queens",0.469,4.4333334,6.866667,4.9333334,1.9333333,"observed","valid",true,true,true,false,false,0,2,false,"overnight_00_05",2026-07-01 00:00:00.000000,26.8,0,12.6,"dry"
640,"HV0005",2026-07-01 00:19:36.000000,2026-07-01 00:27:22.000000,2026-07-01 00:28:10.000000,2026-07-01 00:52:10.000000,7,"Astoria","Queens",129,"Jackson Heights","Queens",4.355,24,8.566667,7.766667,0.8,"observed","valid",true,true,true,false,false,0,2,false,"overnight_00_05",2026-07-01 00:00:00.000000,26.8,0,12.6,"dry"
641,"HV0003",2026-06-30 23:59:00.000000,2026-06-30 23:59:36.000000,2026-07-01 00:01:10.000000,2026-07-01 00:18:11.000000,82,"Elmhurst","Queens",129,"Jackson Heights","Queens",2.74,17.016666,2.1666667,0.6,1.5666667,"observed","valid",true,true,true,true,false,23,1,false,"evening_20_23",2026-06-30 23:00:00.000000,27.9,0,13.3,"dry"
642,"HV0003",2026-07-01 00:06:34.000000,2026-07-01 00:21:32.000000,2026-07-01 00:23:29.000000,2026-07-01 00:35:06.000000,129,"Jackson Heights","Queens",260,"Woodside","Queens",1.85,11.616667,16.916666,14.966666,1.95,"observed","valid",true,true,true,false,false,0,2,false,"overnight_00_05",2026-07-01 00:00:00.000000,26.8,0,12.6,"dry"
643,"HV0003",2026-07-01 00:24:11.000000,2026-07-01 00:41:24.000000,2026-07-01 00:41:43.000000,2026-07-01 00:53:44.000000,7,"Astoria","Queens",129,"Jackson Heights","Queens",2.24,12.016666,17.533333,17.216667,0.31666666,"observed","valid",true,true,true,false,false,0,2,false,"overnight_00_05",2026-07-01 00:00:00.000000,26.8,0,12.6,"dry"
644,"HV0003",2026-07-01 00:48:18.000000,2026-07-01 00:57:36.000000,2026-07-01 00:58:19.000000,2026-07-01 01:05:23.000000,129,"Jackson Heights","Queens",260,"Woodside","Queens",1.16,7.0666666,10.016666,9.3,0.71666664,"observed","valid",true,true,true,false,false,0,2,false,"overnight_00_05",2026-07-01 00:00:00.000000,26.8,0,12.6,"dry"
645,"HV0003",2026-07-01 00:03:05.000000,2026-07-01 00:06:41.000000,2026-07-01 00:07:50.000000,2026-07-01 00:48:22.000000,79,"East Village","Manhattan",265,"Outside of NYC","N/A",14.32,40.533333,4.75,3.6,1.15,"observed","valid",true,true,true,false,false,0,2,false,"overnight_00_05",2026-07-01 00:00:00.000000,26.8,0,12.6,"dry"
646,"HV0005",2026-07-01 00:19:54.000000,2026-07-01 00:26:27.000000,2026-07-01 00:26:57.000000,2026-07-01 00:49:38.000000,125,"Hudson Sq","Manhattan",265,"Outside of NYC","N/A",3.582,22.683332,7.05,6.55,0.5,"observed","valid",true,true,true,false,false,0,2,false,"overnight_00_05",2026-07-01 00:00:00.000000,26.8,0,12.6,"dry"
647,"HV0003",2026-06-30 23:53:37.000000,2026-07-01 00:05:08.000000,2026-07-01 00:06:27.000000,2026-07-01 00:09:03.000000,131,"Jamaica Estates","Queens",130,"Jamaica","Queens",0.5,2.6,12.833333,11.516666,1.3166667,"observed","valid",true,true,true,false,false,23,1,false,"evening_20_23",2026-06-30 23:00:00.000000,27.9,0,13.3,"dry"
648,"HV0003",2026-07-01 00:10:37.000000,2026-07-01 00:13:08.000000,2026-07-01 00:13:19.000000,2026-07-01 00:19:50.000000,131,"Jamaica Estates","Queens",122,"Hollis","Queens",1.41,6.516667,2.7,2.5166667,0.18333334,"observed","valid",true,true,true,false,false,0,2,false,"overnight_00_05",2026-07-01 00:00:00.000000,26.8,0,12.6,"dry"
649,"HV0003",2026-07-01 00:28:03.000000,2026-07-01 00:32:40.000000,2026-07-01 00:32:58.000000,2026-07-01 00:52:40.000000,95,"Forest Hills","Queens",28,"Briarwood/Jamaica Hills","Queens",5.87,19.7,4.9166665,4.616667,0.3,"observed","valid",true,true,true,false,false,0,2,false,"overnight_00_05",2026-07-01 00:00:00.000000,26.8,0,12.6,"dry"
650,"HV0003",2026-07-01 00:53:08.000000,2026-07-01 00:56:20.000000,2026-07-01 00:56:58.000000,2026-07-01 01:05:02.000000,130,"Jamaica","Queens",10,"Baisley Park","Queens",1.97,8.066667,3.8333333,3.2,0.6333333,"observed","valid",true,true,true,false,false,0,2,false,"overnight_00_05",2026-07-01 00:00:00.000000,26.8,0,12.6,"dry"
651,"HV0005",2026-07-01 00:44:37.000000,2026-07-01 00:46:12.000000,2026-07-01 00:48:50.000000,2026-07-01 01:14:31.000000,132,"JFK Airport","Queens",39,"Canarsie","Brooklyn",10.86,25.683332,4.2166667,1.5833334,2.6333334,"observed","valid",true,true,true,false,false,0,2,false,"overnight_00_05",2026-07-01 00:00:00.000000,26.8,0,12.6,"dry"
652,"HV0003",2026-06-30 23:58:04.000000,2026-07-01 00:04:13.000000,2026-07-01 00:04:24.000000,2026-07-01 00:26:12.000000,7,"Astoria","Queens",116,"Hamilton Heights","Manhattan",6.54,21.8,6.3333335,6.15,0.18333334,"observed","valid",true,true,true,false,false,23,1,false,"evening_20_23",2026-06-30 23:00:00.000000,27.9,0,13.3,"dry"
653,"HV0003",2026-07-01 00:25:23.000000,2026-07-01 00:28:02.000000,2026-07-01 00:29:42.000000,2026-07-01 00:35:55.000000,116,"Hamilton Heights","Manhattan",166,"Morningside Heights","Manhattan",1.7,6.2166667,4.3166666,2.65,1.6666666,"observed","valid",true,true,true,false,false,0,2,false,"overnight_00_05",2026-07-01 00:00:00.000000,26.8,0,12.6,"dry"
654,"HV0003",2026-07-01 00:41:52.000000,2026-07-01 00:43:29.000000,2026-07-01 00:44:16.000000,2026-07-01 00:47:19.000000,24,"Bloomingdale","Manhattan",238,"Upper West Side North","Manhattan",0.82,3.05,2.4,1.6166667,0.78333336,"observed","valid",true,true,true,false,false,0,2,false,"overnight_00_05",2026-07-01 00:00:00.000000,26.8,0,12.6,"dry"
655,"HV0005",2026-07-01 00:09:11.000000,2026-07-01 00:19:03.000000,2026-07-01 00:20:32.000000,2026-07-01 00:27:19.000000,37,"Bushwick South","Brooklyn",61,"Crown Heights North","Brooklyn",1.343,6.7833333,11.35,9.866667,1.4833333,"observed","valid",true,true,true,false,false,0,2,false,"overnight_00_05",2026-07-01 00:00:00.000000,26.8,0,12.6,"dry"
656,"HV0005",2026-07-01 00:40:40.000000,2026-07-01 00:42:27.000000,2026-07-01 00:44:01.000000,2026-07-01 00:52:05.000000,37,"Bushwick South","Brooklyn",225,"Stuyvesant Heights","Brooklyn",1.522,8.066667,3.35,1.7833333,1.5666667,"observed","valid",true,true,true,false,false,0,2,false,"overnight_00_05",2026-07-01 00:00:00.000000,26.8,0,12.6,"dry"
657,"HV0005",2026-07-01 00:54:02.000000,2026-07-01 00:55:04.000000,2026-07-01 00:57:01.000000,2026-07-01 01:21:01.000000,37,"Bushwick South","Brooklyn",35,"Brownsville","Brooklyn",3.546,24,2.9833333,1.0333333,1.95,"observed","valid",true,true,true,false,false,0,2,false,"overnight_00_05",2026-07-01 00:00:00.000000,26.8,0,12.6,"dry"
658,"HV0003",2026-06-30 23:58:49.000000,2026-07-01 00:03:41.000000,2026-07-01 00:04:57.000000,2026-07-01 00:32:50.000000,131,"Jamaica Estates","Queens",129,"Jackson Heights","Queens",12.38,27.883333,6.133333,4.866667,1.2666667,"observed","valid",true,true,true,false,false,23,1,false,"evening_20_23",2026-06-30 23:00:00.000000,27.9,0,13.3,"dry"
659,"HV0003",2026-07-01 00:43:43.000000,2026-07-01 00:51:05.000000,2026-07-01 00:51:12.000000,2026-07-01 01:14:04.000000,7,"Astoria","Queens",129,"Jackson Heights","Queens",4.08,22.866667,7.483333,7.366667,0.11666667,"observed","valid",true,true,true,false,false,0,2,false,"overnight_00_05",2026-07-01 00:00:00.000000,26.8,0,12.6,"dry"
660,"HV0003",2026-06-30 23:48:34.000000,2026-07-01 00:02:08.000000,2026-07-01 00:02:35.000000,2026-07-01 00:38:04.000000,181,"Park Slope","Brooklyn",76,"East New York","Brooklyn",7.41,35.483334,14.016666,13.566667,0.45,"observed","valid",true,true,true,false,false,23,1,false,"evening_20_23",2026-06-30 23:00:00.000000,27.9,0,13.3,"dry"
661,"HV0003",2026-07-01 00:25:29.000000,2026-07-01 00:39:00.000000,2026-07-01 00:41:00.000000,2026-07-01 00:59:49.000000,76,"East New York","Brooklyn",225,"Stuyvesant Heights","Brooklyn",4.28,18.816668,15.516666,13.516666,2,"observed","valid",true,true,true,false,false,0,2,false,"overnight_00_05",2026-07-01 00:00:00.000000,26.8,0,12.6,"dry"
662,"HV0003",2026-06-30 23:58:07.000000,2026-07-01 00:03:12.000000,2026-07-01 00:03:42.000000,2026-07-01 00:10:22.000000,95,"Forest Hills","Queens",102,"Glendale","Queens",1.49,6.6666665,5.5833335,5.0833335,0.5,"observed","valid",true,true,true,false,false,23,1,false,"evening_20_23",2026-06-30 23:00:00.000000,27.9,0,13.3,"dry"
663,"HV0003",2026-07-01 00:20:54.000000,2026-07-01 00:26:06.000000,2026-07-01 00:27:33.000000,2026-07-01 00:45:07.000000,102,"Glendale","Queens",258,"Woodhaven","Queens",3.84,17.566668,6.65,5.2,1.45,"observed","valid",true,true,true,false,false,0,2,false,"overnight_00_05",2026-07-01 00:00:00.000000,26.8,0,12.6,"dry"
664,"HV0005",2026-07-01 00:44:43.000000,2026-07-01 00:48:32.000000,2026-07-01 00:50:05.000000,2026-07-01 01:18:26.000000,197,"Richmond Hill","Queens",189,"Prospect Heights","Brooklyn",8.728,28.35,5.366667,3.8166666,1.55,"observed","valid",true,true,true,false,false,0,2,false,"overnight_00_05",2026-07-01 00:00:00.000000,26.8,0,12.6,"dry"
665,"HV0003",2026-07-01 00:21:42.000000,2026-07-01 00:24:36.000000,2026-07-01 00:24:58.000000,2026-07-01 00:55:23.000000,255,"Williamsburg (North Side)","Brooklyn",140,"Lenox Hill East","Manhattan",9.58,30.416666,3.2666667,2.9,0.36666667,"observed","valid",true,true,true,false,false,0,2,false,"overnight_00_05",2026-07-01 00:00:00.000000,26.8,0,12.6,"dry"
666,"HV0003",2026-07-01 00:10:27.000000,2026-07-01 00:12:32.000000,2026-07-01 00:12:33.000000,2026-07-01 00:35:08.000000,33,"Brooklyn Heights","Brooklyn",89,"Flatbush/Ditmas Park","Brooklyn",6.74,22.583334,2.1,2.0833333,0.016666668,"observed","valid",true,true,true,false,false,0,2,false,"overnight_00_05",2026-07-01 00:00:00.000000,26.8,0,12.6,"dry"
667,"HV0003",2026-07-01 00:02:48.000000,2026-07-01 00:05:26.000000,2026-07-01 00:05:35.000000,2026-07-01 00:17:34.000000,181,"Park Slope","Brooklyn",133,"Kensington","Brooklyn",3.14,11.983334,2.7833333,2.6333334,0.15,"observed","valid",true,true,true,false,false,0,2,false,"overnight_00_05",2026-07-01 00:00:00.000000,26.8,0,12.6,"dry"
668,"HV0003",2026-07-01 00:03:39.000000,2026-07-01 00:05:12.000000,2026-07-01 00:07:11.000000,2026-07-01 00:20:32.000000,226,"Sunnyside","Queens",157,"Maspeth","Queens",3.02,13.35,3.5333333,1.55,1.9833333,"observed","valid",true,true,true,false,false,0,2,false,"overnight_00_05",2026-07-01 00:00:00.000000,26.8,0,12.6,"dry"
669,"HV0003",2026-07-01 00:17:27.000000,2026-07-01 00:29:00.000000,2026-07-01 00:29:19.000000,2026-07-01 00:35:42.000000,198,"Ridgewood","Queens",102,"Glendale","Queens",0.97,6.383333,11.866667,11.55,0.31666666,"observed","valid",true,true,true,false,false,0,2,false,"overnight_00_05",2026-07-01 00:00:00.000000,26.8,0,12.6,"dry"
670,"HV0003",2026-07-01 00:29:28.000000,2026-07-01 00:40:40.000000,2026-07-01 00:40:58.000000,2026-07-01 00:47:57.000000,102,"Glendale","Queens",102,"Glendale","Queens",1.7,6.983333,11.5,11.2,0.3,"observed","valid",true,true,true,false,false,0,2,false,"overnight_00_05",2026-07-01 00:00:00.000000,26.8,0,12.6,"dry"
671,"HV0003",2026-07-01 00:44:57.000000,2026-07-01 00:49:52.000000,2026-07-01 00:51:23.000000,2026-07-01 01:01:48.000000,102,"Glendale","Queens",37,"Bushwick South","Brooklyn",4.08,10.416667,6.4333334,4.9166665,1.5166667,"observed","valid",true,true,true,false,false,0,2,false,"overnight_00_05",2026-07-01 00:00:00.000000,26.8,0,12.6,"dry"
672,"HV0003",2026-07-01 00:25:01.000000,2026-07-01 00:33:16.000000,2026-07-01 00:34:55.000000,2026-07-01 00:41:06.000000,56,"Corona","Queens",82,"Elmhurst","Queens",1.14,6.1833334,9.9,8.25,1.65,"observed","valid",true,true,true,false,false,0,2,false,"overnight_00_05",2026-07-01 00:00:00.000000,26.8,0,12.6,"dry"
673,"HV0003",2026-07-01 00:40:38.000000,2026-07-01 00:50:24.000000,2026-07-01 00:50:25.000000,2026-07-01 01:03:02.000000,82,"Elmhurst","Queens",7,"Astoria","Queens",3.04,12.616667,9.783334,9.766666,0.016666668,"observed","valid",true,true,true,false,false,0,2,false,"overnight_00_05",2026-07-01 00:00:00.000000,26.8,0,12.6,"dry"
674,"HV0003",2026-06-30 23:58:20.000000,2026-07-01 00:02:17.000000,2026-07-01 00:03:59.000000,2026-07-01 00:15:24.000000,226,"Sunnyside","Queens",82,"Elmhurst","Queens",1.85,11.416667,5.65,3.95,1.7,"observed","valid",true,true,true,false,false,23,1,false,"evening_20_23",2026-06-30 23:00:00.000000,27.9,0,13.3,"dry"
675,"HV0003",2026-07-01 00:06:47.000000,2026-07-01 00:20:45.000000,2026-07-01 00:20:56.000000,2026-07-01 00:29:55.000000,82,"Elmhurst","Queens",83,"Elmhurst/Maspeth","Queens",1.4,8.983334,14.15,13.966666,0.18333334,"observed","valid",true,true,true,false,false,0,2,false,"overnight_00_05",2026-07-01 00:00:00.000000,26.8,0,12.6,"dry"
676,"HV0003",2026-07-01 00:38:09.000000,2026-07-01 00:42:17.000000,2026-07-01 00:44:11.000000,2026-07-01 00:58:01.000000,226,"Sunnyside","Queens",83,"Elmhurst/Maspeth","Queens",2.56,13.833333,6.0333333,4.133333,1.9,"observed","valid",true,true,true,false,false,0,2,false,"overnight_00_05",2026-07-01 00:00:00.000000,26.8,0,12.6,"dry"
677,"HV0003",2026-06-30 23:57:24.000000,2026-06-30 23:59:33.000000,2026-07-01 00:00:01.000000,2026-07-01 00:05:42.000000,238,"Upper West Side North","Manhattan",166,"Morningside Heights","Manhattan",1.47,5.6833334,2.6166666,2.15,0.46666667,"observed","valid",true,true,true,false,false,23,1,false,"evening_20_23",2026-06-30 23:00:00.000000,27.9,0,13.3,"dry"
678,"HV0003",2026-07-01 00:04:11.000000,2026-07-01 00:11:41.000000,2026-07-01 00:11:56.000000,2026-07-01 00:23:28.000000,151,"Manhattan Valley","Manhattan",152,"Manhattanville","Manhattan",1.87,11.533334,7.75,7.5,0.25,"observed","valid",true,true,true,false,false,0,2,false,"overnight_00_05",2026-07-01 00:00:00.000000,26.8,0,12.6,"dry"
679,"HV0003",2026-07-01 00:23:07.000000,2026-07-01 00:26:45.000000,2026-07-01 00:26:59.000000,2026-07-01 00:34:51.000000,116,"Hamilton Heights","Manhattan",166,"Morningside Heights","Manhattan",1.51,7.866667,3.8666666,3.6333334,0.23333333,"observed","valid",true,true,true,false,false,0,2,false,"overnight_00_05",2026-07-01 00:00:00.000000,26.8,0,12.6,"dry"
680,"HV0003",2026-07-01 00:38:07.000000,2026-07-01 00:41:05.000000,2026-07-01 00:41:25.000000,2026-07-01 00:53:46.000000,24,"Bloomingdale","Manhattan",244,"Washington Heights South","Manhattan",3.3,12.35,3.3,2.9666667,0.33333334,"observed","valid",true,true,true,false,false,0,2,false,"overnight_00_05",2026-07-01 00:00:00.000000,26.8,0,12.6,"dry"
681,"HV0003",2026-07-01 00:04:39.000000,2026-07-01 00:07:19.000000,2026-07-01 00:07:55.000000,2026-07-01 00:16:16.000000,259,"Woodlawn/Wakefield","Bronx",254,"Williamsbridge/Olinville","Bronx",1.39,8.35,3.2666667,2.6666667,0.6,"observed","valid",true,true,true,false,false,0,2,false,"overnight_00_05",2026-07-01 00:00:00.000000,26.8,0,12.6,"dry"
682,"HV0003",2026-07-01 00:15:37.000000,2026-07-01 00:19:27.000000,2026-07-01 00:20:07.000000,2026-07-01 00:31:58.000000,254,"Williamsbridge/Olinville","Bronx",265,"Outside of NYC","N/A",5.42,11.85,4.5,3.8333333,0.6666667,"observed","valid",true,true,true,false,false,0,2,false,"overnight_00_05",2026-07-01 00:00:00.000000,26.8,0,12.6,"dry"
683,"HV0003",2026-07-01 00:09:25.000000,2026-07-01 00:12:43.000000,2026-07-01 00:14:43.000000,2026-07-01 00:41:26.000000,148,"Lower East Side","Manhattan",36,"Bushwick North","Brooklyn",5.51,26.716667,5.3,3.3,2,"observed","valid",true,true,true,false,false,0,2,false,"overnight_00_05",2026-07-01 00:00:00.000000,26.8,0,12.6,"dry"
684,"HV0003",2026-07-01 00:41:29.000000,2026-07-01 00:49:13.000000,2026-07-01 00:49:22.000000,2026-07-01 01:04:15.000000,36,"Bushwick North","Brooklyn",256,"Williamsburg (South Side)","Brooklyn",2.15,14.883333,7.883333,7.733333,0.15,"observed","valid",true,true,true,false,false,0,2,false,"overnight_00_05",2026-07-01 00:00:00.000000,26.8,0,12.6,"dry"
685,"HV0003",2026-06-30 23:58:23.000000,2026-07-01 00:13:19.000000,2026-07-01 00:13:19.000000,2026-07-01 00:41:15.000000,138,"LaGuardia Airport","Queens",265,"Outside of NYC","N/A",21.2,27.933332,14.933333,14.933333,0,"same_as_pickup","valid",true,false,true,false,false,23,1,false,"evening_20_23",2026-06-30 23:00:00.000000,27.9,0,13.3,"dry"
686,"HV0003",2026-07-01 00:07:33.000000,2026-07-01 00:15:50.000000,2026-07-01 00:16:05.000000,2026-07-01 00:43:05.000000,74,"East Harlem North","Manhattan",265,"Outside of NYC","N/A",14.46,27,8.533334,8.283334,0.25,"observed","valid",true,true,true,false,false,0,2,false,"overnight_00_05",2026-07-01 00:00:00.000000,26.8,0,12.6,"dry"
687,"HV0003",2026-07-01 00:04:12.000000,2026-07-01 00:17:53.000000,2026-07-01 00:18:04.000000,2026-07-01 00:29:19.000000,82,"Elmhurst","Queens",226,"Sunnyside","Queens",2.39,11.25,13.866667,13.683333,0.18333334,"observed","valid",true,true,true,false,false,0,2,false,"overnight_00_05",2026-07-01 00:00:00.000000,26.8,0,12.6,"dry"
688,"HV0005",2026-07-01 00:01:28.000000,2026-07-01 00:03:29.000000,2026-07-01 00:05:23.000000,2026-07-01 00:13:00.000000,125,"Hudson Sq","Manhattan",68,"East Chelsea","Manhattan",1.517,7.616667,3.9166667,2.0166667,1.9,"observed","valid",true,true,true,false,false,0,2,false,"overnight_00_05",2026-07-01 00:00:00.000000,26.8,0,12.6,"dry"
689,"HV0005",2026-07-01 00:24:53.000000,2026-07-01 00:26:32.000000,2026-07-01 00:26:43.000000,2026-07-01 00:46:48.000000,246,"West Chelsea/Hudson Yards","Manhattan",66,"DUMBO/Vinegar Hill","Brooklyn",5.241,20.083334,1.8333334,1.65,0.18333334,"observed","valid",true,true,true,false,false,0,2,false,"overnight_00_05",2026-07-01 00:00:00.000000,26.8,0,12.6,"dry"
690,"HV0003",2026-07-01 00:25:52.000000,2026-07-01 00:27:09.000000,2026-07-01 00:28:56.000000,2026-07-01 00:41:02.000000,249,"West Village","Manhattan",87,"Financial District North","Manhattan",2.05,12.1,3.0666666,1.2833333,1.7833333,"observed","valid",true,true,true,false,false,0,2,false,"overnight_00_05",2026-07-01 00:00:00.000000,26.8,0,12.6,"dry"
691,"HV0003",2026-07-01 00:42:01.000000,2026-07-01 00:43:05.000000,2026-07-01 00:46:40.000000,2026-07-01 00:59:43.000000,88,"Financial District South","Manhattan",144,"Little Italy/NoLiTa","Manhattan",1.95,13.05,4.65,1.0666667,3.5833333,"observed","valid",true,true,true,false,false,0,2,false,"overnight_00_05",2026-07-01 00:00:00.000000,26.8,0,12.6,"dry"
692,"HV0003",2026-07-01 00:43:39.000000,2026-07-01 00:44:48.000000,2026-07-01 00:45:06.000000,2026-07-01 00:52:10.000000,112,"Greenpoint","Brooklyn",112,"Greenpoint","Brooklyn",1.37,7.0666666,1.45,1.15,0.3,"observed","valid",true,true,true,false,false,0,2,false,"overnight_00_05",2026-07-01 00:00:00.000000,26.8,0,12.6,"dry"
693,"HV0003",2026-07-01 00:51:16.000000,2026-07-01 00:55:16.000000,2026-07-01 00:55:47.000000,2026-07-01 01:13:40.000000,112,"Greenpoint","Brooklyn",7,"Astoria","Queens",3.86,17.883333,4.516667,4,0.51666665,"observed","valid",true,true,true,false,false,0,2,false,"overnight_00_05",2026-07-01 00:00:00.000000,26.8,0,12.6,"dry"
694,"HV0005",2026-07-01 00:15:32.000000,2026-07-01 00:17:27.000000,2026-07-01 00:18:05.000000,2026-07-01 00:30:49.000000,144,"Little Italy/NoLiTa","Manhattan",80,"East Williamsburg","Brooklyn",3.523,12.733334,2.55,1.9166666,0.6333333,"observed","valid",true,true,true,false,false,0,2,false,"overnight_00_05",2026-07-01 00:00:00.000000,26.8,0,12.6,"dry"
695,"HV0003",2026-07-01 00:02:16.000000,2026-07-01 00:03:06.000000,2026-07-01 00:03:47.000000,2026-07-01 00:09:02.000000,90,"Flatiron","Manhattan",246,"West Chelsea/Hudson Yards","Manhattan",1.34,5.25,1.5166667,0.8333333,0.68333334,"observed","valid",true,true,true,false,false,0,2,false,"overnight_00_05",2026-07-01 00:00:00.000000,26.8,0,12.6,"dry"
696,"HV0003",2026-07-01 00:35:19.000000,2026-07-01 00:37:53.000000,2026-07-01 00:38:03.000000,2026-07-01 00:45:02.000000,50,"Clinton West","Manhattan",48,"Clinton East","Manhattan",0.58,6.983333,2.7333333,2.5666666,0.16666667,"observed","valid",true,true,true,false,false,0,2,false,"overnight_00_05",2026-07-01 00:00:00.000000,26.8,0,12.6,"dry"
697,"HV0003",2026-07-01 00:32:24.000000,2026-07-01 00:45:54.000000,2026-07-01 00:46:46.000000,2026-07-01 01:02:57.000000,48,"Clinton East","Manhattan",45,"Chinatown","Manhattan",5.34,16.183332,14.366667,13.5,0.8666667,"observed","valid",true,true,true,false,false,0,2,false,"overnight_00_05",2026-07-01 00:00:00.000000,26.8,0,12.6,"dry"
698,"HV0003",2026-07-01 00:06:07.000000,2026-07-01 00:07:55.000000,2026-07-01 00:09:34.000000,2026-07-01 00:20:47.000000,36,"Bushwick North","Brooklyn",102,"Glendale","Queens",1.69,11.216666,3.45,1.8,1.65,"observed","valid",true,true,true,false,false,0,2,false,"overnight_00_05",2026-07-01 00:00:00.000000,26.8,0,12.6,"dry"
699,"HV0003",2026-07-01 00:09:41.000000,2026-07-01 00:24:07.000000,2026-07-01 00:24:48.000000,2026-07-01 00:55:28.000000,198,"Ridgewood","Queens",168,"Mott Haven/Port Morris","Bronx",9.85,30.666666,15.116667,14.433333,0.68333334,"observed","valid",true,true,true,false,false,0,2,false,"overnight_00_05",2026-07-01 00:00:00.000000,26.8,0,12.6,"dry"
700,"HV0003",2026-07-01 00:02:28.000000,2026-07-01 00:04:30.000000,2026-07-01 00:05:33.000000,2026-07-01 00:08:16.000000,225,"Stuyvesant Heights","Brooklyn",225,"Stuyvesant Heights","Brooklyn",0.56,2.7166667,3.0833333,2.0333333,1.05,"observed","valid",true,true,true,false,false,0,2,false,"overnight_00_05",2026-07-01 00:00:00.000000,26.8,0,12.6,"dry"
701,"HV0003",2026-07-01 00:10:48.000000,2026-07-01 00:13:02.000000,2026-07-01 00:13:43.000000,2026-07-01 00:20:02.000000,225,"Stuyvesant Heights","Brooklyn",37,"Bushwick South","Brooklyn",1,6.3166666,2.9166667,2.2333333,0.68333334,"observed","valid",true,true,true,false,false,0,2,false,"overnight_00_05",2026-07-01 00:00:00.000000,26.8,0,12.6,"dry"
702,"HV0003",2026-07-01 00:09:45.000000,2026-07-01 00:20:50.000000,2026-07-01 00:21:15.000000,2026-07-01 00:33:32.000000,37,"Bushwick South","Brooklyn",61,"Crown Heights North","Brooklyn",2.43,12.283334,11.5,11.083333,0.41666666,"observed","valid",true,true,true,false,false,0,2,false,"overnight_00_05",2026-07-01 00:00:00.000000,26.8,0,12.6,"dry"
703,"HV0003",2026-06-30 23:59:43.000000,2026-07-01 00:04:27.000000,2026-07-01 00:06:27.000000,2026-07-01 00:20:26.000000,48,"Clinton East","Manhattan",265,"Outside of NYC","N/A",4.21,13.983334,6.733333,4.733333,2,"observed","valid",true,true,true,false,false,23,1,false,"evening_20_23",2026-06-30 23:00:00.000000,27.9,0,13.3,"dry"
704,"HV0005",2026-07-01 00:42:21.000000,2026-07-01 00:46:20.000000,2026-07-01 00:46:27.000000,2026-07-01 01:09:03.000000,230,"Times Sq/Theatre District","Manhattan",75,"East Harlem South","Manhattan",4.45,22.6,4.1,3.9833333,0.11666667,"observed","valid",true,true,true,false,false,0,2,false,"overnight_00_05",2026-07-01 00:00:00.000000,26.8,0,12.6,"dry"
705,"HV0003",2026-07-01 00:17:52.000000,2026-07-01 00:18:46.000000,2026-07-01 00:21:55.000000,2026-07-01 00:38:26.000000,158,"Meatpacking/West Village West","Manhattan",265,"Outside of NYC","N/A",5.43,16.516666,4.05,0.9,3.15,"observed","valid",true,true,true,false,false,0,2,false,"overnight_00_05",2026-07-01 00:00:00.000000,26.8,0,12.6,"dry"
706,"HV0003",2026-07-01 00:02:03.000000,2026-07-01 00:04:21.000000,2026-07-01 00:05:56.000000,2026-07-01 00:10:01.000000,218,"Springfield Gardens North","Queens",205,"Saint Albans","Queens",1.02,4.0833335,3.8833334,2.3,1.5833334,"observed","valid",true,true,true,false,false,0,2,false,"overnight_00_05",2026-07-01 00:00:00.000000,26.8,0,12.6,"dry"
707,"HV0003",2026-07-01 00:12:46.000000,2026-07-01 00:17:17.000000,2026-07-01 00:18:39.000000,2026-07-01 00:31:25.000000,218,"Springfield Gardens North","Queens",265,"Outside of NYC","N/A",5.07,12.766666,5.883333,4.516667,1.3666667,"observed","valid",true,true,true,false,false,0,2,false,"overnight_00_05",2026-07-01 00:00:00.000000,26.8,0,12.6,"dry"
708,"HV0003",2026-07-01 00:35:03.000000,2026-07-01 00:40:11.000000,2026-07-01 00:40:11.000000,2026-07-01 00:48:53.000000,203,"Rosedale","Queens",139,"Laurelton","Queens",3.24,8.7,5.133333,5.133333,0,"same_as_pickup","valid",true,false,true,false,false,0,2,false,"overnight_00_05",2026-07-01 00:00:00.000000,26.8,0,12.6,"dry"
709,"HV0003",2026-07-01 00:43:35.000000,2026-07-01 00:51:41.000000,2026-07-01 00:53:03.000000,2026-07-01 01:04:03.000000,139,"Laurelton","Queens",76,"East New York","Brooklyn",6.98,11,9.466666,8.1,1.3666667,"observed","valid",true,true,true,false,false,0,2,false,"overnight_00_05",2026-07-01 00:00:00.000000,26.8,0,12.6,"dry"
710,"HV0003",2026-07-01 00:28:01.000000,2026-07-01 00:31:54.000000,2026-07-01 00:31:54.000000,2026-07-01 00:53:19.000000,132,"JFK Airport","Queens",28,"Briarwood/Jamaica Hills","Queens",6.47,21.416666,3.8833334,3.8833334,0,"same_as_pickup","valid",true,false,true,false,false,0,2,false,"overnight_00_05",2026-07-01 00:00:00.000000,26.8,0,12.6,"dry"
711,"HV0003",2026-07-01 00:33:14.000000,2026-07-01 00:39:44.000000,2026-07-01 00:39:53.000000,2026-07-01 00:51:55.000000,145,"Long Island City/Hunters Point","Queens",140,"Lenox Hill East","Manhattan",3.4,12.033334,6.65,6.5,0.15,"observed","valid",true,true,true,false,false,0,2,false,"overnight_00_05",2026-07-01 00:00:00.000000,26.8,0,12.6,"dry"
712,"HV0003",2026-07-01 00:15:21.000000,2026-07-01 00:16:16.000000,2026-07-01 00:16:22.000000,2026-07-01 00:19:44.000000,62,"Crown Heights South","Brooklyn",61,"Crown Heights North","Brooklyn",0.76,3.3666666,1.0166667,0.9166667,0.1,"observed","valid",true,true,true,false,false,0,2,false,"overnight_00_05",2026-07-01 00:00:00.000000,26.8,0,12.6,"dry"
713,"HV0003",2026-07-01 00:18:18.000000,2026-07-01 00:27:56.000000,2026-07-01 00:28:06.000000,2026-07-01 01:07:30.000000,61,"Crown Heights North","Brooklyn",265,"Outside of NYC","N/A",8.84,39.4,9.8,9.633333,0.16666667,"observed","valid",true,true,true,false,false,0,2,false,"overnight_00_05",2026-07-01 00:00:00.000000,26.8,0,12.6,"dry"
714,"HV0003",2026-07-01 00:30:38.000000,2026-07-01 00:33:06.000000,2026-07-01 00:35:07.000000,2026-07-01 00:45:00.000000,72,"East Flatbush/Remsen Village","Brooklyn",91,"Flatlands","Brooklyn",1.64,9.883333,4.483333,2.4666667,2.0166667,"observed","valid",true,true,true,false,false,0,2,false,"overnight_00_05",2026-07-01 00:00:00.000000,26.8,0,12.6,"dry"
715,"HV0005",2026-07-01 00:06:53.000000,2026-07-01 00:13:55.000000,2026-07-01 00:14:26.000000,2026-07-01 00:21:10.000000,83,"Elmhurst/Maspeth","Queens",82,"Elmhurst","Queens",1.527,6.733333,7.55,7.0333333,0.51666665,"observed","valid",true,true,true,false,false,0,2,false,"overnight_00_05",2026-07-01 00:00:00.000000,26.8,0,12.6,"dry"
716,"HV0005",2026-07-01 00:13:19.000000,2026-07-01 00:25:26.000000,2026-07-01 00:27:29.000000,2026-07-01 00:35:06.000000,129,"Jackson Heights","Queens",70,"East Elmhurst","Queens",1.091,7.616667,14.166667,12.116667,2.05,"observed","valid",true,true,true,false,false,0,2,false,"overnight_00_05",2026-07-01 00:00:00.000000,26.8,0,12.6,"dry"
717,"HV0005",2026-07-01 00:16:00.000000,2026-07-01 00:38:19.000000,2026-07-01 00:38:25.000000,2026-07-01 00:50:32.000000,129,"Jackson Heights","Queens",7,"Astoria","Queens",3.176,12.116667,22.416666,22.316668,0.1,"observed","valid",true,true,true,true,false,0,2,false,"overnight_00_05",2026-07-01 00:00:00.000000,26.8,0,12.6,"dry"
718,"HV0005",2026-07-01 00:51:23.000000,2026-07-01 00:52:40.000000,2026-07-01 00:58:40.000000,2026-07-01 01:17:49.000000,7,"Astoria","Queens",148,"Lower East Side","Manhattan",6.534,19.15,7.2833333,1.2833333,6,"observed","valid",true,true,true,false,true,0,2,false,"overnight_00_05",2026-07-01 00:00:00.000000,26.8,0,12.6,"dry"
719,"HV0005",2026-06-30 23:51:30.000000,2026-06-30 23:58:57.000000,2026-07-01 00:00:17.000000,2026-07-01 00:08:47.000000,245,"West Brighton","Staten Island",206,"Saint George/New Brighton","Staten Island",2.164,8.5,8.783334,7.45,1.3333334,"observed","valid",true,true,true,false,false,23,1,false,"evening_20_23",2026-06-30 23:00:00.000000,27.9,0,13.3,"dry"
720,"HV0005",2026-07-01 00:07:30.000000,2026-07-01 00:12:37.000000,2026-07-01 00:13:28.000000,2026-07-01 00:17:03.000000,221,"Stapleton","Staten Island",206,"Saint George/New Brighton","Staten Island",0.751,3.5833333,5.9666667,5.116667,0.85,"observed","valid",true,true,true,false,false,0,2,false,"overnight_00_05",2026-07-01 00:00:00.000000,26.8,0,12.6,"dry"
721,"HV0005",2026-07-01 00:13:16.000000,2026-07-01 00:22:38.000000,2026-07-01 00:23:14.000000,2026-07-01 00:43:44.000000,206,"Saint George/New Brighton","Staten Island",6,"Arrochar/Fort Wadsworth","Staten Island",4.371,20.5,9.966666,9.366667,0.6,"observed","valid",true,true,true,false,false,0,2,false,"overnight_00_05",2026-07-01 00:00:00.000000,26.8,0,12.6,"dry"
722,"HV0003",2026-07-01 00:37:48.000000,2026-07-01 00:40:24.000000,2026-07-01 00:40:24.000000,2026-07-01 00:48:43.000000,162,"Midtown East","Manhattan",224,"Stuy Town/Peter Cooper Village","Manhattan",2.06,8.316667,2.6,2.6,0,"same_as_pickup","valid",true,false,true,false,false,0,2,false,"overnight_00_05",2026-07-01 00:00:00.000000,26.8,0,12.6,"dry"
723,"HV0003",2026-07-01 00:14:22.000000,2026-07-01 00:18:37.000000,2026-07-01 00:20:37.000000,2026-07-01 00:27:42.000000,40,"Carroll Gardens","Brooklyn",25,"Boerum Hill","Brooklyn",1.13,7.0833335,6.25,4.25,2,"observed","valid",true,true,true,false,false,0,2,false,"overnight_00_05",2026-07-01 00:00:00.000000,26.8,0,12.6,"dry"
724,"HV0003",2026-07-01 00:24:46.000000,2026-07-01 00:28:25.000000,2026-07-01 00:30:19.000000,2026-07-01 00:53:40.000000,25,"Boerum Hill","Brooklyn",35,"Brownsville","Brooklyn",4.94,23.35,5.55,3.65,1.9,"observed","valid",true,true,true,false,false,0,2,false,"overnight_00_05",2026-07-01 00:00:00.000000,26.8,0,12.6,"dry"
725,"HV0003",2026-07-01 00:51:11.000000,2026-07-01 00:54:57.000000,2026-07-01 00:56:57.000000,2026-07-01 01:13:25.000000,35,"Brownsville","Brooklyn",76,"East New York","Brooklyn",3.2,16.466667,5.766667,3.7666667,2,"observed","valid",true,true,true,false,false,0,2,false,"overnight_00_05",2026-07-01 00:00:00.000000,26.8,0,12.6,"dry"
726,"HV0003",2026-06-30 23:58:14.000000,2026-06-30 23:59:59.000000,2026-07-01 00:00:31.000000,2026-07-01 00:17:10.000000,255,"Williamsburg (North Side)","Brooklyn",211,"SoHo","Manhattan",3.57,16.65,2.2833333,1.75,0.53333336,"observed","valid",true,true,true,false,false,23,1,false,"evening_20_23",2026-06-30 23:00:00.000000,27.9,0,13.3,"dry"
727,"HV0003",2026-07-01 00:12:14.000000,2026-07-01 00:17:11.000000,2026-07-01 00:17:19.000000,2026-07-01 00:30:31.000000,211,"SoHo","Manhattan",33,"Brooklyn Heights","Brooklyn",2.95,13.2,5.0833335,4.95,0.13333334,"observed","valid",true,true,true,false,false,0,2,false,"overnight_00_05",2026-07-01 00:00:00.000000,26.8,0,12.6,"dry"
728,"HV0003",2026-07-01 00:29:54.000000,2026-07-01 00:33:59.000000,2026-07-01 00:34:23.000000,2026-07-01 00:41:17.000000,33,"Brooklyn Heights","Brooklyn",66,"DUMBO/Vinegar Hill","Brooklyn",1.19,6.9,4.483333,4.0833335,0.4,"observed","valid",true,true,true,false,false,0,2,false,"overnight_00_05",2026-07-01 00:00:00.000000,26.8,0,12.6,"dry"
729,"HV0003",2026-07-01 00:33:58.000000,2026-07-01 00:41:31.000000,2026-07-01 00:43:31.000000,2026-07-01 00:59:11.000000,66,"DUMBO/Vinegar Hill","Brooklyn",112,"Greenpoint","Brooklyn",5.19,15.666667,9.55,7.55,2,"observed","valid",true,true,true,false,false,0,2,false,"overnight_00_05",2026-07-01 00:00:00.000000,26.8,0,12.6,"dry"
730,"HV0003",2026-07-01 00:08:42.000000,2026-07-01 00:17:45.000000,2026-07-01 00:19:05.000000,2026-07-01 00:37:41.000000,129,"Jackson Heights","Queens",168,"Mott Haven/Port Morris","Bronx",6.03,18.6,10.383333,9.05,1.3333334,"observed","valid",true,true,true,false,false,0,2,false,"overnight_00_05",2026-07-01 00:00:00.000000,26.8,0,12.6,"dry"
731,"HV0003",2026-07-01 00:36:59.000000,2026-07-01 00:39:33.000000,2026-07-01 00:40:27.000000,2026-07-01 01:01:15.000000,168,"Mott Haven/Port Morris","Bronx",36,"Bushwick North","Brooklyn",10.72,20.8,3.4666667,2.5666666,0.9,"observed","valid",true,true,true,false,false,0,2,false,"overnight_00_05",2026-07-01 00:00:00.000000,26.8,0,12.6,"dry"
732,"HV0003",2026-07-01 00:15:39.000000,2026-07-01 00:17:08.000000,2026-07-01 00:19:09.000000,2026-07-01 00:33:58.000000,50,"Clinton West","Manhattan",234,"Union Sq","Manhattan",1.89,14.816667,3.5,1.4833333,2.0166667,"observed","valid",true,true,true,false,false,0,2,false,"overnight_00_05",2026-07-01 00:00:00.000000,26.8,0,12.6,"dry"
733,"HV0003",2026-07-01 00:33:27.000000,2026-07-01 00:36:28.000000,2026-07-01 00:38:28.000000,2026-07-01 01:00:25.000000,234,"Union Sq","Manhattan",256,"Williamsburg (South Side)","Brooklyn",3.92,21.95,5.016667,3.0166667,2,"observed","valid",true,true,true,false,false,0,2,false,"overnight_00_05",2026-07-01 00:00:00.000000,26.8,0,12.6,"dry"
734,"HV0003",2026-07-01 00:30:58.000000,2026-07-01 00:33:10.000000,2026-07-01 00:33:20.000000,2026-07-01 00:44:33.000000,161,"Midtown Center","Manhattan",236,"Upper East Side North","Manhattan",2.45,11.216666,2.3666666,2.2,0.16666667,"observed","valid",true,true,true,false,false,0,2,false,"overnight_00_05",2026-07-01 00:00:00.000000,26.8,0,12.6,"dry"
735,"HV0003",2026-07-01 00:01:15.000000,2026-07-01 00:07:09.000000,2026-07-01 00:07:15.000000,2026-07-01 00:22:06.000000,200,"Riverdale/North Riverdale/Fieldston","Bronx",265,"Outside of NYC","N/A",3.36,14.85,6,5.9,0.1,"observed","valid",true,true,true,false,false,0,2,false,"overnight_00_05",2026-07-01 00:00:00.000000,26.8,0,12.6,"dry"
736,"HV0003",2026-07-01 00:37:46.000000,2026-07-01 00:43:46.000000,2026-07-01 00:45:47.000000,2026-07-01 00:55:14.000000,153,"Marble Hill","Manhattan",18,"Bedford Park","Bronx",1.47,9.45,8.016666,6,2.0166667,"observed","valid",true,true,true,false,false,0,2,false,"overnight_00_05",2026-07-01 00:00:00.000000,26.8,0,12.6,"dry"
737,"HV0003",2026-07-01 00:40:28.000000,2026-07-01 00:56:50.000000,2026-07-01 00:57:01.000000,2026-07-01 01:12:28.000000,94,"Fordham South","Bronx",220,"Spuyten Duyvil/Kingsbridge","Bronx",6.1,15.45,16.55,16.366667,0.18333334,"observed","valid",true,true,true,false,false,0,2,false,"overnight_00_05",2026-07-01 00:00:00.000000,26.8,0,12.6,"dry"
738,"HV0003",2026-07-01 00:07:37.000000,2026-07-01 00:18:29.000000,2026-07-01 00:18:30.000000,2026-07-01 00:45:13.000000,228,"Sunset Park West","Brooklyn",49,"Clinton Hill","Brooklyn",7.57,26.716667,10.883333,10.866667,0.016666668,"observed","valid",true,true,true,false,false,0,2,false,"overnight_00_05",2026-07-01 00:00:00.000000,26.8,0,12.6,"dry"
739,"HV0005",2026-07-01 00:50:50.000000,2026-07-01 00:55:20.000000,2026-07-01 00:55:22.000000,2026-07-01 01:33:55.000000,97,"Fort Greene","Brooklyn",132,"JFK Airport","Queens",21.379,38.55,4.5333333,4.5,0.033333335,"observed","valid",true,true,true,false,false,0,2,false,"overnight_00_05",2026-07-01 00:00:00.000000,26.8,0,12.6,"dry"
740,"HV0003",2026-07-01 00:10:45.000000,2026-07-01 00:14:27.000000,2026-07-01 00:16:27.000000,2026-07-01 01:03:33.000000,16,"Bayside","Queens",265,"Outside of NYC","N/A",27.21,47.1,5.7,3.7,2,"observed","valid",true,true,true,false,false,0,2,false,"overnight_00_05",2026-07-01 00:00:00.000000,26.8,0,12.6,"dry"
741,"HV0003",2026-07-01 00:09:09.000000,2026-07-01 00:13:30.000000,2026-07-01 00:13:48.000000,2026-07-01 00:25:14.000000,112,"Greenpoint","Brooklyn",37,"Bushwick South","Brooklyn",1.99,11.433333,4.65,4.35,0.3,"observed","valid",true,true,true,false,false,0,2,false,"overnight_00_05",2026-07-01 00:00:00.000000,26.8,0,12.6,"dry"
742,"HV0003",2026-07-01 00:09:15.000000,2026-07-01 00:27:42.000000,2026-07-01 00:29:43.000000,2026-07-01 00:55:24.000000,37,"Bushwick South","Brooklyn",107,"Gramercy","Manhattan",4.86,25.683332,20.466667,18.45,2.0166667,"observed","valid",true,true,true,false,false,0,2,false,"overnight_00_05",2026-07-01 00:00:00.000000,26.8,0,12.6,"dry"
743,"HV0003",2026-07-01 00:30:29.000000,2026-07-01 00:32:23.000000,2026-07-01 00:33:19.000000,2026-07-01 00:48:16.000000,144,"Little Italy/NoLiTa","Manhattan",87,"Financial District North","Manhattan",3.65,14.95,2.8333333,1.9,0.93333334,"observed","valid",true,true,true,false,false,0,2,false,"overnight_00_05",2026-07-01 00:00:00.000000,26.8,0,12.6,"dry"
744,"HV0003",2026-07-01 00:47:44.000000,2026-07-01 00:51:23.000000,2026-07-01 00:52:53.000000,2026-07-01 01:16:06.000000,87,"Financial District North","Manhattan",238,"Upper West Side North","Manhattan",8.29,23.216667,5.15,3.65,1.5,"observed","valid",true,true,true,false,false,0,2,false,"overnight_00_05",2026-07-01 00:00:00.000000,26.8,0,12.6,"dry"
745,"HV0003",2026-07-01 00:15:21.000000,2026-07-01 00:19:38.000000,2026-07-01 00:19:51.000000,2026-07-01 00:41:42.000000,168,"Mott Haven/Port Morris","Bronx",81,"Eastchester","Bronx",9.1,21.85,4.5,4.2833333,0.21666667,"observed","valid",true,true,true,false,false,0,2,false,"overnight_00_05",2026-07-01 00:00:00.000000,26.8,0,12.6,"dry"
746,"HV0003",2026-07-01 00:03:40.000000,2026-07-01 00:05:24.000000,2026-07-01 00:07:24.000000,2026-07-01 00:20:14.000000,256,"Williamsburg (South Side)","Brooklyn",17,"Bedford","Brooklyn",2.18,12.833333,3.7333333,1.7333333,2,"observed","valid",true,true,true,false,false,0,2,false,"overnight_00_05",2026-07-01 00:00:00.000000,26.8,0,12.6,"dry"
747,"HV0003",2026-07-01 00:49:11.000000,2026-07-01 00:55:05.000000,2026-07-01 00:55:09.000000,2026-07-01 00:59:23.000000,61,"Crown Heights North","Brooklyn",62,"Crown Heights South","Brooklyn",0.74,4.233333,5.9666667,5.9,0.06666667,"observed","valid",true,true,true,false,false,0,2,false,"overnight_00_05",2026-07-01 00:00:00.000000,26.8,0,12.6,"dry"
748,"HV0003",2026-07-01 00:08:24.000000,2026-07-01 00:09:33.000000,2026-07-01 00:11:01.000000,2026-07-01 00:18:12.000000,16,"Bayside","Queens",16,"Bayside","Queens",1.49,7.1833334,2.6166666,1.15,1.4666667,"observed","valid",true,true,true,false,false,0,2,false,"overnight_00_05",2026-07-01 00:00:00.000000,26.8,0,12.6,"dry"
749,"HV0005",2026-07-01 00:18:12.000000,2026-07-01 00:23:54.000000,2026-07-01 00:24:13.000000,2026-07-01 00:27:20.000000,9,"Auburndale","Queens",171,"Murray Hill-Queens","Queens",0.693,3.1166666,6.016667,5.7,0.31666666,"observed","valid",true,true,true,false,false,0,2,false,"overnight_00_05",2026-07-01 00:00:00.000000,26.8,0,12.6,"dry"
750,"HV0005",2026-07-01 00:21:15.000000,2026-07-01 00:33:52.000000,2026-07-01 00:35:12.000000,2026-07-01 01:04:16.000000,9,"Auburndale","Queens",216,"South Ozone Park","Queens",9.691,29.066668,13.95,12.616667,1.3333334,"observed","valid",true,true,true,false,false,0,2,false,"overnight_00_05",2026-07-01 00:00:00.000000,26.8,0,12.6,"dry"
751,"HV0003",2026-07-01 00:32:56.000000,2026-07-01 00:34:38.000000,2026-07-01 00:35:52.000000,2026-07-01 00:52:15.000000,138,"LaGuardia Airport","Queens",193,"Queensbridge/Ravenswood","Queens",4.88,16.383333,2.9333334,1.7,1.2333333,"observed","valid",true,true,true,false,false,0,2,false,"overnight_00_05",2026-07-01 00:00:00.000000,26.8,0,12.6,"dry"
752,"HV0003",2026-07-01 00:46:40.000000,2026-07-01 00:55:06.000000,2026-07-01 00:55:10.000000,2026-07-01 00:59:12.000000,193,"Queensbridge/Ravenswood","Queens",7,"Astoria","Queens",0.98,4.0333333,8.5,8.433333,0.06666667,"observed","valid",true,true,true,false,false,0,2,false,"overnight_00_05",2026-07-01 00:00:00.000000,26.8,0,12.6,"dry"
753,"HV0005",2026-07-01 00:24:18.000000,2026-07-01 00:25:43.000000,2026-07-01 00:25:47.000000,2026-07-01 00:35:42.000000,233,"UN/Turtle Bay South","Manhattan",145,"Long Island City/Hunters Point","Queens",1.94,9.916667,1.4833333,1.4166666,0.06666667,"observed","valid",true,true,true,false,false,0,2,false,"overnight_00_05",2026-07-01 00:00:00.000000,26.8,0,12.6,"dry"
754,"HV0005",2026-07-01 00:35:14.000000,2026-07-01 00:37:18.000000,2026-07-01 00:39:08.000000,2026-07-01 00:46:55.000000,145,"Long Island City/Hunters Point","Queens",145,"Long Island City/Hunters Point","Queens",1.149,7.7833333,3.9,2.0666666,1.8333334,"observed","valid",true,true,true,false,false,0,2,false,"overnight_00_05",2026-07-01 00:00:00.000000,26.8,0,12.6,"dry"
755,"HV0005",2026-07-01 00:15:58.000000,2026-07-01 00:38:12.000000,2026-07-01 00:39:27.000000,2026-07-01 00:46:43.000000,7,"Astoria","Queens",179,"Old Astoria","Queens",1.626,7.266667,23.483334,22.233334,1.25,"observed","valid",true,true,true,false,false,0,2,false,"overnight_00_05",2026-07-01 00:00:00.000000,26.8,0,12.6,"dry"
756,"HV0003",2026-07-01 00:12:43.000000,2026-07-01 00:23:25.000000,2026-07-01 00:24:11.000000,2026-07-01 00:42:06.000000,7,"Astoria","Queens",70,"East Elmhurst","Queens",5.11,17.916666,11.466666,10.7,0.76666665,"observed","valid",true,true,true,false,false,0,2,false,"overnight_00_05",2026-07-01 00:00:00.000000,26.8,0,12.6,"dry"
757,"HV0003",2026-07-01 00:26:23.000000,2026-07-01 00:28:49.000000,2026-07-01 00:29:39.000000,2026-07-01 00:47:50.000000,144,"Little Italy/NoLiTa","Manhattan",223,"Steinway","Queens",9.55,18.183332,3.2666667,2.4333334,0.8333333,"observed","valid",true,true,true,false,false,0,2,false,"overnight_00_05",2026-07-01 00:00:00.000000,26.8,0,12.6,"dry"
758,"HV0003",2026-07-01 00:34:23.000000,2026-07-01 00:50:05.000000,2026-07-01 00:51:17.000000,2026-07-01 01:09:53.000000,223,"Steinway","Queens",136,"Kingsbridge Heights","Bronx",8.62,18.6,16.9,15.7,1.2,"observed","valid",true,true,true,false,false,0,2,false,"overnight_00_05",2026-07-01 00:00:00.000000,26.8,0,12.6,"dry"
759,"HV0005",2026-07-01 00:02:03.000000,2026-07-01 00:04:37.000000,2026-07-01 00:05:16.000000,2026-07-01 00:12:13.000000,29,"Brighton Beach","Brooklyn",55,"Coney Island","Brooklyn",2.165,6.95,3.2166667,2.5666666,0.65,"observed","valid",true,true,true,false,false,0,2,false,"overnight_00_05",2026-07-01 00:00:00.000000,26.8,0,12.6,"dry"
760,"HV0003",2026-07-01 00:42:09.000000,2026-07-01 00:43:43.000000,2026-07-01 00:44:23.000000,2026-07-01 00:52:22.000000,75,"East Harlem South","Manhattan",168,"Mott Haven/Port Morris","Bronx",2.82,7.983333,2.2333333,1.5666667,0.6666667,"observed","valid",true,true,true,false,false,0,2,false,"overnight_00_05",2026-07-01 00:00:00.000000,26.8,0,12.6,"dry"
761,"HV0003",2026-07-01 00:53:54.000000,2026-07-01 00:57:19.000000,2026-07-01 00:58:05.000000,2026-07-01 01:14:27.000000,74,"East Harlem North","Manhattan",235,"University Heights/Morris Heights","Bronx",4.91,16.366667,4.1833334,3.4166667,0.76666665,"observed","valid",true,true,true,false,false,0,2,false,"overnight_00_05",2026-07-01 00:00:00.000000,26.8,0,12.6,"dry"
762,"HV0003",2026-07-01 00:23:25.000000,2026-07-01 00:26:48.000000,2026-07-01 00:26:56.000000,2026-07-01 00:37:33.000000,149,"Madison","Brooklyn",210,"Sheepshead Bay","Brooklyn",2.19,10.616667,3.5166667,3.3833334,0.13333334,"observed","valid",true,true,true,false,false,0,2,false,"overnight_00_05",2026-07-01 00:00:00.000000,26.8,0,12.6,"dry"
763,"HV0003",2026-07-01 00:36:51.000000,2026-07-01 00:39:16.000000,2026-07-01 00:41:15.000000,2026-07-01 01:08:53.000000,210,"Sheepshead Bay","Brooklyn",177,"Ocean Hill","Brooklyn",9.16,27.633333,4.4,2.4166667,1.9833333,"observed","valid",true,true,true,false,false,0,2,false,"overnight_00_05",2026-07-01 00:00:00.000000,26.8,0,12.6,"dry"
764,"HV0003",2026-06-30 23:58:54.000000,2026-07-01 00:14:33.000000,2026-07-01 00:15:20.000000,2026-07-01 00:22:12.000000,129,"Jackson Heights","Queens",129,"Jackson Heights","Queens",1.35,6.866667,16.433332,15.65,0.78333336,"observed","valid",true,true,true,false,false,23,1,false,"evening_20_23",2026-06-30 23:00:00.000000,27.9,0,13.3,"dry"
765,"HV0003",2026-07-01 00:09:40.000000,2026-07-01 00:23:52.000000,2026-07-01 00:24:43.000000,2026-07-01 00:37:32.000000,129,"Jackson Heights","Queens",179,"Old Astoria","Queens",3.29,12.816667,15.05,14.2,0.85,"observed","valid",true,true,true,false,false,0,2,false,"overnight_00_05",2026-07-01 00:00:00.000000,26.8,0,12.6,"dry"
766,"HV0003",2026-07-01 00:31:15.000000,2026-07-01 00:44:50.000000,2026-07-01 00:46:50.000000,2026-07-01 01:02:14.000000,223,"Steinway","Queens",82,"Elmhurst","Queens",3.26,15.4,15.583333,13.583333,2,"observed","valid",true,true,true,false,false,0,2,false,"overnight_00_05",2026-07-01 00:00:00.000000,26.8,0,12.6,"dry"
767,"HV0003",2026-07-01 00:05:46.000000,2026-07-01 00:09:16.000000,2026-07-01 00:10:59.000000,2026-07-01 00:16:03.000000,60,"Crotona Park East","Bronx",248,"West Farms/Bronx River","Bronx",0.93,5.0666666,5.2166667,3.5,1.7166667,"observed","valid",true,true,true,false,false,0,2,false,"overnight_00_05",2026-07-01 00:00:00.000000,26.8,0,12.6,"dry"
768,"HV0003",2026-06-30 23:47:49.000000,2026-07-01 00:03:46.000000,2026-07-01 00:05:38.000000,2026-07-01 00:26:00.000000,138,"LaGuardia Airport","Queens",107,"Gramercy","Manhattan",9.01,20.366667,17.816668,15.95,1.8666667,"observed","valid",true,true,true,false,false,23,1,false,"evening_20_23",2026-06-30 23:00:00.000000,27.9,0,13.3,"dry"
769,"HV0003",2026-07-01 00:29:28.000000,2026-07-01 00:32:05.000000,2026-07-01 00:32:27.000000,2026-07-01 00:41:15.000000,144,"Little Italy/NoLiTa","Manhattan",256,"Williamsburg (South Side)","Brooklyn",2.81,8.8,2.9833333,2.6166666,0.36666667,"observed","valid",true,true,true,false,false,0,2,false,"overnight_00_05",2026-07-01 00:00:00.000000,26.8,0,12.6,"dry"
770,"HV0003",2026-07-01 00:44:36.000000,2026-07-01 00:45:09.000000,2026-07-01 00:45:34.000000,2026-07-01 00:49:06.000000,255,"Williamsburg (North Side)","Brooklyn",255,"Williamsburg (North Side)","Brooklyn",0.75,3.5333333,0.96666664,0.55,0.41666666,"observed","valid",true,true,true,false,false,0,2,false,"overnight_00_05",2026-07-01 00:00:00.000000,26.8,0,12.6,"dry"
771,"HV0005",2026-07-01 00:26:48.000000,2026-07-01 00:30:48.000000,2026-07-01 00:32:42.000000,2026-07-01 00:37:26.000000,33,"Brooklyn Heights","Brooklyn",33,"Brooklyn Heights","Brooklyn",0.813,4.733333,5.9,4,1.9,"observed","valid",true,true,true,false,false,0,2,false,"overnight_00_05",2026-07-01 00:00:00.000000,26.8,0,12.6,"dry"
772,"HV0005",2026-07-01 00:38:42.000000,2026-07-01 00:40:59.000000,2026-07-01 00:41:34.000000,2026-07-01 00:57:50.000000,33,"Brooklyn Heights","Brooklyn",17,"Bedford","Brooklyn",3.234,16.266666,2.8666666,2.2833333,0.5833333,"observed","valid",true,true,true,false,false,0,2,false,"overnight_00_05",2026-07-01 00:00:00.000000,26.8,0,12.6,"dry"
773,"HV0003",2026-07-01 00:25:52.000000,2026-07-01 00:29:54.000000,2026-07-01 00:30:33.000000,2026-07-01 00:58:30.000000,231,"TriBeCa/Civic Center","Manhattan",238,"Upper West Side North","Manhattan",7.04,27.95,4.6833334,4.0333333,0.65,"observed","valid",true,true,true,false,false,0,2,false,"overnight_00_05",2026-07-01 00:00:00.000000,26.8,0,12.6,"dry"
774,"HV0005",2026-06-30 23:56:47.000000,2026-07-01 00:01:26.000000,2026-07-01 00:01:32.000000,2026-07-01 00:17:48.000000,112,"Greenpoint","Brooklyn",144,"Little Italy/NoLiTa","Manhattan",4.415,16.266666,4.75,4.65,0.1,"observed","valid",true,true,true,false,false,23,1,false,"evening_20_23",2026-06-30 23:00:00.000000,27.9,0,13.3,"dry"
775,"HV0005",2026-06-30 23:49:27.000000,2026-07-01 00:01:25.000000,2026-07-01 00:03:15.000000,2026-07-01 00:27:39.000000,138,"LaGuardia Airport","Queens",41,"Central Harlem","Manhattan",8.515,24.4,13.8,11.966666,1.8333334,"observed","valid",true,true,true,false,false,23,1,false,"evening_20_23",2026-06-30 23:00:00.000000,27.9,0,13.3,"dry"
776,"HV0005",2026-07-01 00:27:29.000000,2026-07-01 00:30:36.000000,2026-07-01 00:31:03.000000,2026-07-01 00:54:24.000000,41,"Central Harlem","Manhattan",153,"Marble Hill","Manhattan",7.793,23.35,3.5666666,3.1166666,0.45,"observed","valid",true,true,true,false,false,0,2,false,"overnight_00_05",2026-07-01 00:00:00.000000,26.8,0,12.6,"dry"
777,"HV0005",2026-07-01 00:35:31.000000,2026-07-01 00:39:12.000000,2026-07-01 00:39:19.000000,2026-07-01 00:56:34.000000,37,"Bushwick South","Brooklyn",198,"Ridgewood","Queens",1.928,17.25,3.8,3.6833334,0.11666667,"observed","valid",true,true,true,false,false,0,2,false,"overnight_00_05",2026-07-01 00:00:00.000000,26.8,0,12.6,"dry"
778,"HV0005",2026-07-01 00:04:16.000000,2026-07-01 00:08:50.000000,2026-07-01 00:10:24.000000,2026-07-01 00:18:54.000000,170,"Murray Hill","Manhattan",230,"Times Sq/Theatre District","Manhattan",1.45,8.5,6.133333,4.5666666,1.5666667,"observed","valid",true,true,true,false,false,0,2,false,"overnight_00_05",2026-07-01 00:00:00.000000,26.8,0,12.6,"dry"
779,"HV0005",2026-07-01 00:24:02.000000,2026-07-01 00:26:21.000000,2026-07-01 00:27:33.000000,2026-07-01 00:39:46.000000,161,"Midtown Center","Manhattan",146,"Long Island City/Queens Plaza","Queens",3.234,12.216666,3.5166667,2.3166666,1.2,"observed","valid",true,true,true,false,false,0,2,false,"overnight_00_05",2026-07-01 00:00:00.000000,26.8,0,12.6,"dry"
780,"HV0005",2026-07-01 00:39:18.000000,2026-07-01 00:41:03.000000,2026-07-01 00:41:25.000000,2026-07-01 00:49:23.000000,145,"Long Island City/Hunters Point","Queens",202,"Roosevelt Island","Manhattan",1.854,7.9666667,2.1166666,1.75,0.36666667,"observed","valid",true,true,true,false,false,0,2,false,"overnight_00_05",2026-07-01 00:00:00.000000,26.8,0,12.6,"dry"
781,"HV0003",2026-07-01 00:06:51.000000,2026-07-01 00:18:05.000000,2026-07-01 00:20:05.000000,2026-07-01 00:26:07.000000,75,"East Harlem South","Manhattan",236,"Upper East Side North","Manhattan",1.08,6.0333333,13.233334,11.233334,2,"observed","valid",true,true,true,false,false,0,2,false,"overnight_00_05",2026-07-01 00:00:00.000000,26.8,0,12.6,"dry"
782,"HV0005",2026-07-01 00:08:56.000000,2026-07-01 00:13:27.000000,2026-07-01 00:15:01.000000,2026-07-01 00:19:30.000000,61,"Crown Heights North","Brooklyn",61,"Crown Heights North","Brooklyn",0.649,4.483333,6.0833335,4.516667,1.5666667,"observed","valid",true,true,true,false,false,0,2,false,"overnight_00_05",2026-07-01 00:00:00.000000,26.8,0,12.6,"dry"
783,"HV0005",2026-07-01 00:30:02.000000,2026-07-01 00:36:58.000000,2026-07-01 00:37:20.000000,2026-07-01 01:02:00.000000,61,"Crown Heights North","Brooklyn",33,"Brooklyn Heights","Brooklyn",3.939,24.666666,7.3,6.9333334,0.36666667,"observed","valid",true,true,true,false,false,0,2,false,"overnight_00_05",2026-07-01 00:00:00.000000,26.8,0,12.6,"dry"
784,"HV0003",2026-07-01 00:14:12.000000,2026-07-01 00:19:57.000000,2026-07-01 00:20:36.000000,2026-07-01 00:36:47.000000,263,"Yorkville West","Manhattan",78,"East Tremont","Bronx",6.53,16.183332,6.4,5.75,0.65,"observed","valid",true,true,true,false,false,0,2,false,"overnight_00_05",2026-07-01 00:00:00.000000,26.8,0,12.6,"dry"
785,"HV0003",2026-07-01 00:34:24.000000,2026-07-01 00:37:45.000000,2026-07-01 00:38:39.000000,2026-07-01 00:52:55.000000,78,"East Tremont","Bronx",169,"Mount Hope","Bronx",1.92,14.266666,4.25,3.35,0.9,"observed","valid",true,true,true,false,false,0,2,false,"overnight_00_05",2026-07-01 00:00:00.000000,26.8,0,12.6,"dry"
786,"HV0005",2026-07-01 00:04:43.000000,2026-07-01 00:09:51.000000,2026-07-01 00:09:52.000000,2026-07-01 00:26:03.000000,80,"East Williamsburg","Brooklyn",95,"Forest Hills","Queens",6.446,16.183332,5.15,5.133333,0.016666668,"observed","valid",true,true,true,false,false,0,2,false,"overnight_00_05",2026-07-01 00:00:00.000000,26.8,0,12.6,"dry"
787,"HV0005",2026-07-01 00:23:18.000000,2026-07-01 00:31:07.000000,2026-07-01 00:32:00.000000,2026-07-01 00:40:03.000000,56,"Corona","Queens",192,"Queensboro Hill","Queens",2.371,8.05,8.7,7.8166666,0.8833333,"observed","valid",true,true,true,false,false,0,2,false,"overnight_00_05",2026-07-01 00:00:00.000000,26.8,0,12.6,"dry"
788,"HV0005",2026-07-01 00:34:06.000000,2026-07-01 00:50:04.000000,2026-07-01 00:50:24.000000,2026-07-01 01:01:35.000000,57,"Corona","Queens",129,"Jackson Heights","Queens",3.961,11.183333,16.3,15.966666,0.33333334,"observed","valid",true,true,true,false,false,0,2,false,"overnight_00_05",2026-07-01 00:00:00.000000,26.8,0,12.6,"dry"
789,"HV0005",2026-07-01 00:01:20.000000,2026-07-01 00:04:10.000000,2026-07-01 00:05:30.000000,2026-07-01 00:10:16.000000,50,"Clinton West","Manhattan",48,"Clinton East","Manhattan",0.981,4.766667,4.1666665,2.8333333,1.3333334,"observed","valid",true,true,true,false,false,0,2,false,"overnight_00_05",2026-07-01 00:00:00.000000,26.8,0,12.6,"dry"
790,"HV0005",2026-07-01 00:09:03.000000,2026-07-01 00:18:30.000000,2026-07-01 00:19:05.000000,2026-07-01 00:25:24.000000,230,"Times Sq/Theatre District","Manhattan",170,"Murray Hill","Manhattan",1.002,6.3166666,10.033334,9.45,0.5833333,"observed","valid",true,true,true,false,false,0,2,false,"overnight_00_05",2026-07-01 00:00:00.000000,26.8,0,12.6,"dry"
791,"HV0005",2026-07-01 00:25:28.000000,2026-07-01 00:28:54.000000,2026-07-01 00:29:20.000000,2026-07-01 00:55:25.000000,164,"Midtown South","Manhattan",181,"Park Slope","Brooklyn",8.084,26.083334,3.8666666,3.4333334,0.43333334,"observed","valid",true,true,true,false,false,0,2,false,"overnight_00_05",2026-07-01 00:00:00.000000,26.8,0,12.6,"dry"
792,"HV0003",2026-07-01 00:05:16.000000,2026-07-01 00:08:35.000000,2026-07-01 00:10:35.000000,2026-07-01 00:21:29.000000,130,"Jamaica","Queens",121,"Hillcrest/Pomonok","Queens",1.78,10.9,5.3166666,3.3166666,2,"observed","valid",true,true,true,false,false,0,2,false,"overnight_00_05",2026-07-01 00:00:00.000000,26.8,0,12.6,"dry"
793,"HV0003",2026-07-01 00:08:41.000000,2026-07-01 00:23:55.000000,2026-07-01 00:24:46.000000,2026-07-01 00:36:56.000000,28,"Briarwood/Jamaica Hills","Queens",10,"Baisley Park","Queens",4.07,12.166667,16.083334,15.233334,0.85,"observed","valid",true,true,true,false,false,0,2,false,"overnight_00_05",2026-07-01 00:00:00.000000,26.8,0,12.6,"dry"
794,"HV0003",2026-07-01 00:28:16.000000,2026-07-01 00:38:07.000000,2026-07-01 00:38:43.000000,2026-07-01 01:04:52.000000,10,"Baisley Park","Queens",117,"Hammels/Arverne","Queens",10.71,26.15,10.45,9.85,0.6,"observed","valid",true,true,true,false,false,0,2,false,"overnight_00_05",2026-07-01 00:00:00.000000,26.8,0,12.6,"dry"
795,"HV0003",2026-07-01 00:08:31.000000,2026-07-01 00:11:19.000000,2026-07-01 00:12:10.000000,2026-07-01 00:43:51.000000,164,"Midtown South","Manhattan",265,"Outside of NYC","N/A",5.81,31.683332,3.65,2.8,0.85,"observed","valid",true,true,true,false,false,0,2,false,"overnight_00_05",2026-07-01 00:00:00.000000,26.8,0,12.6,"dry"
796,"HV0005",2026-06-30 23:58:07.000000,2026-07-01 00:01:40.000000,2026-07-01 00:02:16.000000,2026-07-01 00:12:57.000000,87,"Financial District North","Manhattan",13,"Battery Park City","Manhattan",1.164,10.683333,4.15,3.55,0.6,"observed","valid",true,true,true,false,false,23,1,false,"evening_20_23",2026-06-30 23:00:00.000000,27.9,0,13.3,"dry"
797,"HV0005",2026-07-01 00:13:23.000000,2026-07-01 00:20:37.000000,2026-07-01 00:21:16.000000,2026-07-01 00:39:41.000000,261,"World Trade Center","Manhattan",170,"Murray Hill","Manhattan",5.852,18.416666,7.883333,7.233333,0.65,"observed","valid",true,true,true,false,false,0,2,false,"overnight_00_05",2026-07-01 00:00:00.000000,26.8,0,12.6,"dry"
798,"HV0005",2026-07-01 00:39:16.000000,2026-07-01 00:44:30.000000,2026-07-01 00:45:43.000000,2026-07-01 01:03:55.000000,164,"Midtown South","Manhattan",256,"Williamsburg (South Side)","Brooklyn",5.416,18.2,6.45,5.233333,1.2166667,"observed","valid",true,true,true,false,false,0,2,false,"overnight_00_05",2026-07-01 00:00:00.000000,26.8,0,12.6,"dry"
799,"HV0003",2026-07-01 00:20:18.000000,2026-07-01 00:20:41.000000,2026-07-01 00:22:42.000000,2026-07-01 00:47:47.000000,237,"Upper East Side South","Manhattan",189,"Prospect Heights","Brooklyn",10.29,25.083334,2.4,0.38333333,2.0166667,"observed","valid",true,true,true,false,false,0,2,false,"overnight_00_05",2026-07-01 00:00:00.000000,26.8,0,12.6,"dry"
800,"HV0003",2026-07-01 00:48:04.000000,2026-07-01 00:53:17.000000,2026-07-01 00:54:09.000000,2026-07-01 01:21:14.000000,97,"Fort Greene","Brooklyn",248,"West Farms/Bronx River","Bronx",14.94,27.083334,6.0833335,5.2166667,0.8666667,"observed","valid",true,true,true,false,false,0,2,false,"overnight_00_05",2026-07-01 00:00:00.000000,26.8,0,12.6,"dry"
801,"HV0003",2026-07-01 00:20:09.000000,2026-07-01 00:34:58.000000,2026-07-01 00:36:58.000000,2026-07-01 01:05:34.000000,171,"Murray Hill-Queens","Queens",56,"Corona","Queens",11.09,28.6,16.816668,14.816667,2,"observed","valid",true,true,true,false,false,0,2,false,"overnight_00_05",2026-07-01 00:00:00.000000,26.8,0,12.6,"dry"
802,"HV0005",2026-07-01 00:02:36.000000,2026-07-01 00:05:47.000000,2026-07-01 00:06:28.000000,2026-07-01 00:20:19.000000,113,"Greenwich Village North","Manhattan",48,"Clinton East","Manhattan",2.82,13.85,3.8666666,3.1833334,0.68333334,"observed","valid",true,true,true,false,false,0,2,false,"overnight_00_05",2026-07-01 00:00:00.000000,26.8,0,12.6,"dry"
803,"HV0005",2026-07-01 00:28:05.000000,2026-07-01 00:34:08.000000,2026-07-01 00:34:11.000000,2026-07-01 00:37:42.000000,68,"East Chelsea","Manhattan",100,"Garment District","Manhattan",0.722,3.5166667,6.1,6.05,0.05,"observed","valid",true,true,true,false,false,0,2,false,"overnight_00_05",2026-07-01 00:00:00.000000,26.8,0,12.6,"dry"
804,"HV0005",2026-07-01 00:42:07.000000,2026-07-01 00:45:58.000000,2026-07-01 00:47:14.000000,2026-07-01 01:12:26.000000,68,"East Chelsea","Manhattan",42,"Central Harlem North","Manhattan",8.019,25.2,5.116667,3.85,1.2666667,"observed","valid",true,true,true,false,false,0,2,false,"overnight_00_05",2026-07-01 00:00:00.000000,26.8,0,12.6,"dry"
805,"HV0003",2026-07-01 00:19:17.000000,2026-07-01 00:20:17.000000,2026-07-01 00:20:47.000000,2026-07-01 00:29:26.000000,89,"Flatbush/Ditmas Park","Brooklyn",91,"Flatlands","Brooklyn",2.07,8.65,1.5,1,0.5,"observed","valid",true,true,true,false,false,0,2,false,"overnight_00_05",2026-07-01 00:00:00.000000,26.8,0,12.6,"dry"
806,"HV0003",2026-07-01 00:28:12.000000,2026-07-01 00:45:17.000000,2026-07-01 00:46:59.000000,2026-07-01 01:11:55.000000,201,"Rockaway Park","Queens",210,"Sheepshead Bay","Brooklyn",7.89,24.933332,18.783333,17.083334,1.7,"observed","valid",true,true,true,false,false,0,2,false,"overnight_00_05",2026-07-01 00:00:00.000000,26.8,0,12.6,"dry"
807,"HV0005",2026-07-01 00:04:45.000000,2026-07-01 00:06:24.000000,2026-07-01 00:10:13.000000,2026-07-01 00:34:05.000000,231,"TriBeCa/Civic Center","Manhattan",36,"Bushwick North","Brooklyn",5.991,23.866667,5.4666667,1.65,3.8166666,"observed","valid",true,true,true,false,true,0,2,false,"overnight_00_05",2026-07-01 00:00:00.000000,26.8,0,12.6,"dry"
808,"HV0005",2026-07-01 00:33:47.000000,2026-07-01 00:37:27.000000,2026-07-01 00:37:39.000000,2026-07-01 00:54:29.000000,36,"Bushwick North","Brooklyn",7,"Astoria","Queens",6.675,16.833334,3.8666666,3.6666667,0.2,"observed","valid",true,true,true,false,false,0,2,false,"overnight_00_05",2026-07-01 00:00:00.000000,26.8,0,12.6,"dry"
809,"HV0005",2026-07-01 00:51:44.000000,2026-07-01 00:57:19.000000,2026-07-01 00:59:36.000000,2026-07-01 01:07:25.000000,7,"Astoria","Queens",7,"Astoria","Queens",1.08,7.8166666,7.866667,5.5833335,2.2833333,"observed","valid",true,true,true,false,false,0,2,false,"overnight_00_05",2026-07-01 00:00:00.000000,26.8,0,12.6,"dry"
810,"HV0003",2026-07-01 00:05:58.000000,2026-07-01 00:07:03.000000,2026-07-01 00:07:11.000000,2026-07-01 00:13:30.000000,238,"Upper West Side North","Manhattan",239,"Upper West Side South","Manhattan",1.38,6.3166666,1.2166667,1.0833334,0.13333334,"observed","valid",true,true,true,false,false,0,2,false,"overnight_00_05",2026-07-01 00:00:00.000000,26.8,0,12.6,"dry"
811,"HV0003",2026-07-01 00:15:20.000000,2026-07-01 00:18:03.000000,2026-07-01 00:19:29.000000,2026-07-01 00:25:16.000000,142,"Lincoln Square East","Manhattan",238,"Upper West Side North","Manhattan",1.33,5.7833333,4.15,2.7166667,1.4333333,"observed","valid",true,true,true,false,false,0,2,false,"overnight_00_05",2026-07-01 00:00:00.000000,26.8,0,12.6,"dry"
812,"HV0003",2026-07-01 00:24:12.000000,2026-07-01 00:26:39.000000,2026-07-01 00:26:52.000000,2026-07-01 00:33:00.000000,238,"Upper West Side North","Manhattan",238,"Upper West Side North","Manhattan",1.17,6.133333,2.6666667,2.45,0.21666667,"observed","valid",true,true,true,false,false,0,2,false,"overnight_00_05",2026-07-01 00:00:00.000000,26.8,0,12.6,"dry"
813,"HV0003",2026-07-01 00:30:50.000000,2026-07-01 00:38:11.000000,2026-07-01 00:38:21.000000,2026-07-01 00:49:39.000000,239,"Upper West Side South","Manhattan",236,"Upper East Side North","Manhattan",1.73,11.3,7.516667,7.35,0.16666667,"observed","valid",true,true,true,false,false,0,2,false,"overnight_00_05",2026-07-01 00:00:00.000000,26.8,0,12.6,"dry"
814,"HV0003",2026-07-01 00:51:30.000000,2026-07-01 00:55:03.000000,2026-07-01 00:55:27.000000,2026-07-01 01:01:58.000000,236,"Upper East Side North","Manhattan",229,"Sutton Place/Turtle Bay North","Manhattan",1.78,6.516667,3.95,3.55,0.4,"observed","valid",true,true,true,false,false,0,2,false,"overnight_00_05",2026-07-01 00:00:00.000000,26.8,0,12.6,"dry"
815,"HV0003",2026-07-01 00:03:03.000000,2026-07-01 00:04:42.000000,2026-07-01 00:05:12.000000,2026-07-01 00:16:37.000000,25,"Boerum Hill","Brooklyn",257,"Windsor Terrace","Brooklyn",2.56,11.416667,2.15,1.65,0.5,"observed","valid",true,true,true,false,false,0,2,false,"overnight_00_05",2026-07-01 00:00:00.000000,26.8,0,12.6,"dry"
816,"HV0003",2026-07-01 00:07:38.000000,2026-07-01 00:18:46.000000,2026-07-01 00:19:32.000000,2026-07-01 00:24:53.000000,257,"Windsor Terrace","Brooklyn",133,"Kensington","Brooklyn",1.39,5.35,11.9,11.133333,0.76666665,"observed","valid",true,true,true,false,false,0,2,false,"overnight_00_05",2026-07-01 00:00:00.000000,26.8,0,12.6,"dry"
817,"HV0003",2026-07-01 00:27:33.000000,2026-07-01 00:29:51.000000,2026-07-01 00:30:09.000000,2026-07-01 00:38:29.000000,227,"Sunset Park East","Brooklyn",26,"Borough Park","Brooklyn",1.32,8.333333,2.6,2.3,0.3,"observed","valid",true,true,true,false,false,0,2,false,"overnight_00_05",2026-07-01 00:00:00.000000,26.8,0,12.6,"dry"
818,"HV0003",2026-07-01 00:23:06.000000,2026-07-01 00:42:34.000000,2026-07-01 00:43:18.000000,2026-07-01 00:49:05.000000,26,"Borough Park","Brooklyn",89,"Flatbush/Ditmas Park","Brooklyn",0.95,5.7833333,20.2,19.466667,0.73333335,"observed","valid",true,true,true,false,false,0,2,false,"overnight_00_05",2026-07-01 00:00:00.000000,26.8,0,12.6,"dry"
819,"HV0003",2026-07-01 00:10:09.000000,2026-07-01 00:12:15.000000,2026-07-01 00:12:49.000000,2026-07-01 00:30:45.000000,249,"West Village","Manhattan",50,"Clinton West","Manhattan",3.87,17.933332,2.6666667,2.1,0.56666666,"observed","valid",true,true,true,false,false,0,2,false,"overnight_00_05",2026-07-01 00:00:00.000000,26.8,0,12.6,"dry"
820,"HV0003",2026-07-01 00:36:05.000000,2026-07-01 00:38:39.000000,2026-07-01 00:39:19.000000,2026-07-01 00:51:56.000000,48,"Clinton East","Manhattan",164,"Midtown South","Manhattan",1.96,12.616667,3.2333333,2.5666666,0.6666667,"observed","valid",true,true,true,false,false,0,2,false,"overnight_00_05",2026-07-01 00:00:00.000000,26.8,0,12.6,"dry"
821,"HV0003",2026-07-01 00:49:19.000000,2026-07-01 00:58:19.000000,2026-07-01 00:58:33.000000,2026-07-01 01:32:56.000000,164,"Midtown South","Manhattan",21,"Bensonhurst East","Brooklyn",13.63,34.383335,9.233334,9,0.23333333,"observed","valid",true,true,true,false,false,0,2,false,"overnight_00_05",2026-07-01 00:00:00.000000,26.8,0,12.6,"dry"
822,"HV0003",2026-07-01 00:19:52.000000,2026-07-01 00:24:45.000000,2026-07-01 00:25:16.000000,2026-07-01 00:32:14.000000,189,"Prospect Heights","Brooklyn",49,"Clinton Hill","Brooklyn",1.22,6.9666667,5.4,4.883333,0.51666665,"observed","valid",true,true,true,false,false,0,2,false,"overnight_00_05",2026-07-01 00:00:00.000000,26.8,0,12.6,"dry"
823,"HV0003",2026-07-01 00:45:11.000000,2026-07-01 00:47:41.000000,2026-07-01 00:49:41.000000,2026-07-01 00:59:29.000000,49,"Clinton Hill","Brooklyn",97,"Fort Greene","Brooklyn",1.26,9.8,4.5,2.5,2,"observed","valid",true,true,true,false,false,0,2,false,"overnight_00_05",2026-07-01 00:00:00.000000,26.8,0,12.6,"dry"
824,"HV0003",2026-07-01 00:10:25.000000,2026-07-01 00:13:20.000000,2026-07-01 00:13:31.000000,2026-07-01 00:26:56.000000,90,"Flatiron","Manhattan",48,"Clinton East","Manhattan",2.5,13.416667,3.1,2.9166667,0.18333334,"observed","valid",true,true,true,false,false,0,2,false,"overnight_00_05",2026-07-01 00:00:00.000000,26.8,0,12.6,"dry"
825,"HV0003",2026-07-01 00:23:52.000000,2026-07-01 00:29:08.000000,2026-07-01 00:31:01.000000,2026-07-01 01:20:31.000000,48,"Clinton East","Manhattan",169,"Mount Hope","Bronx",10.36,49.5,7.15,5.266667,1.8833333,"observed","valid",true,true,true,false,false,0,2,false,"overnight_00_05",2026-07-01 00:00:00.000000,26.8,0,12.6,"dry"
826,"HV0005",2026-07-01 00:00:43.000000,2026-07-01 00:03:22.000000,2026-07-01 00:03:56.000000,2026-07-01 00:15:16.000000,161,"Midtown Center","Manhattan",142,"Lincoln Square East","Manhattan",2.002,11.333333,3.2166667,2.65,0.56666666,"observed","valid",true,true,true,false,false,0,2,false,"overnight_00_05",2026-07-01 00:00:00.000000,26.8,0,12.6,"dry"
827,"HV0005",2026-07-01 00:34:08.000000,2026-07-01 00:34:50.000000,2026-07-01 00:36:08.000000,2026-07-01 00:51:10.000000,48,"Clinton East","Manhattan",148,"Lower East Side","Manhattan",3.223,15.033334,2,0.7,1.3,"observed","valid",true,true,true,false,false,0,2,false,"overnight_00_05",2026-07-01 00:00:00.000000,26.8,0,12.6,"dry"
828,"HV0003",2026-07-01 00:21:12.000000,2026-07-01 00:26:21.000000,2026-07-01 00:27:11.000000,2026-07-01 00:39:55.000000,112,"Greenpoint","Brooklyn",66,"DUMBO/Vinegar Hill","Brooklyn",4.72,12.733334,5.983333,5.15,0.8333333,"observed","valid",true,true,true,false,false,0,2,false,"overnight_00_05",2026-07-01 00:00:00.000000,26.8,0,12.6,"dry"
829,"HV0003",2026-07-01 00:36:23.000000,2026-07-01 00:40:57.000000,2026-07-01 00:41:01.000000,2026-07-01 01:18:36.000000,66,"DUMBO/Vinegar Hill","Brooklyn",124,"Howard Beach","Queens",19.1,37.583332,4.633333,4.5666666,0.06666667,"observed","valid",true,true,true,false,false,0,2,false,"overnight_00_05",2026-07-01 00:00:00.000000,26.8,0,12.6,"dry"
830,"HV0003",2026-06-30 23:54:24.000000,2026-06-30 23:59:38.000000,2026-07-01 00:00:28.000000,2026-07-01 00:07:33.000000,45,"Chinatown","Manhattan",87,"Financial District North","Manhattan",1.19,7.0833335,6.0666666,5.233333,0.8333333,"observed","valid",true,true,true,false,false,23,1,false,"evening_20_23",2026-06-30 23:00:00.000000,27.9,0,13.3,"dry"
831,"HV0003",2026-07-01 00:08:03.000000,2026-07-01 00:12:58.000000,2026-07-01 00:12:58.000000,2026-07-01 00:19:02.000000,87,"Financial District North","Manhattan",45,"Chinatown","Manhattan",1.41,6.0666666,4.9166665,4.9166665,0,"same_as_pickup","valid",true,false,true,false,false,0,2,false,"overnight_00_05",2026-07-01 00:00:00.000000,26.8,0,12.6,"dry"
832,"HV0003",2026-07-01 00:20:18.000000,2026-07-01 00:21:14.000000,2026-07-01 00:23:15.000000,2026-07-01 00:51:03.000000,148,"Lower East Side","Manhattan",91,"Flatlands","Brooklyn",10.42,27.8,2.95,0.93333334,2.0166667,"observed","valid",true,true,true,false,false,0,2,false,"overnight_00_05",2026-07-01 00:00:00.000000,26.8,0,12.6,"dry"
833,"HV0003",2026-07-01 00:47:49.000000,2026-07-01 00:52:30.000000,2026-07-01 00:52:48.000000,2026-07-01 01:00:26.000000,91,"Flatlands","Brooklyn",89,"Flatbush/Ditmas Park","Brooklyn",2.08,7.633333,4.983333,4.6833334,0.3,"observed","valid",true,true,true,false,false,0,2,false,"overnight_00_05",2026-07-01 00:00:00.000000,26.8,0,12.6,"dry"
834,"HV0005",2026-07-01 00:04:01.000000,2026-07-01 00:13:25.000000,2026-07-01 00:13:27.000000,2026-07-01 00:32:21.000000,112,"Greenpoint","Brooklyn",225,"Stuyvesant Heights","Brooklyn",2.974,18.9,9.433333,9.4,0.033333335,"observed","valid",true,true,true,false,false,0,2,false,"overnight_00_05",2026-07-01 00:00:00.000000,26.8,0,12.6,"dry"
835,"HV0005",2026-07-01 00:47:44.000000,2026-07-01 00:52:13.000000,2026-07-01 00:52:15.000000,2026-07-01 01:10:03.000000,79,"East Village","Manhattan",181,"Park Slope","Brooklyn",4.355,17.8,4.516667,4.483333,0.033333335,"observed","valid",true,true,true,false,false,0,2,false,"overnight_00_05",2026-07-01 00:00:00.000000,26.8,0,12.6,"dry"
836,"HV0003",2026-07-01 00:00:04.000000,2026-07-01 00:20:36.000000,2026-07-01 00:21:33.000000,2026-07-01 00:59:56.000000,7,"Astoria","Queens",82,"Elmhurst","Queens",5.69,38.383335,21.483334,20.533333,0.95,"observed","valid",true,true,true,false,false,0,2,false,"overnight_00_05",2026-07-01 00:00:00.000000,26.8,0,12.6,"dry"
837,"HV0003",2026-07-01 00:01:16.000000,2026-07-01 00:03:55.000000,2026-07-01 00:04:21.000000,2026-07-01 00:24:44.000000,234,"Union Sq","Manhattan",7,"Astoria","Queens",8.34,20.383333,3.0833333,2.65,0.43333334,"observed","valid",true,true,true,false,false,0,2,false,"overnight_00_05",2026-07-01 00:00:00.000000,26.8,0,12.6,"dry"
838,"HV0003",2026-07-01 00:12:53.000000,2026-07-01 00:28:03.000000,2026-07-01 00:28:17.000000,2026-07-01 00:40:35.000000,223,"Steinway","Queens",7,"Astoria","Queens",1.29,12.3,15.4,15.166667,0.23333333,"observed","valid",true,true,true,false,false,0,2,false,"overnight_00_05",2026-07-01 00:00:00.000000,26.8,0,12.6,"dry"
839,"HV0003",2026-07-01 00:37:47.000000,2026-07-01 00:43:51.000000,2026-07-01 00:44:35.000000,2026-07-01 00:56:27.000000,7,"Astoria","Queens",70,"East Elmhurst","Queens",4.11,11.866667,6.8,6.0666666,0.73333335,"observed","valid",true,true,true,false,false,0,2,false,"overnight_00_05",2026-07-01 00:00:00.000000,26.8,0,12.6,"dry"
840,"HV0003",2026-07-01 00:06:48.000000,2026-07-01 00:10:36.000000,2026-07-01 00:10:41.000000,2026-07-01 00:18:10.000000,179,"Old Astoria","Queens",7,"Astoria","Queens",1.29,7.483333,3.8833334,3.8,0.083333336,"observed","valid",true,true,true,false,false,0,2,false,"overnight_00_05",2026-07-01 00:00:00.000000,26.8,0,12.6,"dry"
841,"HV0003",2026-07-01 00:38:06.000000,2026-07-01 00:48:48.000000,2026-07-01 00:48:48.000000,2026-07-01 00:54:49.000000,25,"Boerum Hill","Brooklyn",181,"Park Slope","Brooklyn",1.18,6.016667,10.7,10.7,0,"same_as_pickup","valid",true,false,true,false,false,0,2,false,"overnight_00_05",2026-07-01 00:00:00.000000,26.8,0,12.6,"dry"
842,"HV0003",2026-07-01 00:48:02.000000,2026-07-01 00:58:46.000000,2026-07-01 00:59:12.000000,2026-07-01 01:02:49.000000,181,"Park Slope","Brooklyn",25,"Boerum Hill","Brooklyn",0.88,3.6166666,11.166667,10.733334,0.43333334,"observed","valid",true,true,true,false,false,0,2,false,"overnight_00_05",2026-07-01 00:00:00.000000,26.8,0,12.6,"dry"
843,"HV0005",2026-07-01 00:06:22.000000,2026-07-01 00:09:16.000000,2026-07-01 00:10:05.000000,2026-07-01 00:34:01.000000,36,"Bushwick North","Brooklyn",106,"Gowanus","Brooklyn",5.903,23.933332,3.7166667,2.9,0.81666666,"observed","valid",true,true,true,false,false,0,2,false,"overnight_00_05",2026-07-01 00:00:00.000000,26.8,0,12.6,"dry"
844,"HV0003",2026-07-01 00:00:18.000000,2026-07-01 00:02:27.000000,2026-07-01 00:03:01.000000,2026-07-01 00:10:25.000000,226,"Sunnyside","Queens",226,"Sunnyside","Queens",0.87,7.4,2.7166667,2.15,0.56666666,"observed","valid",true,true,true,false,false,0,2,false,"overnight_00_05",2026-07-01 00:00:00.000000,26.8,0,12.6,"dry"
845,"HV0003",2026-07-01 00:10:35.000000,2026-07-01 00:11:35.000000,2026-07-01 00:11:52.000000,2026-07-01 00:30:20.000000,226,"Sunnyside","Queens",56,"Corona","Queens",5.6,18.466667,1.2833333,1,0.28333333,"observed","valid",true,true,true,false,false,0,2,false,"overnight_00_05",2026-07-01 00:00:00.000000,26.8,0,12.6,"dry"
846,"HV0003",2026-07-01 00:27:57.000000,2026-07-01 00:42:07.000000,2026-07-01 00:43:13.000000,2026-07-01 01:01:55.000000,82,"Elmhurst","Queens",173,"North Corona","Queens",1.57,18.7,15.266666,14.166667,1.1,"observed","valid",true,true,true,false,false,0,2,false,"overnight_00_05",2026-07-01 00:00:00.000000,26.8,0,12.6,"dry"
847,"HV0003",2026-06-30 23:58:51.000000,2026-07-01 00:05:17.000000,2026-07-01 00:07:17.000000,2026-07-01 00:16:22.000000,65,"Downtown Brooklyn/MetroTech","Brooklyn",25,"Boerum Hill","Brooklyn",1.55,9.083333,8.433333,6.4333334,2,"observed","valid",true,true,true,false,false,23,1,false,"evening_20_23",2026-06-30 23:00:00.000000,27.9,0,13.3,"dry"
848,"HV0003",2026-07-01 00:17:45.000000,2026-07-01 00:21:25.000000,2026-07-01 00:22:00.000000,2026-07-01 00:39:12.000000,25,"Boerum Hill","Brooklyn",17,"Bedford","Brooklyn",3.12,17.2,4.25,3.6666667,0.5833333,"observed","valid",true,true,true,false,false,0,2,false,"overnight_00_05",2026-07-01 00:00:00.000000,26.8,0,12.6,"dry"
849,"HV0003",2026-07-01 00:47:23.000000,2026-07-01 00:55:53.000000,2026-07-01 00:55:59.000000,2026-07-01 01:08:47.000000,112,"Greenpoint","Brooklyn",37,"Bushwick South","Brooklyn",2.58,12.8,8.6,8.5,0.1,"observed","valid",true,true,true,false,false,0,2,false,"overnight_00_05",2026-07-01 00:00:00.000000,26.8,0,12.6,"dry"
850,"HV0003",2026-07-01 00:26:19.000000,2026-07-01 00:37:46.000000,2026-07-01 00:37:46.000000,2026-07-01 00:56:30.000000,228,"Sunset Park West","Brooklyn",188,"Prospect-Lefferts Gardens","Brooklyn",3.94,18.733334,11.45,11.45,0,"same_as_pickup","valid",true,false,true,false,false,0,2,false,"overnight_00_05",2026-07-01 00:00:00.000000,26.8,0,12.6,"dry"
851,"HV0005",2026-07-01 00:04:08.000000,2026-07-01 00:15:29.000000,2026-07-01 00:15:42.000000,2026-07-01 00:29:20.000000,256,"Williamsburg (South Side)","Brooklyn",189,"Prospect Heights","Brooklyn",2.929,13.633333,11.566667,11.35,0.21666667,"observed","valid",true,true,true,false,false,0,2,false,"overnight_00_05",2026-07-01 00:00:00.000000,26.8,0,12.6,"dry"
852,"HV0005",2026-07-01 00:41:27.000000,2026-07-01 00:44:28.000000,2026-07-01 00:45:44.000000,2026-07-01 00:59:09.000000,231,"TriBeCa/Civic Center","Manhattan",68,"East Chelsea","Manhattan",3.025,13.416667,4.2833333,3.0166667,1.2666667,"observed","valid",true,true,true,false,false,0,2,false,"overnight_00_05",2026-07-01 00:00:00.000000,26.8,0,12.6,"dry"
853,"HV0003",2026-07-01 00:15:08.000000,2026-07-01 00:20:15.000000,2026-07-01 00:20:58.000000,2026-07-01 00:35:03.000000,114,"Greenwich Village South","Manhattan",141,"Lenox Hill West","Manhattan",3.77,14.083333,5.8333335,5.116667,0.71666664,"observed","valid",true,true,true,false,false,0,2,false,"overnight_00_05",2026-07-01 00:00:00.000000,26.8,0,12.6,"dry"
854,"HV0003",2026-07-01 00:39:56.000000,2026-07-01 00:42:23.000000,2026-07-01 00:44:05.000000,2026-07-01 00:55:02.000000,161,"Midtown Center","Manhattan",107,"Gramercy","Manhattan",2,10.95,4.15,2.45,1.7,"observed","valid",true,true,true,false,false,0,2,false,"overnight_00_05",2026-07-01 00:00:00.000000,26.8,0,12.6,"dry"
855,"HV0003",2026-06-30 23:55:59.000000,2026-07-01 00:03:43.000000,2026-07-01 00:05:44.000000,2026-07-01 00:38:39.000000,93,"Flushing Meadows-Corona Park","Queens",238,"Upper West Side North","Manhattan",11.5,32.916668,9.75,7.733333,2.0166667,"observed","valid",true,true,true,false,false,23,1,false,"evening_20_23",2026-06-30 23:00:00.000000,27.9,0,13.3,"dry"
856,"HV0003",2026-07-01 00:40:00.000000,2026-07-01 00:50:43.000000,2026-07-01 00:50:56.000000,2026-07-01 01:02:52.000000,163,"Midtown North","Manhattan",79,"East Village","Manhattan",2.82,11.933333,10.933333,10.716666,0.21666667,"observed","valid",true,true,true,true,false,0,2,false,"overnight_00_05",2026-07-01 00:00:00.000000,26.8,0,12.6,"dry"
857,"HV0003",2026-07-01 00:37:01.000000,2026-07-01 00:41:51.000000,2026-07-01 00:41:51.000000,2026-07-01 01:13:54.000000,164,"Midtown South","Manhattan",265,"Outside of NYC","N/A",23.3,32.05,4.8333335,4.8333335,0,"same_as_pickup","valid",true,false,true,false,false,0,2,false,"overnight_00_05",2026-07-01 00:00:00.000000,26.8,0,12.6,"dry"
858,"HV0003",2026-07-01 00:01:25.000000,2026-07-01 00:01:59.000000,2026-07-01 00:02:17.000000,2026-07-01 00:06:02.000000,36,"Bushwick North","Brooklyn",37,"Bushwick South","Brooklyn",1,3.75,0.8666667,0.56666666,0.3,"observed","valid",true,true,true,false,false,0,2,false,"overnight_00_05",2026-07-01 00:00:00.000000,26.8,0,12.6,"dry"
859,"HV0003",2026-07-01 00:20:28.000000,2026-07-01 00:29:39.000000,2026-07-01 00:29:50.000000,2026-07-01 00:36:49.000000,37,"Bushwick South","Brooklyn",37,"Bushwick South","Brooklyn",1.35,6.983333,9.366667,9.183333,0.18333334,"observed","valid",true,true,true,false,false,0,2,false,"overnight_00_05",2026-07-01 00:00:00.000000,26.8,0,12.6,"dry"
860,"HV0003",2026-07-01 00:24:19.000000,2026-07-01 00:39:11.000000,2026-07-01 00:39:22.000000,2026-07-01 01:18:52.000000,37,"Bushwick South","Brooklyn",174,"Norwood","Bronx",19.55,39.5,15.05,14.866667,0.18333334,"observed","valid",true,true,true,false,false,0,2,false,"overnight_00_05",2026-07-01 00:00:00.000000,26.8,0,12.6,"dry"
861,"HV0005",2026-07-01 00:06:46.000000,2026-07-01 00:11:21.000000,2026-07-01 00:11:22.000000,2026-07-01 00:24:02.000000,36,"Bushwick North","Brooklyn",225,"Stuyvesant Heights","Brooklyn",2.233,12.666667,4.6,4.5833335,0.016666668,"observed","valid",true,true,true,false,false,0,2,false,"overnight_00_05",2026-07-01 00:00:00.000000,26.8,0,12.6,"dry"
862,"HV0003",2026-07-01 00:08:57.000000,2026-07-01 00:09:42.000000,2026-07-01 00:10:05.000000,2026-07-01 00:16:33.000000,161,"Midtown Center","Manhattan",233,"UN/Turtle Bay South","Manhattan",0.94,6.4666667,1.1333333,0.75,0.38333333,"observed","valid",true,true,true,false,false,0,2,false,"overnight_00_05",2026-07-01 00:00:00.000000,26.8,0,12.6,"dry"
863,"HV0003",2026-06-30 23:53:12.000000,2026-07-01 00:01:15.000000,2026-07-01 00:01:52.000000,2026-07-01 00:39:31.000000,132,"JFK Airport","Queens",229,"Sutton Place/Turtle Bay North","Manhattan",17.48,37.65,8.666667,8.05,0.6166667,"observed","valid",true,true,true,false,false,23,1,false,"evening_20_23",2026-06-30 23:00:00.000000,27.9,0,13.3,"dry"
864,"HV0003",2026-07-01 00:41:00.000000,2026-07-01 00:44:59.000000,2026-07-01 00:46:59.000000,2026-07-01 00:52:59.000000,161,"Midtown Center","Manhattan",170,"Murray Hill","Manhattan",0.99,6,5.983333,3.9833333,2,"observed","valid",true,true,true,true,false,0,2,false,"overnight_00_05",2026-07-01 00:00:00.000000,26.8,0,12.6,"dry"
865,"HV0003",2026-07-01 00:51:54.000000,2026-07-01 00:58:43.000000,2026-07-01 00:59:13.000000,2026-07-01 01:05:24.000000,164,"Midtown South","Manhattan",90,"Flatiron","Manhattan",1.41,6.1833334,7.3166666,6.8166666,0.5,"observed","valid",true,true,true,false,false,0,2,false,"overnight_00_05",2026-07-01 00:00:00.000000,26.8,0,12.6,"dry"
866,"HV0005",2026-06-30 23:55:02.000000,2026-07-01 00:00:54.000000,2026-07-01 00:01:06.000000,2026-07-01 00:14:14.000000,112,"Greenpoint","Brooklyn",226,"Sunnyside","Queens",2.787,13.133333,6.0666666,5.866667,0.2,"observed","valid",true,true,true,false,false,23,1,false,"evening_20_23",2026-06-30 23:00:00.000000,27.9,0,13.3,"dry"
867,"HV0005",2026-07-01 00:10:57.000000,2026-07-01 00:21:37.000000,2026-07-01 00:21:46.000000,2026-07-01 00:50:53.000000,226,"Sunnyside","Queens",258,"Woodhaven","Queens",5.912,29.116667,10.816667,10.666667,0.15,"observed","valid",true,true,true,false,false,0,2,false,"overnight_00_05",2026-07-01 00:00:00.000000,26.8,0,12.6,"dry"
868,"HV0003",2026-06-30 23:58:41.000000,2026-07-01 00:03:07.000000,2026-07-01 00:04:19.000000,2026-07-01 00:07:47.000000,130,"Jamaica","Queens",130,"Jamaica","Queens",0.46,3.4666667,5.633333,4.4333334,1.2,"observed","valid",true,true,true,false,false,23,1,false,"evening_20_23",2026-06-30 23:00:00.000000,27.9,0,13.3,"dry"
869,"HV0003",2026-07-01 00:08:42.000000,2026-07-01 00:12:31.000000,2026-07-01 00:12:54.000000,2026-07-01 00:20:02.000000,130,"Jamaica","Queens",130,"Jamaica","Queens",0.99,7.133333,4.2,3.8166666,0.38333333,"observed","valid",true,true,true,false,false,0,2,false,"overnight_00_05",2026-07-01 00:00:00.000000,26.8,0,12.6,"dry"
870,"HV0003",2026-07-01 00:17:33.000000,2026-07-01 00:22:55.000000,2026-07-01 00:24:55.000000,2026-07-01 01:14:26.000000,130,"Jamaica","Queens",235,"University Heights/Morris Heights","Bronx",19.12,49.516666,7.366667,5.366667,2,"observed","valid",true,true,true,false,false,0,2,false,"overnight_00_05",2026-07-01 00:00:00.000000,26.8,0,12.6,"dry"
871,"HV0003",2026-07-01 00:05:29.000000,2026-07-01 00:12:05.000000,2026-07-01 00:12:35.000000,2026-07-01 00:48:08.000000,145,"Long Island City/Hunters Point","Queens",168,"Mott Haven/Port Morris","Bronx",10.4,35.55,7.1,6.6,0.5,"observed","valid",true,true,true,false,false,0,2,false,"overnight_00_05",2026-07-01 00:00:00.000000,26.8,0,12.6,"dry"
872,"HV0003",2026-07-01 00:17:17.000000,2026-07-01 00:18:03.000000,2026-07-01 00:18:24.000000,2026-07-01 00:29:29.000000,49,"Clinton Hill","Brooklyn",181,"Park Slope","Brooklyn",1.79,11.083333,1.1166667,0.76666665,0.35,"observed","valid",true,true,true,false,false,0,2,false,"overnight_00_05",2026-07-01 00:00:00.000000,26.8,0,12.6,"dry"
873,"HV0003",2026-07-01 00:20:18.000000,2026-07-01 00:30:51.000000,2026-07-01 00:31:20.000000,2026-07-01 00:52:11.000000,181,"Park Slope","Brooklyn",39,"Canarsie","Brooklyn",5.36,20.85,11.033334,10.55,0.48333332,"observed","valid",true,true,true,false,false,0,2,false,"overnight_00_05",2026-07-01 00:00:00.000000,26.8,0,12.6,"dry"
874,"HV0005",2026-07-01 00:15:30.000000,2026-07-01 00:16:08.000000,2026-07-01 00:18:49.000000,2026-07-01 00:43:10.000000,106,"Gowanus","Brooklyn",21,"Bensonhurst East","Brooklyn",6.761,24.35,3.3166666,0.6333333,2.6833334,"observed","valid",true,true,true,false,false,0,2,false,"overnight_00_05",2026-07-01 00:00:00.000000,26.8,0,12.6,"dry"
875,"HV0003",2026-07-01 00:04:58.000000,2026-07-01 00:15:48.000000,2026-07-01 00:16:03.000000,2026-07-01 00:28:14.000000,140,"Lenox Hill East","Manhattan",145,"Long Island City/Hunters Point","Queens",2.69,12.183333,11.083333,10.833333,0.25,"observed","valid",true,true,true,false,false,0,2,false,"overnight_00_05",2026-07-01 00:00:00.000000,26.8,0,12.6,"dry"
876,"HV0005",2026-07-01 00:14:16.000000,2026-07-01 00:37:43.000000,2026-07-01 00:37:49.000000,2026-07-01 00:58:45.000000,7,"Astoria","Queens",56,"Corona","Queens",4.269,20.933332,23.55,23.45,0.1,"observed","valid",true,true,true,false,false,0,2,false,"overnight_00_05",2026-07-01 00:00:00.000000,26.8,0,12.6,"dry"
877,"HV0005",2026-07-01 00:09:19.000000,2026-07-01 00:10:56.000000,2026-07-01 00:11:13.000000,2026-07-01 00:17:14.000000,263,"Yorkville West","Manhattan",140,"Lenox Hill East","Manhattan",1.084,6.016667,1.9,1.6166667,0.28333333,"observed","valid",true,true,true,false,false,0,2,false,"overnight_00_05",2026-07-01 00:00:00.000000,26.8,0,12.6,"dry"
878,"HV0005",2026-07-01 00:20:46.000000,2026-07-01 00:22:33.000000,2026-07-01 00:26:33.000000,2026-07-01 01:17:50.000000,141,"Lenox Hill West","Manhattan",265,"Outside of NYC","N/A",32.783,51.283333,5.7833333,1.7833333,4,"observed","valid",true,true,true,false,true,0,2,false,"overnight_00_05",2026-07-01 00:00:00.000000,26.8,0,12.6,"dry"
879,"HV0003",2026-07-01 00:02:57.000000,2026-07-01 00:06:43.000000,2026-07-01 00:07:04.000000,2026-07-01 00:18:21.000000,112,"Greenpoint","Brooklyn",256,"Williamsburg (South Side)","Brooklyn",1.94,11.283334,4.116667,3.7666667,0.35,"observed","valid",true,true,true,false,false,0,2,false,"overnight_00_05",2026-07-01 00:00:00.000000,26.8,0,12.6,"dry"
880,"HV0003",2026-07-01 00:03:05.000000,2026-07-01 00:22:35.000000,2026-07-01 00:23:02.000000,2026-07-01 00:42:44.000000,256,"Williamsburg (South Side)","Brooklyn",82,"Elmhurst","Queens",6.49,19.7,19.95,19.5,0.45,"observed","valid",true,true,true,false,false,0,2,false,"overnight_00_05",2026-07-01 00:00:00.000000,26.8,0,12.6,"dry"
881,"HV0003",2026-07-01 00:31:45.000000,2026-07-01 00:43:47.000000,2026-07-01 00:45:38.000000,2026-07-01 00:50:41.000000,82,"Elmhurst","Queens",56,"Corona","Queens",0.87,5.05,13.883333,12.033334,1.85,"observed","valid",true,true,true,false,false,0,2,false,"overnight_00_05",2026-07-01 00:00:00.000000,26.8,0,12.6,"dry"
882,"HV0005",2026-07-01 00:35:57.000000,2026-07-01 00:56:19.000000,2026-07-01 00:58:51.000000,2026-07-01 01:20:46.000000,179,"Old Astoria","Queens",198,"Ridgewood","Queens",6.199,21.916666,22.9,20.366667,2.5333333,"observed","valid",true,true,true,false,false,0,2,false,"overnight_00_05",2026-07-01 00:00:00.000000,26.8,0,12.6,"dry"
883,"HV0003",2026-07-01 00:04:26.000000,2026-07-01 00:08:59.000000,2026-07-01 00:08:59.000000,2026-07-01 00:27:25.000000,88,"Financial District South","Manhattan",263,"Yorkville West","Manhattan",7.26,18.433332,4.55,4.55,0,"same_as_pickup","valid",true,false,true,false,false,0,2,false,"overnight_00_05",2026-07-01 00:00:00.000000,26.8,0,12.6,"dry"
884,"HV0003",2026-07-01 00:27:13.000000,2026-07-01 00:30:29.000000,2026-07-01 00:32:30.000000,2026-07-01 01:08:10.000000,141,"Lenox Hill West","Manhattan",62,"Crown Heights South","Brooklyn",11.15,35.666668,5.2833333,3.2666667,2.0166667,"observed","valid",true,true,true,false,false,0,2,false,"overnight_00_05",2026-07-01 00:00:00.000000,26.8,0,12.6,"dry"
885,"HV0003",2026-07-01 00:00:54.000000,2026-07-01 00:02:38.000000,2026-07-01 00:03:15.000000,2026-07-01 00:15:26.000000,225,"Stuyvesant Heights","Brooklyn",188,"Prospect-Lefferts Gardens","Brooklyn",2.99,12.183333,2.35,1.7333333,0.6166667,"observed","valid",true,true,true,false,false,0,2,false,"overnight_00_05",2026-07-01 00:00:00.000000,26.8,0,12.6,"dry"
886,"HV0003",2026-07-01 00:15:52.000000,2026-07-01 00:17:02.000000,2026-07-01 00:17:35.000000,2026-07-01 00:23:56.000000,188,"Prospect-Lefferts Gardens","Brooklyn",35,"Brownsville","Brooklyn",1.22,6.35,1.7166667,1.1666666,0.55,"observed","valid",true,true,true,false,false,0,2,false,"overnight_00_05",2026-07-01 00:00:00.000000,26.8,0,12.6,"dry"
887,"HV0003",2026-07-01 00:24:52.000000,2026-07-01 00:26:54.000000,2026-07-01 00:28:54.000000,2026-07-01 00:39:56.000000,35,"Brownsville","Brooklyn",225,"Stuyvesant Heights","Brooklyn",1.69,11.033334,4.0333333,2.0333333,2,"observed","valid",true,true,true,false,false,0,2,false,"overnight_00_05",2026-07-01 00:00:00.000000,26.8,0,12.6,"dry"
888,"HV0003",2026-07-01 00:52:54.000000,2026-07-01 00:55:26.000000,2026-07-01 00:55:39.000000,2026-07-01 01:15:55.000000,225,"Stuyvesant Heights","Brooklyn",232,"Two Bridges/Seward Park","Manhattan",5.15,20.266666,2.75,2.5333333,0.21666667,"observed","valid",true,true,true,false,false,0,2,false,"overnight_00_05",2026-07-01 00:00:00.000000,26.8,0,12.6,"dry"
889,"HV0003",2026-07-01 00:06:37.000000,2026-07-01 00:11:15.000000,2026-07-01 00:11:36.000000,2026-07-01 00:18:06.000000,246,"West Chelsea/Hudson Yards","Manhattan",125,"Hudson Sq","Manhattan",1.48,6.5,4.983333,4.633333,0.35,"observed","valid",true,true,true,false,false,0,2,false,"overnight_00_05",2026-07-01 00:00:00.000000,26.8,0,12.6,"dry"
890,"HV0003",2026-07-01 00:19:02.000000,2026-07-01 00:21:47.000000,2026-07-01 00:22:56.000000,2026-07-01 00:49:22.000000,231,"TriBeCa/Civic Center","Manhattan",236,"Upper East Side North","Manhattan",9.25,26.433332,3.9,2.75,1.15,"observed","valid",true,true,true,false,false,0,2,false,"overnight_00_05",2026-07-01 00:00:00.000000,26.8,0,12.6,"dry"
891,"HV0003",2026-07-01 00:55:02.000000,2026-07-01 00:57:37.000000,2026-07-01 00:59:37.000000,2026-07-01 01:06:45.000000,161,"Midtown Center","Manhattan",234,"Union Sq","Manhattan",1.6,7.133333,4.5833335,2.5833333,2,"observed","valid",true,true,true,false,false,0,2,false,"overnight_00_05",2026-07-01 00:00:00.000000,26.8,0,12.6,"dry"
892,"HV0005",2026-07-01 00:38:53.000000,2026-07-01 00:47:45.000000,2026-07-01 00:47:57.000000,2026-07-01 01:04:20.000000,51,"Co-Op City","Bronx",242,"Van Nest/Morris Park","Bronx",5.134,16.383333,9.066667,8.866667,0.2,"observed","valid",true,true,true,false,false,0,2,false,"overnight_00_05",2026-07-01 00:00:00.000000,26.8,0,12.6,"dry"
893,"HV0003",2026-07-01 00:04:16.000000,2026-07-01 00:12:50.000000,2026-07-01 00:13:07.000000,2026-07-01 00:40:51.000000,244,"Washington Heights South","Manhattan",82,"Elmhurst","Queens",9.38,27.733334,8.85,8.566667,0.28333333,"observed","valid",true,true,true,false,false,0,2,false,"overnight_00_05",2026-07-01 00:00:00.000000,26.8,0,12.6,"dry"
894,"HV0003",2026-07-01 00:31:57.000000,2026-07-01 00:41:58.000000,2026-07-01 00:43:57.000000,2026-07-01 01:09:37.000000,129,"Jackson Heights","Queens",28,"Briarwood/Jamaica Hills","Queens",6.79,25.666666,12,10.016666,1.9833333,"observed","valid",true,true,true,false,false,0,2,false,"overnight_00_05",2026-07-01 00:00:00.000000,26.8,0,12.6,"dry"
895,"HV0005",2026-07-01 00:23:35.000000,2026-07-01 00:35:29.000000,2026-07-01 00:37:28.000000,2026-07-01 00:58:24.000000,42,"Central Harlem North","Manhattan",168,"Mott Haven/Port Morris","Bronx",3.674,20.933332,13.883333,11.9,1.9833333,"observed","valid",true,true,true,false,false,0,2,false,"overnight_00_05",2026-07-01 00:00:00.000000,26.8,0,12.6,"dry"
896,"HV0005",2026-07-01 00:26:04.000000,2026-07-01 00:31:11.000000,2026-07-01 00:33:37.000000,2026-07-01 00:56:48.000000,68,"East Chelsea","Manhattan",25,"Boerum Hill","Brooklyn",5.909,23.183332,7.55,5.116667,2.4333334,"observed","valid",true,true,true,false,false,0,2,false,"overnight_00_05",2026-07-01 00:00:00.000000,26.8,0,12.6,"dry"
897,"HV0003",2026-07-01 00:11:32.000000,2026-07-01 00:22:02.000000,2026-07-01 00:23:53.000000,2026-07-01 00:31:56.000000,210,"Sheepshead Bay","Brooklyn",55,"Coney Island","Brooklyn",1.82,8.05,12.35,10.5,1.85,"observed","valid",true,true,true,false,false,0,2,false,"overnight_00_05",2026-07-01 00:00:00.000000,26.8,0,12.6,"dry"
898,"HV0003",2026-07-01 00:17:44.000000,2026-07-01 00:35:10.000000,2026-07-01 00:37:10.000000,2026-07-01 01:24:02.000000,29,"Brighton Beach","Brooklyn",238,"Upper West Side North","Manhattan",20.89,46.866665,19.433332,17.433332,2,"observed","valid",true,true,true,false,false,0,2,false,"overnight_00_05",2026-07-01 00:00:00.000000,26.8,0,12.6,"dry"
899,"HV0005",2026-07-01 00:29:38.000000,2026-07-01 00:31:05.000000,2026-07-01 00:31:57.000000,2026-07-01 00:48:43.000000,61,"Crown Heights North","Brooklyn",91,"Flatlands","Brooklyn",4.147,16.766666,2.3166666,1.45,0.8666667,"observed","valid",true,true,true,false,false,0,2,false,"overnight_00_05",2026-07-01 00:00:00.000000,26.8,0,12.6,"dry"
900,"HV0003",2026-07-01 00:08:52.000000,2026-07-01 00:19:26.000000,2026-07-01 00:20:55.000000,2026-07-01 00:25:41.000000,22,"Bensonhurst West","Brooklyn",21,"Bensonhurst East","Brooklyn",0.88,4.766667,12.05,10.566667,1.4833333,"observed","valid",true,true,true,false,false,0,2,false,"overnight_00_05",2026-07-01 00:00:00.000000,26.8,0,12.6,"dry"
901,"HV0003",2026-06-30 23:57:37.000000,2026-06-30 23:59:53.000000,2026-07-01 00:00:00.000000,2026-07-01 00:06:21.000000,26,"Borough Park","Brooklyn",67,"Dyker Heights","Brooklyn",1.01,6.35,2.3833334,2.2666667,0.11666667,"observed","valid",true,true,true,false,false,23,1,false,"evening_20_23",2026-06-30 23:00:00.000000,27.9,0,13.3,"dry"
902,"HV0003",2026-07-01 00:03:05.000000,2026-07-01 00:10:09.000000,2026-07-01 00:10:30.000000,2026-07-01 00:26:57.000000,67,"Dyker Heights","Brooklyn",227,"Sunset Park East","Brooklyn",1.79,16.45,7.4166665,7.0666666,0.35,"observed","valid",true,true,true,false,false,0,2,false,"overnight_00_05",2026-07-01 00:00:00.000000,26.8,0,12.6,"dry"
903,"HV0003",2026-07-01 00:18:48.000000,2026-07-01 00:34:49.000000,2026-07-01 00:35:05.000000,2026-07-01 00:41:21.000000,228,"Sunset Park West","Brooklyn",227,"Sunset Park East","Brooklyn",0.81,6.266667,16.283333,16.016666,0.26666668,"observed","valid",true,true,true,false,false,0,2,false,"overnight_00_05",2026-07-01 00:00:00.000000,26.8,0,12.6,"dry"
904,"HV0005",2026-07-01 00:11:54.000000,2026-07-01 00:19:33.000000,2026-07-01 00:19:59.000000,2026-07-01 00:34:01.000000,129,"Jackson Heights","Queens",7,"Astoria","Queens",2.317,14.033334,8.083333,7.65,0.43333334,"observed","valid",true,true,true,false,false,0,2,false,"overnight_00_05",2026-07-01 00:00:00.000000,26.8,0,12.6,"dry"
905,"HV0005",2026-07-01 00:25:12.000000,2026-07-01 00:35:18.000000,2026-07-01 00:36:37.000000,2026-07-01 00:44:22.000000,7,"Astoria","Queens",260,"Woodside","Queens",1.772,7.75,11.416667,10.1,1.3166667,"observed","valid",true,true,true,false,false,0,2,false,"overnight_00_05",2026-07-01 00:00:00.000000,26.8,0,12.6,"dry"
906,"HV0005",2026-07-01 00:42:21.000000,2026-07-01 00:48:50.000000,2026-07-01 00:50:47.000000,2026-07-01 01:06:16.000000,260,"Woodside","Queens",129,"Jackson Heights","Queens",2.684,15.483334,8.433333,6.483333,1.95,"observed","valid",true,true,true,false,false,0,2,false,"overnight_00_05",2026-07-01 00:00:00.000000,26.8,0,12.6,"dry"
907,"HV0003",2026-06-30 23:58:22.000000,2026-07-01 00:02:31.000000,2026-07-01 00:02:52.000000,2026-07-01 00:05:25.000000,260,"Woodside","Queens",83,"Elmhurst/Maspeth","Queens",0.65,2.55,4.5,4.15,0.35,"observed","valid",true,true,true,false,false,23,1,false,"evening_20_23",2026-06-30 23:00:00.000000,27.9,0,13.3,"dry"
908,"HV0003",2026-07-01 00:05:32.000000,2026-07-01 00:08:31.000000,2026-07-01 00:08:40.000000,2026-07-01 00:22:28.000000,83,"Elmhurst/Maspeth","Queens",129,"Jackson Heights","Queens",2.08,13.8,3.1333334,2.9833333,0.15,"observed","valid",true,true,true,false,false,0,2,false,"overnight_00_05",2026-07-01 00:00:00.000000,26.8,0,12.6,"dry"
909,"HV0003",2026-07-01 00:09:03.000000,2026-07-01 00:26:43.000000,2026-07-01 00:27:35.000000,2026-07-01 00:55:24.000000,82,"Elmhurst","Queens",160,"Middle Village","Queens",3.32,27.816668,18.533333,17.666666,0.8666667,"observed","valid",true,true,true,false,false,0,2,false,"overnight_00_05",2026-07-01 00:00:00.000000,26.8,0,12.6,"dry"
910,"HV0003",2026-07-01 00:24:02.000000,2026-07-01 00:28:35.000000,2026-07-01 00:28:35.000000,2026-07-01 01:28:27.000000,129,"Jackson Heights","Queens",63,"Cypress Hills","Brooklyn",10.57,59.866665,4.55,4.55,0,"same_as_pickup","valid",true,false,true,false,false,0,2,false,"overnight_00_05",2026-07-01 00:00:00.000000,26.8,0,12.6,"dry"
911,"HV0003",2026-07-01 00:27:21.000000,2026-07-01 00:36:11.000000,2026-07-01 00:36:24.000000,2026-07-01 01:16:04.000000,82,"Elmhurst","Queens",76,"East New York","Brooklyn",7.77,39.666668,9.05,8.833333,0.21666667,"observed","valid",true,true,true,false,false,0,2,false,"overnight_00_05",2026-07-01 00:00:00.000000,26.8,0,12.6,"dry"
912,"HV0003",2026-07-01 00:05:38.000000,2026-07-01 00:11:55.000000,2026-07-01 00:13:55.000000,2026-07-01 01:02:50.000000,164,"Midtown South","Manhattan",265,"Outside of NYC","N/A",23.52,48.916668,8.283334,6.2833333,2,"observed","valid",true,true,true,false,false,0,2,false,"overnight_00_05",2026-07-01 00:00:00.000000,26.8,0,12.6,"dry"
913,"HV0003",2026-07-01 00:00:52.000000,2026-07-01 00:02:56.000000,2026-07-01 00:03:04.000000,2026-07-01 00:32:26.000000,107,"Gramercy","Manhattan",69,"East Concourse/Concourse Village","Bronx",8.69,29.366667,2.2,2.0666666,0.13333334,"observed","valid",true,true,true,false,false,0,2,false,"overnight_00_05",2026-07-01 00:00:00.000000,26.8,0,12.6,"dry"
914,"HV0003",2026-06-30 23:55:17.000000,2026-07-01 00:00:50.000000,2026-07-01 00:01:00.000000,2026-07-01 00:08:25.000000,130,"Jamaica","Queens",215,"South Jamaica","Queens",1.4,7.4166665,5.7166667,5.55,0.16666667,"observed","valid",true,true,true,false,false,23,1,false,"evening_20_23",2026-06-30 23:00:00.000000,27.9,0,13.3,"dry"
915,"HV0003",2026-07-01 00:09:22.000000,2026-07-01 00:12:07.000000,2026-07-01 00:12:33.000000,2026-07-01 00:20:40.000000,135,"Kew Gardens Hills","Queens",95,"Forest Hills","Queens",3.75,8.116667,3.1833334,2.75,0.43333334,"observed","valid",true,true,true,false,false,0,2,false,"overnight_00_05",2026-07-01 00:00:00.000000,26.8,0,12.6,"dry"
916,"HV0003",2026-07-01 00:17:45.000000,2026-07-01 00:24:35.000000,2026-07-01 00:25:13.000000,2026-07-01 00:43:48.000000,56,"Corona","Queens",129,"Jackson Heights","Queens",2.26,18.583334,7.4666667,6.8333335,0.6333333,"observed","valid",true,true,true,false,false,0,2,false,"overnight_00_05",2026-07-01 00:00:00.000000,26.8,0,12.6,"dry"
917,"HV0003",2026-07-01 00:28:27.000000,2026-07-01 00:30:15.000000,2026-07-01 00:30:24.000000,2026-07-01 00:49:46.000000,231,"TriBeCa/Civic Center","Manhattan",230,"Times Sq/Theatre District","Manhattan",4.59,19.366667,1.95,1.8,0.15,"observed","valid",true,true,true,false,false,0,2,false,"overnight_00_05",2026-07-01 00:00:00.000000,26.8,0,12.6,"dry"
918,"HV0003",2026-07-01 00:47:42.000000,2026-07-01 00:50:15.000000,2026-07-01 00:51:39.000000,2026-07-01 01:02:54.000000,163,"Midtown North","Manhattan",164,"Midtown South","Manhattan",1.97,11.25,3.95,2.55,1.4,"observed","valid",true,true,true,false,false,0,2,false,"overnight_00_05",2026-07-01 00:00:00.000000,26.8,0,12.6,"dry"
919,"HV0003",2026-07-01 00:02:12.000000,2026-07-01 00:18:18.000000,2026-07-01 00:19:26.000000,2026-07-01 00:39:40.000000,173,"North Corona","Queens",216,"South Ozone Park","Queens",7.93,20.233334,17.233334,16.1,1.1333333,"observed","valid",true,true,true,false,false,0,2,false,"overnight_00_05",2026-07-01 00:00:00.000000,26.8,0,12.6,"dry"
920,"HV0003",2026-07-01 00:16:36.000000,2026-07-01 00:20:52.000000,2026-07-01 00:22:52.000000,2026-07-01 00:42:17.000000,130,"Jamaica","Queens",92,"Flushing","Queens",6.43,19.416666,6.266667,4.266667,2,"observed","valid",true,true,true,false,false,0,2,false,"overnight_00_05",2026-07-01 00:00:00.000000,26.8,0,12.6,"dry"
921,"HV0003",2026-07-01 00:42:43.000000,2026-07-01 00:46:32.000000,2026-07-01 00:47:18.000000,2026-07-01 01:01:52.000000,92,"Flushing","Queens",53,"College Point","Queens",3.46,14.566667,4.5833335,3.8166666,0.76666665,"observed","valid",true,true,true,false,false,0,2,false,"overnight_00_05",2026-07-01 00:00:00.000000,26.8,0,12.6,"dry"
922,"HV0003",2026-07-01 00:43:44.000000,2026-07-01 00:45:16.000000,2026-07-01 00:45:16.000000,2026-07-01 01:21:08.000000,230,"Times Sq/Theatre District","Manhattan",55,"Coney Island","Brooklyn",17.61,35.866665,1.5333333,1.5333333,0,"same_as_pickup","valid",true,false,true,false,false,0,2,false,"overnight_00_05",2026-07-01 00:00:00.000000,26.8,0,12.6,"dry"
923,"HV0003",2026-07-01 00:32:26.000000,2026-07-01 00:36:43.000000,2026-07-01 00:37:12.000000,2026-07-01 00:47:24.000000,41,"Central Harlem","Manhattan",238,"Upper West Side North","Manhattan",2.06,10.2,4.766667,4.2833333,0.48333332,"observed","valid",true,true,true,false,false,0,2,false,"overnight_00_05",2026-07-01 00:00:00.000000,26.8,0,12.6,"dry"
924,"HV0003",2026-07-01 00:40:10.000000,2026-07-01 00:48:09.000000,2026-07-01 00:48:53.000000,2026-07-01 01:07:07.000000,238,"Upper West Side North","Manhattan",232,"Two Bridges/Seward Park","Manhattan",7.25,18.233334,8.716666,7.983333,0.73333335,"observed","valid",true,true,true,false,false,0,2,false,"overnight_00_05",2026-07-01 00:00:00.000000,26.8,0,12.6,"dry"
925,"HV0003",2026-07-01 00:07:06.000000,2026-07-01 00:08:01.000000,2026-07-01 00:10:03.000000,2026-07-01 00:52:13.000000,231,"TriBeCa/Civic Center","Manhattan",265,"Outside of NYC","N/A",21.37,42.166668,2.95,0.9166667,2.0333333,"observed","valid",true,true,true,false,false,0,2,false,"overnight_00_05",2026-07-01 00:00:00.000000,26.8,0,12.6,"dry"
926,"HV0003",2026-07-01 00:04:00.000000,2026-07-01 00:06:05.000000,2026-07-01 00:06:13.000000,2026-07-01 00:25:38.000000,47,"Claremont/Bathgate","Bronx",152,"Manhattanville","Manhattan",6.4,19.416666,2.2166667,2.0833333,0.13333334,"observed","valid",true,true,true,true,false,0,2,false,"overnight_00_05",2026-07-01 00:00:00.000000,26.8,0,12.6,"dry"
927,"HV0003",2026-07-01 00:42:54.000000,2026-07-01 00:49:13.000000,2026-07-01 00:51:13.000000,2026-07-01 01:15:15.000000,41,"Central Harlem","Manhattan",241,"Van Cortlandt Village","Bronx",7.39,24.033333,8.316667,6.3166666,2,"observed","valid",true,true,true,false,false,0,2,false,"overnight_00_05",2026-07-01 00:00:00.000000,26.8,0,12.6,"dry"
928,"HV0003",2026-07-01 00:09:23.000000,2026-07-01 00:16:04.000000,2026-07-01 00:16:44.000000,2026-07-01 00:32:43.000000,50,"Clinton West","Manhattan",79,"East Village","Manhattan",3.39,15.983334,7.35,6.6833334,0.6666667,"observed","valid",true,true,true,false,false,0,2,false,"overnight_00_05",2026-07-01 00:00:00.000000,26.8,0,12.6,"dry"
929,"HV0003",2026-07-01 00:33:35.000000,2026-07-01 00:36:44.000000,2026-07-01 00:37:26.000000,2026-07-01 01:09:03.000000,114,"Greenwich Village South","Manhattan",188,"Prospect-Lefferts Gardens","Brooklyn",7.06,31.616667,3.85,3.15,0.7,"observed","valid",true,true,true,false,false,0,2,false,"overnight_00_05",2026-07-01 00:00:00.000000,26.8,0,12.6,"dry"
930,"HV0005",2026-07-01 00:09:20.000000,2026-07-01 00:10:21.000000,2026-07-01 00:16:31.000000,2026-07-01 00:40:05.000000,113,"Greenwich Village North","Manhattan",157,"Maspeth","Queens",7.077,23.566668,7.1833334,1.0166667,6.1666665,"observed","valid",true,true,true,false,true,0,2,false,"overnight_00_05",2026-07-01 00:00:00.000000,26.8,0,12.6,"dry"
931,"HV0003",2026-07-01 00:10:44.000000,2026-07-01 00:16:57.000000,2026-07-01 00:16:57.000000,2026-07-01 00:32:21.000000,112,"Greenpoint","Brooklyn",37,"Bushwick South","Brooklyn",2.41,15.4,6.2166667,6.2166667,0,"same_as_pickup","valid",true,false,true,false,false,0,2,false,"overnight_00_05",2026-07-01 00:00:00.000000,26.8,0,12.6,"dry"
932,"HV0003",2026-07-01 00:33:39.000000,2026-07-01 00:38:27.000000,2026-07-01 00:38:29.000000,2026-07-01 00:45:39.000000,80,"East Williamsburg","Brooklyn",112,"Greenpoint","Brooklyn",1.1,7.1666665,4.8333335,4.8,0.033333335,"observed","valid",true,true,true,false,false,0,2,false,"overnight_00_05",2026-07-01 00:00:00.000000,26.8,0,12.6,"dry"
933,"HV0003",2026-07-01 00:07:33.000000,2026-07-01 00:09:02.000000,2026-07-01 00:09:19.000000,2026-07-01 00:20:03.000000,161,"Midtown Center","Manhattan",238,"Upper West Side North","Manhattan",2.79,10.733334,1.7666667,1.4833333,0.28333333,"observed","valid",true,true,true,false,false,0,2,false,"overnight_00_05",2026-07-01 00:00:00.000000,26.8,0,12.6,"dry"
934,"HV0003",2026-07-01 00:12:01.000000,2026-07-01 00:16:13.000000,2026-07-01 00:16:14.000000,2026-07-01 00:28:09.000000,237,"Upper East Side South","Manhattan",100,"Garment District","Manhattan",1.65,11.916667,4.2166667,4.2,0.016666668,"observed","valid",true,true,true,false,false,0,2,false,"overnight_00_05",2026-07-01 00:00:00.000000,26.8,0,12.6,"dry"
935,"HV0003",2026-07-01 00:10:35.000000,2026-07-01 00:13:43.000000,2026-07-01 00:14:21.000000,2026-07-01 00:19:49.000000,79,"East Village","Manhattan",233,"UN/Turtle Bay South","Manhattan",1.48,5.4666667,3.7666667,3.1333334,0.6333333,"observed","valid",true,true,true,false,false,0,2,false,"overnight_00_05",2026-07-01 00:00:00.000000,26.8,0,12.6,"dry"
936,"HV0003",2026-07-01 00:23:35.000000,2026-07-01 00:28:42.000000,2026-07-01 00:28:42.000000,2026-07-01 00:34:38.000000,137,"Kips Bay","Manhattan",229,"Sutton Place/Turtle Bay North","Manhattan",1.42,5.9333334,5.116667,5.116667,0,"same_as_pickup","valid",true,false,true,false,false,0,2,false,"overnight_00_05",2026-07-01 00:00:00.000000,26.8,0,12.6,"dry"
937,"HV0003",2026-07-01 00:42:07.000000,2026-07-01 00:44:47.000000,2026-07-01 00:45:05.000000,2026-07-01 01:02:25.000000,114,"Greenwich Village South","Manhattan",145,"Long Island City/Hunters Point","Queens",5.1,17.333334,2.9666667,2.6666667,0.3,"observed","valid",true,true,true,false,false,0,2,false,"overnight_00_05",2026-07-01 00:00:00.000000,26.8,0,12.6,"dry"
938,"HV0003",2026-07-01 00:05:08.000000,2026-07-01 00:07:35.000000,2026-07-01 00:08:48.000000,2026-07-01 00:14:34.000000,113,"Greenwich Village North","Manhattan",186,"Penn Station/Madison Sq West","Manhattan",1.29,5.766667,3.6666667,2.45,1.2166667,"observed","valid",true,true,true,false,false,0,2,false,"overnight_00_05",2026-07-01 00:00:00.000000,26.8,0,12.6,"dry"
939,"HV0003",2026-07-01 00:14:23.000000,2026-07-01 00:17:41.000000,2026-07-01 00:17:41.000000,2026-07-01 00:39:13.000000,186,"Penn Station/Madison Sq West","Manhattan",141,"Lenox Hill West","Manhattan",3.64,21.533333,3.3,3.3,0,"same_as_pickup","valid",true,false,true,false,false,0,2,false,"overnight_00_05",2026-07-01 00:00:00.000000,26.8,0,12.6,"dry"
940,"HV0003",2026-07-01 00:45:59.000000,2026-07-01 00:51:59.000000,2026-07-01 00:52:02.000000,2026-07-01 01:15:32.000000,161,"Midtown Center","Manhattan",200,"Riverdale/North Riverdale/Fieldston","Bronx",11.99,23.5,6.05,6,0.05,"observed","valid",true,true,true,false,false,0,2,false,"overnight_00_05",2026-07-01 00:00:00.000000,26.8,0,12.6,"dry"
941,"HV0003",2026-06-30 23:59:59.000000,2026-07-01 00:05:23.000000,2026-07-01 00:06:10.000000,2026-07-01 00:25:15.000000,130,"Jamaica","Queens",265,"Outside of NYC","N/A",9.93,19.083334,6.1833334,5.4,0.78333336,"observed","valid",true,true,true,false,false,23,1,false,"evening_20_23",2026-06-30 23:00:00.000000,27.9,0,13.3,"dry"
942,"HV0003",2026-07-01 00:34:05.000000,2026-07-01 00:46:19.000000,2026-07-01 00:46:28.000000,2026-07-01 00:57:22.000000,219,"Springfield Gardens South","Queens",203,"Rosedale","Queens",2.75,10.9,12.383333,12.233334,0.15,"observed","valid",true,true,true,false,false,0,2,false,"overnight_00_05",2026-07-01 00:00:00.000000,26.8,0,12.6,"dry"
943,"HV0003",2026-07-01 00:10:31.000000,2026-07-01 00:13:44.000000,2026-07-01 00:14:49.000000,2026-07-01 00:23:37.000000,7,"Astoria","Queens",7,"Astoria","Queens",1.06,8.8,4.3,3.2166667,1.0833334,"observed","valid",true,true,true,false,false,0,2,false,"overnight_00_05",2026-07-01 00:00:00.000000,26.8,0,12.6,"dry"
944,"HV0003",2026-07-01 00:12:53.000000,2026-07-01 00:27:08.000000,2026-07-01 00:27:49.000000,2026-07-01 00:46:35.000000,7,"Astoria","Queens",224,"Stuy Town/Peter Cooper Village","Manhattan",5.3,18.766666,14.933333,14.25,0.68333334,"observed","valid",true,true,true,false,false,0,2,false,"overnight_00_05",2026-07-01 00:00:00.000000,26.8,0,12.6,"dry"
945,"HV0003",2026-06-30 23:59:25.000000,2026-07-01 00:08:30.000000,2026-07-01 00:08:30.000000,2026-07-01 00:23:06.000000,132,"JFK Airport","Queens",265,"Outside of NYC","N/A",8.9,14.6,9.083333,9.083333,0,"same_as_pickup","valid",true,false,true,false,false,23,1,false,"evening_20_23",2026-06-30 23:00:00.000000,27.9,0,13.3,"dry"
946,"HV0005",2026-07-01 00:30:21.000000,2026-07-01 00:42:06.000000,2026-07-01 00:42:52.000000,2026-07-01 00:59:26.000000,247,"West Concourse","Bronx",78,"East Tremont","Bronx",4.292,16.566668,12.516666,11.75,0.76666665,"observed","valid",true,true,true,false,false,0,2,false,"overnight_00_05",2026-07-01 00:00:00.000000,26.8,0,12.6,"dry"
947,"HV0003",2026-06-30 23:59:01.000000,2026-07-01 00:03:59.000000,2026-07-01 00:05:59.000000,2026-07-01 00:22:53.000000,101,"Glen Oaks","Queens",121,"Hillcrest/Pomonok","Queens",8.11,16.9,6.9666667,4.9666667,2,"observed","valid",true,true,true,false,false,23,1,false,"evening_20_23",2026-06-30 23:00:00.000000,27.9,0,13.3,"dry"
948,"HV0003",2026-07-01 00:47:45.000000,2026-07-01 00:52:55.000000,2026-07-01 00:53:35.000000,2026-07-01 01:09:26.000000,92,"Flushing","Queens",82,"Elmhurst","Queens",3.94,15.85,5.8333335,5.1666665,0.6666667,"observed","valid",true,true,true,false,false,0,2,false,"overnight_00_05",2026-07-01 00:00:00.000000,26.8,0,12.6,"dry"
949,"HV0003",2026-07-01 00:15:05.000000,2026-07-01 00:20:39.000000,2026-07-01 00:20:55.000000,2026-07-01 00:38:50.000000,130,"Jamaica","Queens",255,"Williamsburg (North Side)","Brooklyn",10.68,17.916666,5.8333335,5.5666666,0.26666668,"observed","valid",true,true,true,false,false,0,2,false,"overnight_00_05",2026-07-01 00:00:00.000000,26.8,0,12.6,"dry"
950,"HV0003",2026-07-01 00:35:09.000000,2026-07-01 00:43:23.000000,2026-07-01 00:44:01.000000,2026-07-01 00:55:56.000000,255,"Williamsburg (North Side)","Brooklyn",66,"DUMBO/Vinegar Hill","Brooklyn",4.83,11.916667,8.866667,8.233334,0.6333333,"observed","valid",true,true,true,false,false,0,2,false,"overnight_00_05",2026-07-01 00:00:00.000000,26.8,0,12.6,"dry"
951,"HV0003",2026-07-01 00:54:58.000000,2026-07-01 00:58:03.000000,2026-07-01 00:58:25.000000,2026-07-01 01:21:24.000000,66,"DUMBO/Vinegar Hill","Brooklyn",146,"Long Island City/Queens Plaza","Queens",6.44,22.983334,3.45,3.0833333,0.36666667,"observed","valid",true,true,true,false,false,0,2,false,"overnight_00_05",2026-07-01 00:00:00.000000,26.8,0,12.6,"dry"
952,"HV0003",2026-06-30 23:56:14.000000,2026-07-01 00:10:39.000000,2026-07-01 00:12:16.000000,2026-07-01 00:50:29.000000,201,"Rockaway Park","Queens",87,"Financial District North","Manhattan",23.22,38.216667,16.033333,14.416667,1.6166667,"observed","valid",true,true,true,false,false,23,1,false,"evening_20_23",2026-06-30 23:00:00.000000,27.9,0,13.3,"dry"
953,"HV0003",2026-07-01 00:53:48.000000,2026-07-01 00:56:23.000000,2026-07-01 00:58:23.000000,2026-07-01 01:36:18.000000,87,"Financial District North","Manhattan",265,"Outside of NYC","N/A",24.11,37.916668,4.5833335,2.5833333,2,"observed","valid",true,true,true,false,false,0,2,false,"overnight_00_05",2026-07-01 00:00:00.000000,26.8,0,12.6,"dry"
954,"HV0003",2026-07-01 00:07:50.000000,2026-07-01 00:11:41.000000,2026-07-01 00:11:52.000000,2026-07-01 00:19:50.000000,231,"TriBeCa/Civic Center","Manhattan",13,"Battery Park City","Manhattan",1.26,7.9666667,4.0333333,3.85,0.18333334,"observed","valid",true,true,true,false,false,0,2,false,"overnight_00_05",2026-07-01 00:00:00.000000,26.8,0,12.6,"dry"
955,"HV0003",2026-07-01 00:46:47.000000,2026-07-01 00:47:03.000000,2026-07-01 00:47:55.000000,2026-07-01 00:57:46.000000,231,"TriBeCa/Civic Center","Manhattan",234,"Union Sq","Manhattan",2.22,9.85,1.1333333,0.26666668,0.8666667,"observed","valid",true,true,true,false,false,0,2,false,"overnight_00_05",2026-07-01 00:00:00.000000,26.8,0,12.6,"dry"
956,"HV0003",2026-06-30 23:50:31.000000,2026-07-01 00:04:19.000000,2026-07-01 00:05:13.000000,2026-07-01 00:20:57.000000,252,"Whitestone","Queens",265,"Outside of NYC","N/A",10.31,15.733334,14.7,13.8,0.9,"observed","valid",true,true,true,false,false,23,1,false,"evening_20_23",2026-06-30 23:00:00.000000,27.9,0,13.3,"dry"
957,"HV0003",2026-07-01 00:35:02.000000,2026-07-01 00:39:51.000000,2026-07-01 00:41:51.000000,2026-07-01 01:03:45.000000,92,"Flushing","Queens",130,"Jamaica","Queens",7.21,21.9,6.8166666,4.8166666,2,"observed","valid",true,true,true,false,false,0,2,false,"overnight_00_05",2026-07-01 00:00:00.000000,26.8,0,12.6,"dry"
958,"HV0003",2026-07-01 00:01:05.000000,2026-07-01 00:06:28.000000,2026-07-01 00:08:27.000000,2026-07-01 00:37:42.000000,260,"Woodside","Queens",121,"Hillcrest/Pomonok","Queens",11.98,29.25,7.366667,5.383333,1.9833333,"observed","valid",true,true,true,false,false,0,2,false,"overnight_00_05",2026-07-01 00:00:00.000000,26.8,0,12.6,"dry"
959,"HV0003",2026-07-01 00:38:21.000000,2026-07-01 00:49:00.000000,2026-07-01 00:49:35.000000,2026-07-01 01:02:51.000000,192,"Queensboro Hill","Queens",83,"Elmhurst/Maspeth","Queens",4.57,13.266666,11.233334,10.65,0.5833333,"observed","valid",true,true,true,false,false,0,2,false,"overnight_00_05",2026-07-01 00:00:00.000000,26.8,0,12.6,"dry"
960,"HV0003",2026-07-01 00:00:44.000000,2026-07-01 00:05:35.000000,2026-07-01 00:05:35.000000,2026-07-01 00:13:30.000000,203,"Rosedale","Queens",219,"Springfield Gardens South","Queens",1.25,7.9166665,4.85,4.85,0,"same_as_pickup","valid",true,false,true,false,false,0,2,false,"overnight_00_05",2026-07-01 00:00:00.000000,26.8,0,12.6,"dry"
961,"HV0003",2026-07-01 00:12:05.000000,2026-07-01 00:16:35.000000,2026-07-01 00:16:54.000000,2026-07-01 00:26:40.000000,219,"Springfield Gardens South","Queens",265,"Outside of NYC","N/A",4.02,9.766666,4.8166666,4.5,0.31666666,"observed","valid",true,true,true,false,false,0,2,false,"overnight_00_05",2026-07-01 00:00:00.000000,26.8,0,12.6,"dry"
962,"HV0003",2026-07-01 00:15:35.000000,2026-07-01 00:26:40.000000,2026-07-01 00:27:04.000000,2026-07-01 00:47:09.000000,70,"East Elmhurst","Queens",82,"Elmhurst","Queens",1.6,20.083334,11.483334,11.083333,0.4,"observed","valid",true,true,true,false,false,0,2,false,"overnight_00_05",2026-07-01 00:00:00.000000,26.8,0,12.6,"dry"
963,"HV0003",2026-07-01 00:31:51.000000,2026-07-01 00:50:36.000000,2026-07-01 00:50:59.000000,2026-07-01 01:05:47.000000,82,"Elmhurst","Queens",260,"Woodside","Queens",2.29,14.8,19.133333,18.75,0.38333333,"observed","valid",true,true,true,false,false,0,2,false,"overnight_00_05",2026-07-01 00:00:00.000000,26.8,0,12.6,"dry"
964,"HV0003",2026-06-30 23:55:21.000000,2026-07-01 00:05:58.000000,2026-07-01 00:07:58.000000,2026-07-01 00:17:09.000000,63,"Cypress Hills","Brooklyn",77,"East New York/Pennsylvania Avenue","Brooklyn",1.32,9.183333,12.616667,10.616667,2,"observed","valid",true,true,true,false,false,23,1,false,"evening_20_23",2026-06-30 23:00:00.000000,27.9,0,13.3,"dry"
965,"HV0003",2026-07-01 00:13:42.000000,2026-07-01 00:24:02.000000,2026-07-01 00:25:23.000000,2026-07-01 00:36:48.000000,177,"Ocean Hill","Brooklyn",39,"Canarsie","Brooklyn",2.8,11.416667,11.683333,10.333333,1.35,"observed","valid",true,true,true,false,false,0,2,false,"overnight_00_05",2026-07-01 00:00:00.000000,26.8,0,12.6,"dry"
966,"HV0003",2026-07-01 00:08:51.000000,2026-07-01 00:13:10.000000,2026-07-01 00:15:11.000000,2026-07-01 00:36:09.000000,95,"Forest Hills","Queens",129,"Jackson Heights","Queens",2.6,20.966667,6.3333335,4.3166666,2.0166667,"observed","valid",true,true,true,false,false,0,2,false,"overnight_00_05",2026-07-01 00:00:00.000000,26.8,0,12.6,"dry"
967,"HV0003",2026-07-01 00:25:33.000000,2026-07-01 00:25:45.000000,2026-07-01 00:26:26.000000,2026-07-01 00:50:49.000000,144,"Little Italy/NoLiTa","Manhattan",265,"Outside of NYC","N/A",4.9,24.383333,0.8833333,0.2,0.68333334,"observed","valid",true,true,true,false,false,0,2,false,"overnight_00_05",2026-07-01 00:00:00.000000,26.8,0,12.6,"dry"
968,"HV0005",2026-07-01 00:19:29.000000,2026-07-01 00:25:58.000000,2026-07-01 00:26:00.000000,2026-07-01 00:32:50.000000,7,"Astoria","Queens",7,"Astoria","Queens",0.974,6.8333335,6.516667,6.483333,0.033333335,"observed","valid",true,true,true,false,false,0,2,false,"overnight_00_05",2026-07-01 00:00:00.000000,26.8,0,12.6,"dry"
969,"HV0005",2026-07-01 00:16:58.000000,2026-07-01 00:35:48.000000,2026-07-01 00:36:00.000000,2026-07-01 00:52:22.000000,7,"Astoria","Queens",56,"Corona","Queens",6.327,16.366667,19.033333,18.833334,0.2,"observed","valid",true,true,true,false,false,0,2,false,"overnight_00_05",2026-07-01 00:00:00.000000,26.8,0,12.6,"dry"
970,"HV0003",2026-07-01 00:02:45.000000,2026-07-01 00:14:41.000000,2026-07-01 00:14:53.000000,2026-07-01 00:18:05.000000,254,"Williamsbridge/Olinville","Bronx",254,"Williamsbridge/Olinville","Bronx",0.79,3.2,12.133333,11.933333,0.2,"observed","valid",true,true,true,false,false,0,2,false,"overnight_00_05",2026-07-01 00:00:00.000000,26.8,0,12.6,"dry"
971,"HV0003",2026-07-01 00:18:40.000000,2026-07-01 00:23:41.000000,2026-07-01 00:24:20.000000,2026-07-01 00:28:22.000000,254,"Williamsbridge/Olinville","Bronx",259,"Woodlawn/Wakefield","Bronx",0.77,4.0333333,5.6666665,5.016667,0.65,"observed","valid",true,true,true,false,false,0,2,false,"overnight_00_05",2026-07-01 00:00:00.000000,26.8,0,12.6,"dry"
972,"HV0003",2026-07-01 00:32:32.000000,2026-07-01 00:37:05.000000,2026-07-01 00:37:45.000000,2026-07-01 00:55:02.000000,254,"Williamsbridge/Olinville","Bronx",119,"Highbridge","Bronx",8.36,17.283333,5.2166667,4.55,0.6666667,"observed","valid",true,true,true,false,false,0,2,false,"overnight_00_05",2026-07-01 00:00:00.000000,26.8,0,12.6,"dry"
973,"HV0003",2026-07-01 00:01:46.000000,2026-07-01 00:05:43.000000,2026-07-01 00:07:43.000000,2026-07-01 00:26:19.000000,49,"Clinton Hill","Brooklyn",80,"East Williamsburg","Brooklyn",2.77,18.6,5.95,3.95,2,"observed","valid",true,true,true,false,false,0,2,false,"overnight_00_05",2026-07-01 00:00:00.000000,26.8,0,12.6,"dry"
974,"HV0003",2026-07-01 00:05:59.000000,2026-07-01 00:28:11.000000,2026-07-01 00:28:52.000000,2026-07-01 00:57:38.000000,80,"East Williamsburg","Brooklyn",236,"Upper East Side North","Manhattan",7.02,28.766666,22.883333,22.2,0.68333334,"observed","valid",true,true,true,false,false,0,2,false,"overnight_00_05",2026-07-01 00:00:00.000000,26.8,0,12.6,"dry"
975,"HV0003",2026-06-30 23:55:55.000000,2026-07-01 00:03:48.000000,2026-07-01 00:04:50.000000,2026-07-01 00:52:41.000000,37,"Bushwick South","Brooklyn",259,"Woodlawn/Wakefield","Bronx",22.63,47.85,8.916667,7.883333,1.0333333,"observed","valid",true,true,true,false,false,23,1,false,"evening_20_23",2026-06-30 23:00:00.000000,27.9,0,13.3,"dry"
976,"HV0003",2026-07-01 00:10:26.000000,2026-07-01 00:19:46.000000,2026-07-01 00:20:29.000000,2026-07-01 01:07:50.000000,164,"Midtown South","Manhattan",243,"Washington Heights North","Manhattan",9.4,47.35,10.05,9.333333,0.71666664,"observed","valid",true,true,true,false,false,0,2,false,"overnight_00_05",2026-07-01 00:00:00.000000,26.8,0,12.6,"dry"
977,"HV0003",2026-07-01 00:12:25.000000,2026-07-01 00:14:30.000000,2026-07-01 00:14:47.000000,2026-07-01 00:38:59.000000,181,"Park Slope","Brooklyn",121,"Hillcrest/Pomonok","Queens",12.9,24.2,2.3666666,2.0833333,0.28333333,"observed","valid",true,true,true,false,false,0,2,false,"overnight_00_05",2026-07-01 00:00:00.000000,26.8,0,12.6,"dry"
978,"HV0003",2026-07-01 00:24:40.000000,2026-07-01 00:28:07.000000,2026-07-01 00:28:19.000000,2026-07-01 00:46:16.000000,258,"Woodhaven","Queens",82,"Elmhurst","Queens",3.92,17.95,3.65,3.45,0.2,"observed","valid",true,true,true,false,false,0,2,false,"overnight_00_05",2026-07-01 00:00:00.000000,26.8,0,12.6,"dry"
979,"HV0003",2026-07-01 00:32:32.000000,2026-07-01 00:48:59.000000,2026-07-01 00:50:10.000000,2026-07-01 01:06:35.000000,82,"Elmhurst","Queens",130,"Jamaica","Queens",6.64,16.416666,17.633333,16.45,1.1833333,"observed","valid",true,true,true,false,false,0,2,false,"overnight_00_05",2026-07-01 00:00:00.000000,26.8,0,12.6,"dry"
980,"HV0005",2026-07-01 00:06:10.000000,2026-07-01 00:11:20.000000,2026-07-01 00:13:21.000000,2026-07-01 00:22:57.000000,36,"Bushwick North","Brooklyn",258,"Woodhaven","Queens",3.489,9.6,7.1833334,5.1666665,2.0166667,"observed","valid",true,true,true,false,false,0,2,false,"overnight_00_05",2026-07-01 00:00:00.000000,26.8,0,12.6,"dry"
981,"HV0005",2026-07-01 00:09:58.000000,2026-07-01 00:13:15.000000,2026-07-01 00:15:31.000000,2026-07-01 00:37:25.000000,162,"Midtown East","Manhattan",255,"Williamsburg (North Side)","Brooklyn",4.967,21.9,5.55,3.2833333,2.2666667,"observed","valid",true,true,true,false,false,0,2,false,"overnight_00_05",2026-07-01 00:00:00.000000,26.8,0,12.6,"dry"
982,"HV0003",2026-07-01 00:09:33.000000,2026-07-01 00:15:50.000000,2026-07-01 00:16:43.000000,2026-07-01 00:45:35.000000,148,"Lower East Side","Manhattan",265,"Outside of NYC","N/A",7.5,28.866667,7.1666665,6.2833333,0.8833333,"observed","valid",true,true,true,false,false,0,2,false,"overnight_00_05",2026-07-01 00:00:00.000000,26.8,0,12.6,"dry"
983,"HV0003",2026-07-01 00:00:00.000000,2026-06-30 23:54:00.000000,2026-07-01 00:03:36.000000,2026-07-01 02:05:49.000000,232,"Two Bridges/Seward Park","Manhattan",265,"Outside of NYC","N/A",102.6,122.21667,3.6,-6,9.6,"before_request","valid",true,false,true,true,false,0,2,false,"overnight_00_05",2026-07-01 00:00:00.000000,26.8,0,12.6,"dry"
984,"HV0003",2026-07-01 00:09:14.000000,2026-07-01 00:13:32.000000,2026-07-01 00:15:19.000000,2026-07-01 00:34:22.000000,144,"Little Italy/NoLiTa","Manhattan",133,"Kensington","Brooklyn",8.16,19.05,6.0833335,4.3,1.7833333,"observed","valid",true,true,true,false,false,0,2,false,"overnight_00_05",2026-07-01 00:00:00.000000,26.8,0,12.6,"dry"
985,"HV0003",2026-07-01 00:42:57.000000,2026-07-01 00:47:27.000000,2026-07-01 00:47:43.000000,2026-07-01 00:59:13.000000,161,"Midtown Center","Manhattan",249,"West Village","Manhattan",2.78,11.5,4.766667,4.5,0.26666668,"observed","valid",true,true,true,false,false,0,2,false,"overnight_00_05",2026-07-01 00:00:00.000000,26.8,0,12.6,"dry"
986,"HV0005",2026-07-01 00:10:14.000000,2026-07-01 00:10:57.000000,2026-07-01 00:13:16.000000,2026-07-01 00:16:08.000000,75,"East Harlem South","Manhattan",75,"East Harlem South","Manhattan",0.314,2.8666666,3.0333333,0.71666664,2.3166666,"observed","valid",true,true,true,false,false,0,2,false,"overnight_00_05",2026-07-01 00:00:00.000000,26.8,0,12.6,"dry"
987,"HV0005",2026-07-01 00:16:07.000000,2026-07-01 00:19:29.000000,2026-07-01 00:20:06.000000,2026-07-01 00:24:06.000000,75,"East Harlem South","Manhattan",75,"East Harlem South","Manhattan",0.496,4,3.9833333,3.3666666,0.6166667,"observed","valid",true,true,true,false,false,0,2,false,"overnight_00_05",2026-07-01 00:00:00.000000,26.8,0,12.6,"dry"
988,"HV0005",2026-07-01 00:27:49.000000,2026-07-01 00:30:49.000000,2026-07-01 00:31:31.000000,2026-07-01 00:42:19.000000,75,"East Harlem South","Manhattan",141,"Lenox Hill West","Manhattan",2.317,10.8,3.7,3,0.7,"observed","valid",true,true,true,false,false,0,2,false,"overnight_00_05",2026-07-01 00:00:00.000000,26.8,0,12.6,"dry"
989,"HV0003",2026-07-01 00:08:25.000000,2026-07-01 00:15:37.000000,2026-07-01 00:16:04.000000,2026-07-01 00:20:15.000000,22,"Bensonhurst West","Brooklyn",11,"Bath Beach","Brooklyn",0.75,4.1833334,7.65,7.2,0.45,"observed","valid",true,true,true,false,false,0,2,false,"overnight_00_05",2026-07-01 00:00:00.000000,26.8,0,12.6,"dry"
990,"HV0003",2026-07-01 00:19:29.000000,2026-07-01 00:21:09.000000,2026-07-01 00:21:24.000000,2026-07-01 00:32:18.000000,11,"Bath Beach","Brooklyn",14,"Bay Ridge","Brooklyn",2.31,10.9,1.9166666,1.6666666,0.25,"observed","valid",true,true,true,false,false,0,2,false,"overnight_00_05",2026-07-01 00:00:00.000000,26.8,0,12.6,"dry"
991,"HV0003",2026-07-01 00:18:16.000000,2026-07-01 00:35:13.000000,2026-07-01 00:36:13.000000,2026-07-01 00:48:37.000000,14,"Bay Ridge","Brooklyn",40,"Carroll Gardens","Brooklyn",6.04,12.4,17.95,16.95,1,"observed","valid",true,true,true,false,false,0,2,false,"overnight_00_05",2026-07-01 00:00:00.000000,26.8,0,12.6,"dry"
992,"HV0003",2026-07-01 00:51:46.000000,2026-07-01 00:54:33.000000,2026-07-01 00:56:34.000000,2026-07-01 01:05:52.000000,40,"Carroll Gardens","Brooklyn",97,"Fort Greene","Brooklyn",1.17,9.3,4.8,2.7833333,2.0166667,"observed","valid",true,true,true,false,false,0,2,false,"overnight_00_05",2026-07-01 00:00:00.000000,26.8,0,12.6,"dry"
993,"HV0005",2026-07-01 00:08:13.000000,2026-07-01 00:09:07.000000,2026-07-01 00:09:15.000000,2026-07-01 00:34:44.000000,48,"Clinton East","Manhattan",54,"Columbia Street","Brooklyn",9.685,25.483334,1.0333333,0.9,0.13333334,"observed","valid",true,true,true,false,false,0,2,false,"overnight_00_05",2026-07-01 00:00:00.000000,26.8,0,12.6,"dry"
994,"HV0005",2026-07-01 00:50:48.000000,2026-07-01 00:53:36.000000,2026-07-01 00:54:14.000000,2026-07-01 01:24:43.000000,231,"TriBeCa/Civic Center","Manhattan",265,"Outside of NYC","N/A",15.537,30.483334,3.4333334,2.8,0.6333333,"observed","valid",true,true,true,false,false,0,2,false,"overnight_00_05",2026-07-01 00:00:00.000000,26.8,0,12.6,"dry"
995,"HV0003",2026-07-01 00:01:14.000000,2026-07-01 00:05:14.000000,2026-07-01 00:05:45.000000,2026-07-01 00:12:16.000000,114,"Greenwich Village South","Manhattan",4,"Alphabet City","Manhattan",1.23,6.516667,4.516667,4,0.51666665,"observed","valid",true,true,true,false,false,0,2,false,"overnight_00_05",2026-07-01 00:00:00.000000,26.8,0,12.6,"dry"
996,"HV0003",2026-07-01 00:06:35.000000,2026-07-01 00:12:14.000000,2026-07-01 00:14:00.000000,2026-07-01 00:47:51.000000,4,"Alphabet City","Manhattan",243,"Washington Heights North","Manhattan",10.91,33.85,7.4166665,5.65,1.7666667,"observed","valid",true,true,true,false,false,0,2,false,"overnight_00_05",2026-07-01 00:00:00.000000,26.8,0,12.6,"dry"
997,"HV0003",2026-07-01 00:04:07.000000,2026-07-01 00:07:47.000000,2026-07-01 00:08:30.000000,2026-07-01 00:26:33.000000,186,"Penn Station/Madison Sq West","Manhattan",265,"Outside of NYC","N/A",6.78,18.05,4.383333,3.6666667,0.71666664,"observed","valid",true,true,true,false,false,0,2,false,"overnight_00_05",2026-07-01 00:00:00.000000,26.8,0,12.6,"dry"
998,"HV0003",2026-07-01 00:19:30.000000,2026-07-01 00:24:15.000000,2026-07-01 00:25:03.000000,2026-07-01 00:46:47.000000,231,"TriBeCa/Civic Center","Manhattan",163,"Midtown North","Manhattan",5.04,21.733334,5.55,4.75,0.8,"observed","valid",true,true,true,false,false,0,2,false,"overnight_00_05",2026-07-01 00:00:00.000000,26.8,0,12.6,"dry"
999,"HV0003",2026-07-01 00:35:22.000000,2026-07-01 00:50:18.000000,2026-07-01 00:51:29.000000,2026-07-01 01:27:38.000000,161,"Midtown Center","Manhattan",265,"Outside of NYC","N/A",17.7,36.15,16.116667,14.933333,1.1833333,"observed","valid",true,true,true,false,false,0,2,false,"overnight_00_05",2026-07-01 00:00:00.000000,26.8,0,12.6,"dry"
