unique_key,created_date,descriptor,descriptor_2,category,pickup_reliability_reason,reported_borough,zone_id,zone,zone_borough,mapping
69552142,2026-07-01T22:08:47.000,Car Service Company Complaint,Unlicensed/Unauthorized,passenger,False,Unspecified,,,,no_coordinates
69552143,2026-07-01T21:42:03.000,Driver Complaint - Non Passenger,Unsafe Driving,non_passenger,False,BROOKLYN,189,Prospect Heights,Brooklyn,mapped
69552283,2026-07-01T13:47:07.000,Driver Complaint - Non Passenger,Unsafe Driving,non_passenger,False,BROOKLYN,256,Williamsburg (South Side),Brooklyn,mapped
69552284,2026-07-01T19:54:35.000,Driver Complaint - Non Passenger,Unsafe Driving,non_passenger,False,MANHATTAN,232,Two Bridges/Seward Park,Manhattan,mapped
69552285,2026-07-01T17:36:43.000,Driver Complaint - Non Passenger,Unsafe Driving,non_passenger,False,MANHATTAN,144,Little Italy/NoLiTa,Manhattan,mapped
69552286,2026-07-01T17:59:41.000,Driver Complaint - Non Passenger,Unsafe Driving,non_passenger,False,MANHATTAN,249,West Village,Manhattan,mapped
69552287,2026-07-01T17:54:33.000,Driver Complaint - Non Passenger,Unsafe Driving,non_passenger,False,MANHATTAN,45,Chinatown,Manhattan,mapped
69552288,2026-07-01T17:46:08.000,Driver Complaint - Non Passenger,Unsafe Driving,non_passenger,False,MANHATTAN,230,Times Sq/Theatre District,Manhattan,mapped
69553821,2026-07-01T12:35:45.000,Car Service Company Complaint,Fare/Tip/Receipt,passenger,False,MANHATTAN,232,Two Bridges/Seward Park,Manhattan,mapped
69553822,2026-07-01T19:42:20.000,Driver Complaint - Non Passenger,Unsafe Driving,non_passenger,False,MANHATTAN,163,Midtown North,Manhattan,mapped
69553823,2026-07-01T11:43:20.000,Driver Complaint - Passenger,Denied Request,passenger,True,QUEENS,83,Elmhurst/Maspeth,Queens,mapped
69553824,2026-07-01T17:18:20.000,Driver Complaint - Passenger,Drop-Off Refused,passenger,False,QUEENS,215,South Jamaica,Queens,mapped
69553960,2026-07-01T10:35:59.000,Driver Complaint - Non Passenger,Unsafe Driving,non_passenger,False,MANHATTAN,114,Greenwich Village South,Manhattan,mapped
69553961,2026-07-01T19:50:35.000,Driver Complaint - Non Passenger,Unsafe Driving,non_passenger,False,MANHATTAN,232,Two Bridges/Seward Park,Manhattan,mapped
69553962,2026-07-01T11:02:49.000,Driver Complaint - Non Passenger,Unsafe Driving,non_passenger,False,MANHATTAN,163,Midtown North,Manhattan,mapped
69553963,2026-07-01T17:57:04.000,Driver Complaint - Non Passenger,Unsafe Driving,non_passenger,False,MANHATTAN,144,Little Italy/NoLiTa,Manhattan,mapped
69553964,2026-07-01T17:15:49.000,Driver Complaint - Non Passenger,Unsafe Driving,non_passenger,False,BROOKLYN,97,Fort Greene,Brooklyn,mapped
69555449,2026-07-01T12:39:25.000,Driver Complaint - Passenger,Refused Pick-Up,passenger,True,BROOKLYN,21,Bensonhurst East,Brooklyn,mapped
69555559,2026-07-01T19:10:31.000,Driver Report - Non Passenger,Cell Phone Use,non_passenger,False,STATEN ISLAND,156,Mariners Harbor,Staten Island,mapped
69555580,2026-07-01T17:25:05.000,Driver Complaint - Non Passenger,Unsafe Driving,non_passenger,False,BROOKLYN,49,Clinton Hill,Brooklyn,mapped
69555581,2026-07-01T10:45:11.000,Driver Complaint - Non Passenger,Unsafe Driving,non_passenger,False,MANHATTAN,144,Little Italy/NoLiTa,Manhattan,mapped
69555582,2026-07-01T22:51:29.000,Driver Complaint - Non Passenger,Unsafe Driving,non_passenger,False,MANHATTAN,162,Midtown East,Manhattan,mapped
69555583,2026-07-01T14:06:29.000,Driver Complaint - Non Passenger,Unsafe Driving,non_passenger,False,MANHATTAN,232,Two Bridges/Seward Park,Manhattan,mapped
69555584,2026-07-01T14:02:32.000,Driver Complaint - Non Passenger,Unsafe Driving,non_passenger,False,BROOKLYN,80,East Williamsburg,Brooklyn,mapped
69555585,2026-07-01T13:59:18.000,Driver Complaint - Non Passenger,Unsafe Driving,non_passenger,False,BROOKLYN,256,Williamsburg (South Side),Brooklyn,mapped
69555701,2026-07-01T09:06:21.000,Car Service Company Complaint,Fare/Tip/Receipt,passenger,False,QUEENS,132,JFK Airport,Queens,mapped
69557011,2026-07-01T12:08:04.000,Driver Complaint - Passenger,License Not Displayed,passenger,False,BROOKLYN,21,Bensonhurst East,Brooklyn,mapped
69557059,2026-07-01T14:31:24.000,Car Service Company Complaint,Unlicensed/Unauthorized,passenger,False,MANHATTAN,68,East Chelsea,Manhattan,mapped
69557060,2026-07-01T15:12:14.000,Driver Complaint - Non Passenger,Unsafe Driving,non_passenger,False,MANHATTAN,158,Meatpacking/West Village West,Manhattan,mapped
69557061,2026-07-01T07:51:42.000,Driver Complaint - Non Passenger,Unsafe Driving,non_passenger,False,QUEENS,226,Sunnyside,Queens,mapped
69557062,2026-07-01T20:28:49.000,Driver Complaint - Non Passenger,Unsafe Driving,non_passenger,False,BROOKLYN,89,Flatbush/Ditmas Park,Brooklyn,mapped
69557193,2026-07-01T15:27:24.000,Driver Complaint - Non Passenger,Unsafe Driving,non_passenger,False,BROOKLYN,256,Williamsburg (South Side),Brooklyn,mapped
69557194,2026-07-01T11:16:30.000,Driver Complaint - Non Passenger,Unsafe Driving,non_passenger,False,BROOKLYN,97,Fort Greene,Brooklyn,mapped
69557195,2026-07-01T10:58:40.000,Driver Complaint - Non Passenger,Unsafe Driving,non_passenger,False,BROOKLYN,97,Fort Greene,Brooklyn,mapped
69558569,2026-07-01T14:25:05.000,Driver Complaint - Passenger,Service Delay/No Show,passenger,True,BRONX,81,Eastchester,Bronx,mapped
69558646,2026-07-01T18:22:24.000,Car Service Company Complaint,Service Delay/No Show,passenger,True,BROOKLYN,133,Kensington,Brooklyn,mapped
69558647,2026-07-01T18:34:15.000,Driver Complaint - Non Passenger,Unsafe Driving,non_passenger,False,BROOKLYN,26,Borough Park,Brooklyn,mapped
69558648,2026-07-01T20:01:41.000,Driver Complaint - Non Passenger,Unsafe Driving,non_passenger,False,BROOKLYN,89,Flatbush/Ditmas Park,Brooklyn,mapped
69558649,2026-07-01T15:34:53.000,Driver Complaint - Passenger,Unauthorized Pick-Up Location,passenger,False,QUEENS,139,Laurelton,Queens,mapped
69558773,2026-07-01T17:53:38.000,Driver Complaint - Non Passenger,Unsafe Driving,non_passenger,False,MANHATTAN,144,Little Italy/NoLiTa,Manhattan,mapped
69558774,2026-07-01T17:51:37.000,Driver Complaint - Non Passenger,Unsafe Driving,non_passenger,False,MANHATTAN,234,Union Sq,Manhattan,mapped
69558775,2026-07-01T17:50:27.000,Driver Complaint - Non Passenger,Unsafe Driving,non_passenger,False,MANHATTAN,186,Penn Station/Madison Sq West,Manhattan,mapped
69558776,2026-07-01T17:45:15.000,Driver Complaint - Non Passenger,Unsafe Driving,non_passenger,False,MANHATTAN,230,Times Sq/Theatre District,Manhattan,mapped
69558777,2026-07-01T17:40:06.000,Driver Complaint - Non Passenger,Unsafe Driving,non_passenger,False,MANHATTAN,186,Penn Station/Madison Sq West,Manhattan,mapped
69558778,2026-07-01T13:24:43.000,Driver Complaint - Non Passenger,Unsafe Driving,non_passenger,False,BROOKLYN,255,Williamsburg (North Side),Brooklyn,mapped
69558779,2026-07-01T13:40:08.000,Driver Complaint - Non Passenger,Unsafe Driving,non_passenger,False,MANHATTAN,170,Murray Hill,Manhattan,mapped
69560157,2026-07-01T15:02:04.000,Driver Complaint - Passenger,Discourteous,passenger,False,QUEENS,215,South Jamaica,Queens,mapped
69560158,2026-07-02T00:09:52.000,Driver Complaint - Passenger,Fare/Tip/Receipt,passenger,False,QUEENS,132,JFK Airport,Queens,mapped
69560159,2026-07-01T15:25:43.000,Driver Complaint - Passenger,License Not Displayed,passenger,False,Unspecified,,,,no_coordinates
69560284,2026-07-01T10:55:05.000,Driver Complaint - Non Passenger,Unsafe Driving,non_passenger,False,BROOKLYN,34,Brooklyn Navy Yard,Brooklyn,mapped
69560285,2026-07-01T17:20:49.000,Driver Complaint - Non Passenger,Unsafe Driving,non_passenger,False,BROOKLYN,97,Fort Greene,Brooklyn,mapped
69560286,2026-07-01T17:35:25.000,Driver Complaint - Non Passenger,Unsafe Driving,non_passenger,False,MANHATTAN,144,Little Italy/NoLiTa,Manhattan,mapped
69560287,2026-07-01T17:55:42.000,Driver Complaint - Non Passenger,Unsafe Driving,non_passenger,False,MANHATTAN,144,Little Italy/NoLiTa,Manhattan,mapped
69560288,2026-07-01T17:44:11.000,Driver Complaint - Non Passenger,Unsafe Driving,non_passenger,False,MANHATTAN,163,Midtown North,Manhattan,mapped
69560289,2026-07-01T13:55:34.000,Driver Complaint - Non Passenger,Unsafe Driving,non_passenger,False,MANHATTAN,79,East Village,Manhattan,mapped
69560290,2026-07-01T19:15:41.000,Driver Complaint - Non Passenger,Unsafe Driving,non_passenger,False,STATEN ISLAND,156,Mariners Harbor,Staten Island,mapped
69561710,2026-07-01T10:19:06.000,Driver Complaint - Non Passenger,Unsafe Driving,non_passenger,False,MANHATTAN,148,Lower East Side,Manhattan,mapped
69561711,2026-07-01T19:53:49.000,Driver Complaint - Non Passenger,Unsafe Driving,non_passenger,False,BROOKLYN,89,Flatbush/Ditmas Park,Brooklyn,mapped
69561712,2026-07-01T11:37:07.000,Driver Complaint - Passenger,Refused Pick-Up,passenger,True,QUEENS,83,Elmhurst/Maspeth,Queens,mapped
69561713,2026-07-01T21:14:05.000,Driver Complaint - Passenger,Refused Pick-Up,passenger,True,MANHATTAN,107,Gramercy,Manhattan,mapped
69561714,2026-07-01T17:58:01.000,Driver Complaint - Passenger,Refused Pick-Up,passenger,True,QUEENS,197,Richmond Hill,Queens,mapped
69561843,2026-07-01T19:45:30.000,Driver Complaint - Non Passenger,Unsafe Driving,non_passenger,False,MANHATTAN,42,Central Harlem North,Manhattan,mapped
69561844,2026-07-01T10:51:38.000,Driver Complaint - Non Passenger,Unsafe Driving,non_passenger,False,MANHATTAN,238,Upper West Side North,Manhattan,mapped
69561845,2026-07-01T17:58:33.000,Driver Complaint - Non Passenger,Unsafe Driving,non_passenger,False,MANHATTAN,249,West Village,Manhattan,mapped
69563221,2026-07-01T18:32:26.000,Car Service Company Complaint,Service Delay/No Show,passenger,True,BROOKLYN,133,Kensington,Brooklyn,mapped
69563222,2026-07-01T16:54:31.000,Car Service Company Complaint,Service Delay/No Show,passenger,True,BROOKLYN,76,East New York,Brooklyn,mapped
69563327,2026-07-01T13:51:36.000,Driver Complaint - Non Passenger,Unsafe Driving,non_passenger,False,MANHATTAN,79,East Village,Manhattan,mapped
69563328,2026-07-01T17:34:32.000,Driver Complaint - Non Passenger,Unsafe Driving,non_passenger,False,MANHATTAN,144,Little Italy/NoLiTa,Manhattan,mapped
69563329,2026-07-01T19:47:30.000,Driver Complaint - Non Passenger,Unsafe Driving,non_passenger,False,MANHATTAN,233,UN/Turtle Bay South,Manhattan,mapped
69563330,2026-07-01T17:52:35.000,Driver Complaint - Non Passenger,Unsafe Driving,non_passenger,False,MANHATTAN,114,Greenwich Village South,Manhattan,mapped
69563331,2026-07-02T00:55:36.000,Driver Complaint - Non Passenger,Unsafe Driving,non_passenger,False,BROOKLYN,256,Williamsburg (South Side),Brooklyn,mapped
69565119,2026-07-02T18:13:53.000,Driver Complaint - Non Passenger,Unsafe Driving,non_passenger,False,MANHATTAN,211,SoHo,Manhattan,mapped
69565275,2026-07-02T18:03:22.000,Driver Complaint - Non Passenger,Unsafe Driving,non_passenger,False,BROOKLYN,181,Park Slope,Brooklyn,mapped
69565276,2026-07-02T09:48:15.000,Driver Complaint - Non Passenger,Unsafe Driving,non_passenger,False,MANHATTAN,230,Times Sq/Theatre District,Manhattan,mapped
69565277,2026-07-02T09:39:30.000,Driver Complaint - Non Passenger,Unsafe Driving,non_passenger,False,MANHATTAN,68,East Chelsea,Manhattan,mapped
69565278,2026-07-02T09:34:28.000,Driver Complaint - Non Passenger,Unsafe Driving,non_passenger,False,MANHATTAN,125,Hudson Sq,Manhattan,mapped
69565279,2026-07-02T09:33:23.000,Driver Complaint - Non Passenger,Unsafe Driving,non_passenger,False,MANHATTAN,144,Little Italy/NoLiTa,Manhattan,mapped
69565280,2026-07-02T09:18:12.000,Driver Complaint - Non Passenger,Unsafe Driving,non_passenger,False,MANHATTAN,234,Union Sq,Manhattan,mapped
69565281,2026-07-02T08:33:58.000,Driver Complaint - Non Passenger,Unsafe Driving,non_passenger,False,MANHATTAN,90,Flatiron,Manhattan,mapped
69565282,2026-07-02T08:27:09.000,Driver Complaint - Non Passenger,Unsafe Driving,non_passenger,False,MANHATTAN,249,West Village,Manhattan,mapped
69565283,2026-07-02T16:30:37.000,Driver Complaint - Non Passenger,Unsafe Driving,non_passenger,False,Unspecified,,,,no_coordinates
69567112,2026-07-02T21:17:44.000,Driver Complaint - Non Passenger,Unsafe Driving,non_passenger,False,BROOKLYN,189,Prospect Heights,Brooklyn,mapped
69567276,2026-07-02T10:43:30.000,Driver Complaint - Non Passenger,Unauthorized Pick-Up Location,non_passenger,False,MANHATTAN,42,Central Harlem North,Manhattan,mapped
69567297,2026-07-02T13:50:44.000,Driver Complaint - Non Passenger,Unsafe Driving,non_passenger,False,QUEENS,223,Steinway,Queens,mapped
69567298,2026-07-02T11:29:03.000,Driver Complaint - Non Passenger,Unsafe Driving,non_passenger,False,MANHATTAN,88,Financial District South,Manhattan,mapped
69567299,2026-07-02T10:18:02.000,Driver Complaint - Non Passenger,Unsafe Driving,non_passenger,False,BROOKLYN,65,Downtown Brooklyn/MetroTech,Brooklyn,mapped
69567300,2026-07-02T10:01:27.000,Driver Complaint - Non Passenger,Unsafe Driving,non_passenger,False,MANHATTAN,45,Chinatown,Manhattan,mapped
69567301,2026-07-02T09:36:35.000,Driver Complaint - Non Passenger,Unsafe Driving,non_passenger,False,MANHATTAN,249,West Village,Manhattan,mapped
69567302,2026-07-02T11:09:21.000,Driver Complaint - Non Passenger,Unsafe Driving,non_passenger,False,MANHATTAN,148,Lower East Side,Manhattan,mapped
69569000,2026-07-02T09:50:24.000,Car Service Company Complaint,Discourteous,passenger,False,MANHATTAN,263,Yorkville West,Manhattan,mapped
69569001,2026-07-02T15:20:50.000,Driver Complaint - Non Passenger,Unsafe Driving,non_passenger,False,MANHATTAN,249,West Village,Manhattan,mapped
69569164,2026-07-02T12:26:27.000,Driver Complaint - Non Passenger,Unsafe Driving,non_passenger,False,MANHATTAN,88,Financial District South,Manhattan,mapped
69569165,2026-07-02T10:00:35.000,Driver Complaint - Non Passenger,Unsafe Driving,non_passenger,False,MANHATTAN,144,Little Italy/NoLiTa,Manhattan,mapped
69569166,2026-07-02T09:47:12.000,Driver Complaint - Non Passenger,Unsafe Driving,non_passenger,False,MANHATTAN,230,Times Sq/Theatre District,Manhattan,mapped
69569167,2026-07-02T09:27:41.000,Driver Complaint - Non Passenger,Unsafe Driving,non_passenger,False,MANHATTAN,113,Greenwich Village North,Manhattan,mapped
69569168,2026-07-02T08:30:28.000,Driver Complaint - Non Passenger,Unsafe Driving,non_passenger,False,MANHATTAN,90,Flatiron,Manhattan,mapped
69570959,2026-07-02T10:28:54.000,Driver Complaint - Non Passenger,Unsafe Driving,non_passenger,False,MANHATTAN,211,SoHo,Manhattan,mapped
69571115,2026-07-02T09:57:37.000,Driver Complaint - Non Passenger,Unsafe Driving,non_passenger,False,MANHATTAN,230,Times Sq/Theatre District,Manhattan,mapped
69571116,2026-07-02T09:55:40.000,Driver Complaint - Non Passenger,Unsafe Driving,non_passenger,False,MANHATTAN,230,Times Sq/Theatre District,Manhattan,mapped
69571117,2026-07-02T09:54:39.000,Driver Complaint - Non Passenger,Unsafe Driving,non_passenger,False,MANHATTAN,230,Times Sq/Theatre District,Manhattan,mapped
69571118,2026-07-02T09:53:48.000,Driver Complaint - Non Passenger,Unsafe Driving,non_passenger,False,MANHATTAN,230,Times Sq/Theatre District,Manhattan,mapped
69571119,2026-07-02T09:45:12.000,Driver Complaint - Non Passenger,Unsafe Driving,non_passenger,False,MANHATTAN,48,Clinton East,Manhattan,mapped
69571120,2026-07-02T09:35:32.000,Driver Complaint - Non Passenger,Unsafe Driving,non_passenger,False,MANHATTAN,249,West Village,Manhattan,mapped
69571121,2026-07-02T09:31:13.000,Driver Complaint - Non Passenger,Unsafe Driving,non_passenger,False,MANHATTAN,144,Little Italy/NoLiTa,Manhattan,mapped
69571122,2026-07-02T09:28:32.000,Driver Complaint - Non Passenger,Unsafe Driving,non_passenger,False,MANHATTAN,114,Greenwich Village South,Manhattan,mapped
69571123,2026-07-02T09:17:19.000,Driver Complaint - Non Passenger,Unsafe Driving,non_passenger,False,MANHATTAN,186,Penn Station/Madison Sq West,Manhattan,mapped
69571124,2026-07-02T09:09:37.000,Driver Complaint - Non Passenger,Unsafe Driving,non_passenger,False,MANHATTAN,230,Times Sq/Theatre District,Manhattan,mapped
69571125,2026-07-02T08:45:51.000,Driver Complaint - Non Passenger,Unsafe Driving,non_passenger,False,MANHATTAN,68,East Chelsea,Manhattan,mapped
69571126,2026-07-02T08:43:32.000,Driver Complaint - Non Passenger,Unsafe Driving,non_passenger,False,MANHATTAN,68,East Chelsea,Manhattan,mapped
69571127,2026-07-02T08:31:43.000,Driver Complaint - Non Passenger,Unsafe Driving,non_passenger,False,MANHATTAN,90,Flatiron,Manhattan,mapped
69571128,2026-07-02T10:44:14.000,Driver Complaint - Non Passenger,Unsafe Driving,non_passenger,False,MANHATTAN,87,Financial District North,Manhattan,mapped
69572732,2026-07-03T01:21:00.000,Driver Complaint - Passenger,Fare/Tip/Receipt,passenger,False,QUEENS,132,JFK Airport,Queens,mapped
69572797,2026-07-02T08:09:29.000,Driver Complaint - Non Passenger,Unsafe Driving,non_passenger,False,BROOKLYN,67,Dyker Heights,Brooklyn,mapped
69572952,2026-07-02T12:36:21.000,Driver Complaint - Non Passenger,Unsafe Driving,non_passenger,False,MANHATTAN,88,Financial District South,Manhattan,mapped
69572953,2026-07-02T12:25:07.000,Driver Complaint - Non Passenger,Unsafe Driving,non_passenger,False,MANHATTAN,88,Financial District South,Manhattan,mapped
69572954,2026-07-02T09:58:30.000,Driver Complaint - Non Passenger,Unsafe Driving,non_passenger,False,MANHATTAN,230,Times Sq/Theatre District,Manhattan,mapped
69572955,2026-07-02T09:38:38.000,Driver Complaint - Non Passenger,Unsafe Driving,non_passenger,False,MANHATTAN,90,Flatiron,Manhattan,mapped
69572956,2026-07-02T09:30:23.000,Driver Complaint - Non Passenger,Unsafe Driving,non_passenger,False,MANHATTAN,45,Chinatown,Manhattan,mapped
69572957,2026-07-02T09:29:23.000,Driver Complaint - Non Passenger,Unsafe Driving,non_passenger,False,MANHATTAN,45,Chinatown,Manhattan,mapped
69572958,2026-07-02T09:11:31.000,Driver Complaint - Non Passenger,Unsafe Driving,non_passenger,False,MANHATTAN,100,Garment District,Manhattan,mapped
69572959,2026-07-02T08:44:42.000,Driver Complaint - Non Passenger,Unsafe Driving,non_passenger,False,MANHATTAN,68,East Chelsea,Manhattan,mapped
69572960,2026-07-02T08:29:26.000,Driver Complaint - Non Passenger,Unsafe Driving,non_passenger,False,MANHATTAN,68,East Chelsea,Manhattan,mapped
69574599,2026-07-02T21:20:22.000,Driver Complaint - Passenger,Fare/Tip/Receipt,passenger,False,QUEENS,121,Hillcrest/Pomonok,Queens,mapped
69574774,2026-07-02T18:09:13.000,Driver Complaint - Non Passenger,Unsafe Driving,non_passenger,False,BRONX,167,Morrisania/Melrose,Bronx,mapped
69574775,2026-07-02T09:49:05.000,Driver Complaint - Non Passenger,Unsafe Driving,non_passenger,False,MANHATTAN,230,Times Sq/Theatre District,Manhattan,mapped
69574776,2026-07-02T09:32:18.000,Driver Complaint - Non Passenger,Unsafe Driving,non_passenger,False,MANHATTAN,144,Little Italy/NoLiTa,Manhattan,mapped
69574777,2026-07-02T09:26:44.000,Driver Complaint - Non Passenger,Unsafe Driving,non_passenger,False,MANHATTAN,113,Greenwich Village North,Manhattan,mapped
69574778,2026-07-02T09:16:10.000,Driver Complaint - Non Passenger,Unsafe Driving,non_passenger,False,MANHATTAN,186,Penn Station/Madison Sq West,Manhattan,mapped
69574779,2026-07-02T08:40:51.000,Driver Complaint - Non Passenger,Unsafe Driving,non_passenger,False,MANHATTAN,68,East Chelsea,Manhattan,mapped
69576527,2026-07-02T10:31:15.000,Driver Complaint - Non Passenger,Unsafe Driving,non_passenger,False,BRONX,32,Bronxdale,Bronx,mapped
69576528,2026-07-02T10:34:27.000,Driver Complaint - Non Passenger,Unsafe Driving,non_passenger,False,MANHATTAN,75,East Harlem South,Manhattan,mapped
69576529,2026-07-02T10:32:53.000,Driver Complaint - Non Passenger,Unsafe Driving,non_passenger,False,MANHATTAN,75,East Harlem South,Manhattan,mapped
69576691,2026-07-02T17:01:19.000,Driver Complaint - Non Passenger,Unsafe Driving,non_passenger,False,BROOKLYN,40,Carroll Gardens,Brooklyn,mapped
69576692,2026-07-02T09:46:10.000,Driver Complaint - Non Passenger,Unsafe Driving,non_passenger,False,MANHATTAN,230,Times Sq/Theatre District,Manhattan,mapped
69576693,2026-07-02T09:06:09.000,Driver Complaint - Non Passenger,Unsafe Driving,non_passenger,False,MANHATTAN,48,Clinton East,Manhattan,mapped
69576694,2026-07-02T09:05:15.000,Driver Complaint - Non Passenger,Unsafe Driving,non_passenger,False,MANHATTAN,48,Clinton East,Manhattan,mapped
69576695,2026-07-02T08:54:55.000,Driver Complaint - Non Passenger,Unsafe Driving,non_passenger,False,MANHATTAN,68,East Chelsea,Manhattan,mapped
69578416,2026-07-03T01:14:08.000,Driver Complaint - Passenger,Discourteous,passenger,False,MANHATTAN,50,Clinton West,Manhattan,mapped
69578580,2026-07-02T17:04:49.000,Driver Complaint - Non Passenger,Unsafe Driving,non_passenger,False,MANHATTAN,88,Financial District South,Manhattan,mapped
69578581,2026-07-02T09:10:30.000,Driver Complaint - Non Passenger,Unsafe Driving,non_passenger,False,MANHATTAN,230,Times Sq/Theatre District,Manhattan,mapped
69578582,2026-07-02T09:07:23.000,Driver Complaint - Non Passenger,Unsafe Driving,non_passenger,False,MANHATTAN,48,Clinton East,Manhattan,mapped
69580301,2026-07-03T16:11:27.000,Driver Complaint - Non Passenger,Unsafe Driving,non_passenger,False,MANHATTAN,186,Penn Station/Madison Sq West,Manhattan,mapped
69580302,2026-07-03T16:06:41.000,Driver Complaint - Non Passenger,Unsafe Driving,non_passenger,False,MANHATTAN,68,East Chelsea,Manhattan,mapped
69580303,2026-07-03T13:26:52.000,Driver Complaint - Non Passenger,Unsafe Driving,non_passenger,False,MANHATTAN,230,Times Sq/Theatre District,Manhattan,mapped
69580304,2026-07-03T12:57:59.000,Driver Complaint - Non Passenger,Unsafe Driving,non_passenger,False,Unspecified,,,,no_coordinates
69580305,2026-07-03T16:42:19.000,Driver Complaint - Non Passenger,Unsafe Driving,non_passenger,False,MANHATTAN,68,East Chelsea,Manhattan,mapped
69580306,2026-07-03T16:19:35.000,Driver Complaint - Non Passenger,Unsafe Driving,non_passenger,False,MANHATTAN,163,Midtown North,Manhattan,mapped
69581891,2026-07-03T09:20:43.000,Car Service Company Complaint,Fare/Tip/Receipt,passenger,False,MANHATTAN,79,East Village,Manhattan,mapped
69582038,2026-07-03T23:32:42.000,Driver Complaint - Non Passenger,Unsafe Driving,non_passenger,False,MANHATTAN,79,East Village,Manhattan,mapped
69582039,2026-07-03T16:39:36.000,Driver Complaint - Non Passenger,Unsafe Driving,non_passenger,False,MANHATTAN,186,Penn Station/Madison Sq West,Manhattan,mapped
69582040,2026-07-03T16:36:24.000,Driver Complaint - Non Passenger,Unsafe Driving,non_passenger,False,MANHATTAN,186,Penn Station/Madison Sq West,Manhattan,mapped
69583572,2026-07-03T22:06:03.000,Car Service Company Complaint,Fare/Tip/Receipt,passenger,False,BROOKLYN,76,East New York,Brooklyn,mapped
69583573,2026-07-04T01:11:03.000,Driver Complaint - Non Passenger,Unsafe Driving,non_passenger,False,QUEENS,173,North Corona,Queens,mapped
69583574,2026-07-03T23:08:59.000,Driver Complaint - Passenger,Discourteous,passenger,False,MANHATTAN,230,Times Sq/Theatre District,Manhattan,mapped
69585397,2026-07-03T16:52:40.000,Driver Complaint - Non Passenger,Unsafe Driving,non_passenger,False,MANHATTAN,87,Financial District North,Manhattan,mapped
69585398,2026-07-03T16:32:33.000,Driver Complaint - Non Passenger,Unsafe Driving,non_passenger,False,MANHATTAN,186,Penn Station/Madison Sq West,Manhattan,mapped
69585399,2026-07-03T16:29:04.000,Driver Complaint - Non Passenger,Unsafe Driving,non_passenger,False,MANHATTAN,186,Penn Station/Madison Sq West,Manhattan,mapped
69587156,2026-07-03T18:49:16.000,Driver Complaint - Non Passenger,Unsafe Driving,non_passenger,False,BROOKLYN,189,Prospect Heights,Brooklyn,mapped
69587157,2026-07-03T19:19:32.000,Driver Complaint - Non Passenger,Unsafe Driving,non_passenger,False,BROOKLYN,17,Bedford,Brooklyn,mapped
69587158,2026-07-03T11:15:52.000,Driver Complaint - Non Passenger,Unsafe Driving,non_passenger,False,BROOKLYN,181,Park Slope,Brooklyn,mapped
69587159,2026-07-03T16:27:57.000,Driver Complaint - Non Passenger,Unsafe Driving,non_passenger,False,MANHATTAN,234,Union Sq,Manhattan,mapped
69587160,2026-07-03T16:25:23.000,Driver Complaint - Non Passenger,Unsafe Driving,non_passenger,False,MANHATTAN,107,Gramercy,Manhattan,mapped
69588771,2026-07-03T17:23:06.000,Car Service Company Complaint,Discourteous,passenger,False,BRONX,51,Co-Op City,Bronx,mapped
69588772,2026-07-03T15:46:57.000,Driver Complaint - Passenger,Drop-Off Refused,passenger,False,MANHATTAN,107,Gramercy,Manhattan,mapped
69588773,2026-07-03T10:26:50.000,Driver Complaint - Passenger,Refused Pick-Up,passenger,True,MANHATTAN,41,Central Harlem,Manhattan,mapped
69588932,2026-07-03T13:30:19.000,Driver Complaint - Non Passenger,Unsafe Driving,non_passenger,False,BROOKLYN,181,Park Slope,Brooklyn,mapped
69588933,2026-07-03T16:45:09.000,Driver Complaint - Non Passenger,Unsafe Driving,non_passenger,False,MANHATTAN,4,Alphabet City,Manhattan,mapped
69588934,2026-07-03T16:12:29.000,Driver Complaint - Non Passenger,Unsafe Driving,non_passenger,False,MANHATTAN,186,Penn Station/Madison Sq West,Manhattan,mapped
69588935,2026-07-03T17:27:42.000,Driver Complaint - Non Passenger,Unsafe Driving,non_passenger,False,MANHATTAN,261,World Trade Center,Manhattan,mapped
69590477,2026-07-03T19:39:56.000,Driver Complaint - Passenger,Discourteous,passenger,False,BROOKLYN,14,Bay Ridge,Brooklyn,mapped
69590623,2026-07-04T00:18:27.000,Driver Complaint - Non Passenger,Unsafe Driving,non_passenger,False,MANHATTAN,79,East Village,Manhattan,mapped
69590624,2026-07-03T16:14:23.000,Driver Complaint - Non Passenger,Unsafe Driving,non_passenger,False,BROOKLYN,189,Prospect Heights,Brooklyn,mapped
69590625,2026-07-03T16:04:37.000,Driver Complaint - Non Passenger,Unsafe Driving,non_passenger,False,MANHATTAN,113,Greenwich Village North,Manhattan,mapped
69590626,2026-07-03T15:30:34.000,Driver Complaint - Non Passenger,Unsafe Driving,non_passenger,False,QUEENS,134,Kew Gardens,Queens,mapped
69590627,2026-07-03T16:30:03.000,Driver Complaint - Non Passenger,Unsafe Driving,non_passenger,False,MANHATTAN,186,Penn Station/Madison Sq West,Manhattan,mapped
69590628,2026-07-03T16:21:31.000,Driver Complaint - Non Passenger,Unsafe Driving,non_passenger,False,MANHATTAN,234,Union Sq,Manhattan,mapped
69594026,2026-07-04T17:33:55.000,Driver Complaint - Passenger,Denied Request,passenger,True,MANHATTAN,141,Lenox Hill West,Manhattan,mapped
69594209,2026-07-04T18:35:06.000,Driver Complaint - Non Passenger,Unsafe Driving,non_passenger,False,BRONX,136,Kingsbridge Heights,Bronx,mapped
69595768,2026-07-05T00:12:15.000,Driver Complaint - Non Passenger,Unsafe Driving,non_passenger,False,BROOKLYN,65,Downtown Brooklyn/MetroTech,Brooklyn,mapped
69595769,2026-07-04T17:30:05.000,Driver Complaint - Non Passenger,Unsafe Driving,non_passenger,False,MANHATTAN,113,Greenwich Village North,Manhattan,mapped
69595770,2026-07-04T22:21:38.000,Driver Complaint - Passenger,Refused Pick-Up,passenger,True,MANHATTAN,74,East Harlem North,Manhattan,mapped
69595979,2026-07-04T18:09:04.000,Driver Complaint - Non Passenger,Unsafe Driving,non_passenger,False,QUEENS,173,North Corona,Queens,mapped
69596029,2026-07-04T16:16:21.000,Car Service Company Complaint,Fare/Tip/Receipt,passenger,False,QUEENS,132,JFK Airport,Queens,mapped
69597554,2026-07-04T17:01:53.000,Driver Complaint - Non Passenger,Unsafe Driving,non_passenger,False,MANHATTAN,211,SoHo,Manhattan,mapped
69597752,2026-07-04T10:34:25.000,Driver Complaint - Non Passenger,Unauthorized Pick-Up Location,non_passenger,False,BRONX,169,Mount Hope,Bronx,mapped
69599380,2026-07-04T18:06:41.000,Car Service Company Complaint,Unlicensed/Unauthorized,passenger,False,BRONX,119,Highbridge,Bronx,mapped
69599618,2026-07-04T18:05:08.000,Driver Complaint - Non Passenger,Unsafe Driving,non_passenger,False,BROOKLYN,154,Marine Park/Floyd Bennett Field,Brooklyn,mapped
69601192,2026-07-04T17:05:10.000,Driver Complaint - Non Passenger,Unsafe Driving,non_passenger,False,MANHATTAN,211,SoHo,Manhattan,mapped
69601193,2026-07-04T16:11:54.000,Driver Complaint - Passenger,Denied Request,passenger,True,MANHATTAN,233,UN/Turtle Bay South,Manhattan,mapped
69602991,2026-07-04T14:30:56.000,Driver Complaint - Non Passenger,Unsafe Driving,non_passenger,False,MANHATTAN,232,Two Bridges/Seward Park,Manhattan,mapped
69604794,2026-07-04T17:42:03.000,Driver Complaint - Non Passenger,Unsafe Driving,non_passenger,False,MANHATTAN,148,Lower East Side,Manhattan,mapped
69604795,2026-07-04T16:19:12.000,Driver Complaint - Passenger,Denied Request,passenger,True,MANHATTAN,233,UN/Turtle Bay South,Manhattan,mapped
69605003,2026-07-04T14:01:34.000,Driver Complaint - Non Passenger,Unsafe Driving,non_passenger,False,MANHATTAN,162,Midtown East,Manhattan,mapped
69606835,2026-07-04T17:31:06.000,Driver Complaint - Non Passenger,Unsafe Driving,non_passenger,False,MANHATTAN,234,Union Sq,Manhattan,mapped
69606836,2026-07-04T09:30:47.000,Driver Complaint - Non Passenger,Unsafe Driving,non_passenger,False,BROOKLYN,33,Brooklyn Heights,Brooklyn,mapped
69608142,2026-07-05T23:05:03.000,Driver Complaint - Passenger,Unsafe Driving,passenger,False,Unspecified,,,,no_coordinates
69608230,2026-07-05T15:11:59.000,Driver Complaint - Non Passenger,Unsafe Driving,non_passenger,False,BROOKLYN,36,Bushwick North,Brooklyn,mapped
69609526,2026-07-05T23:09:19.000,Driver Complaint - Passenger,Refused Pick-Up,passenger,True,MANHATTAN,74,East Harlem North,Manhattan,mapped
69610936,2026-07-05T19:20:58.000,Driver Complaint - Non Passenger,Unsafe Driving,non_passenger,False,MANHATTAN,249,West Village,Manhattan,mapped
69611008,2026-07-05T22:07:56.000,Driver Complaint - Non Passenger,Unsafe Driving,non_passenger,False,QUEENS,226,Sunnyside,Queens,mapped
69611009,2026-07-05T12:16:57.000,Driver Complaint - Non Passenger,Unsafe Driving,non_passenger,False,BROOKLYN,181,Park Slope,Brooklyn,mapped
69611022,2026-07-05T16:47:30.000,Driver Complaint - Non Passenger,Unsafe Driving,non_passenger,False,MANHATTAN,232,Two Bridges/Seward Park,Manhattan,mapped
69612284,2026-07-05T16:24:28.000,Driver Complaint - Non Passenger,Unsafe Driving,non_passenger,False,BROOKLYN,22,Bensonhurst West,Brooklyn,mapped
69612357,2026-07-05T19:11:18.000,Driver Complaint - Non Passenger,Unsafe Driving,non_passenger,False,QUEENS,10,Baisley Park,Queens,mapped
69613663,2026-07-05T13:14:14.000,Driver Complaint - Non Passenger,Unsafe Driving,non_passenger,False,QUEENS,57,Corona,Queens,mapped
69613767,2026-07-05T18:25:32.000,Driver Complaint - Non Passenger,Unsafe Driving,non_passenger,False,BROOKLYN,11,Bath Beach,Brooklyn,mapped
69615066,2026-07-05T23:51:26.000,Driver Complaint - Passenger,Fare/Tip/Receipt,passenger,False,QUEENS,132,JFK Airport,Queens,mapped
69615067,2026-07-05T08:57:45.000,Driver Complaint - Passenger,Fare/Tip/Receipt,passenger,False,Unspecified,,,,no_coordinates
69616374,2026-07-05T11:55:16.000,Driver Complaint - Non Passenger,Unsafe Driving,non_passenger,False,QUEENS,260,Woodside,Queens,mapped
69617823,2026-07-05T02:42:51.000,Driver Complaint - Passenger,Denied Request,passenger,True,BRONX,248,West Farms/Bronx River,Bronx,mapped
69619247,2026-07-06T16:26:41.000,Car Service Company Complaint,Unlicensed/Unauthorized,passenger,False,MANHATTAN,186,Penn Station/Madison Sq West,Manhattan,mapped
69619248,2026-07-06T14:31:12.000,Driver Complaint - Non Passenger,Unsafe Driving,non_passenger,False,MANHATTAN,161,Midtown Center,Manhattan,mapped
69619249,2026-07-06T12:25:44.000,Driver Complaint - Non Passenger,Unsafe Driving,non_passenger,False,BROOKLYN,22,Bensonhurst West,Brooklyn,mapped
69620928,2026-07-06T11:20:54.000,Driver Complaint - Non Passenger,Unsafe Driving,non_passenger,False,MANHATTAN,234,Union Sq,Manhattan,mapped
69622466,2026-07-06T18:52:28.000,Driver Complaint - Non Passenger,Unsafe Driving,non_passenger,False,Unspecified,,,,no_coordinates
69624029,2026-07-06T11:17:43.000,Driver Complaint - Non Passenger,Unsafe Driving,non_passenger,False,MANHATTAN,234,Union Sq,Manhattan,mapped
69625378,2026-07-06T09:47:24.000,Driver Complaint - Non Passenger,Unsafe Driving,non_passenger,False,MANHATTAN,232,Two Bridges/Seward Park,Manhattan,mapped
69625379,2026-07-06T13:43:54.000,Driver Complaint - Passenger,Fare/Tip/Receipt,passenger,False,MANHATTAN,151,Manhattan Valley,Manhattan,mapped
69625489,2026-07-06T16:28:52.000,Driver Complaint - Non Passenger,Unauthorized Pick-Up Location,non_passenger,False,BROOKLYN,22,Bensonhurst West,Brooklyn,mapped
69625514,2026-07-06T18:58:23.000,Driver Complaint - Non Passenger,Unsafe Driving,non_passenger,False,Unspecified,,,,no_coordinates
69626901,2026-07-06T03:58:30.000,Car Service Company Complaint,Unlicensed/Unauthorized,passenger,False,BROOKLYN,227,Sunset Park East,Brooklyn,mapped
69626902,2026-07-06T14:39:24.000,Driver Complaint - Non Passenger,Unsafe Driving,non_passenger,False,MANHATTAN,230,Times Sq/Theatre District,Manhattan,mapped
69626903,2026-07-06T12:38:22.000,Driver Complaint - Passenger,Fare/Tip/Receipt,passenger,False,MANHATTAN,238,Upper West Side North,Manhattan,mapped
69627033,2026-07-06T13:03:03.000,Driver Complaint - Non Passenger,Unsafe Driving,non_passenger,False,MANHATTAN,234,Union Sq,Manhattan,mapped
69628473,2026-07-06T07:47:30.000,Driver Complaint - Non Passenger,Unsafe Driving,non_passenger,False,MANHATTAN,152,Manhattanville,Manhattan,mapped
69628474,2026-07-06T15:04:58.000,Driver Complaint - Non Passenger,Unsafe Driving,non_passenger,False,MANHATTAN,161,Midtown Center,Manhattan,mapped
69628589,2026-07-06T13:43:59.000,Driver Complaint - Non Passenger,Unsafe Driving,non_passenger,False,MANHATTAN,79,East Village,Manhattan,mapped
69630038,2026-07-06T14:37:19.000,Driver Complaint - Non Passenger,Unsafe Driving,non_passenger,False,MANHATTAN,230,Times Sq/Theatre District,Manhattan,mapped
69630039,2026-07-06T08:45:28.000,Driver Complaint - Non Passenger,Unsafe Driving,non_passenger,False,QUEENS,226,Sunnyside,Queens,mapped
69630040,2026-07-06T16:03:44.000,Driver Complaint - Passenger,Discourteous,passenger,False,BRONX,220,Spuyten Duyvil/Kingsbridge,Bronx,mapped
69630165,2026-07-06T09:54:56.000,Driver Complaint - Non Passenger,Unsafe Driving,non_passenger,False,MANHATTAN,,,,outside_all_zones
69630166,2026-07-06T22:16:41.000,Driver Complaint - Non Passenger,Unsafe Driving,non_passenger,False,BRONX,,,,no_coordinates
69631537,2026-07-07T07:58:45.000,Driver Complaint - Non Passenger,Unsafe Driving,non_passenger,False,MANHATTAN,125,Hudson Sq,Manhattan,mapped
69631538,2026-07-07T15:53:05.000,Driver Complaint - Passenger,Unsafe Driving,passenger,False,BROOKLYN,63,Cypress Hills,Brooklyn,mapped
69631657,2026-07-07T09:28:49.000,Driver Complaint - Non Passenger,Unsafe Driving,non_passenger,False,MANHATTAN,,,,no_coordinates
69631685,2026-07-07T17:49:34.000,Driver Complaint - Non Passenger,Unsafe Driving,non_passenger,False,BROOKLYN,181,Park Slope,Brooklyn,mapped
69631686,2026-07-07T14:23:27.000,Driver Complaint - Non Passenger,Unsafe Driving,non_passenger,False,Unspecified,,,,no_coordinates
69633128,2026-07-07T19:03:13.000,Driver Complaint - Non Passenger,Unsafe Driving,non_passenger,False,MANHATTAN,232,Two Bridges/Seward Park,Manhattan,mapped
69636299,2026-07-07T09:07:51.000,Driver Complaint - Passenger,License Not Displayed,passenger,False,QUEENS,179,Old Astoria,Queens,mapped
69636432,2026-07-07T09:15:54.000,Driver Complaint - Non Passenger,Unsafe Driving,non_passenger,False,BRONX,18,Bedford Park,Bronx,mapped
69636433,2026-07-07T18:07:02.000,Driver Complaint - Non Passenger,Unsafe Driving,non_passenger,False,BROOKLYN,181,Park Slope,Brooklyn,mapped
69636434,2026-07-07T22:03:00.000,Driver Complaint - Non Passenger,Unsafe Driving,non_passenger,False,Unspecified,,,,no_coordinates
69637873,2026-07-07T09:06:38.000,Driver Complaint - Passenger,Denied Request,passenger,True,BRONX,167,Morrisania/Melrose,Bronx,mapped
69637874,2026-07-07T20:56:32.000,Driver Complaint - Passenger,Fare/Tip/Receipt,passenger,False,QUEENS,132,JFK Airport,Queens,mapped
69638019,2026-07-07T10:13:27.000,Driver Complaint - Non Passenger,Unsafe Driving,non_passenger,False,MANHATTAN,148,Lower East Side,Manhattan,mapped
69639488,2026-07-07T10:20:08.000,Driver Complaint - Non Passenger,Unsafe Driving,non_passenger,False,MANHATTAN,231,TriBeCa/Civic Center,Manhattan,mapped
69639630,2026-07-07T14:45:48.000,Driver Complaint - Non Passenger,Unsafe Driving,non_passenger,False,BROOKLYN,198,Ridgewood,Queens,mapped
69640948,2026-07-07T13:29:35.000,Driver Complaint - Passenger,Unsafe Driving,passenger,False,MANHATTAN,144,Little Italy/NoLiTa,Manhattan,mapped
69641093,2026-07-07T23:59:15.000,Car Service Company Complaint,Fare/Tip/Receipt,passenger,False,QUEENS,138,LaGuardia Airport,Queens,mapped
69641094,2026-07-07T09:22:23.000,Driver Complaint - Non Passenger,Unsafe Driving,non_passenger,False,QUEENS,145,Long Island City/Hunters Point,Queens,mapped
69641095,2026-07-07T03:33:56.000,Driver Complaint - Passenger,Fare/Tip/Receipt,passenger,False,QUEENS,132,JFK Airport,Queens,mapped
69642859,2026-07-07T17:27:12.000,Driver Complaint - Non Passenger,Unsafe Driving,non_passenger,False,BROOKLYN,97,Fort Greene,Brooklyn,mapped
69644170,2026-07-09T00:14:36.000,Car Service Company Complaint,Fare/Tip/Receipt,passenger,False,QUEENS,132,JFK Airport,Queens,mapped
69644171,2026-07-08T14:45:13.000,Driver Complaint - Non Passenger,Unsafe Driving,non_passenger,False,BROOKLYN,17,Bedford,Brooklyn,mapped
69644369,2026-07-08T15:27:49.000,Driver Complaint - Non Passenger,Unsafe Driving,non_passenger,False,BROOKLYN,256,Williamsburg (South Side),Brooklyn,mapped
69644370,2026-07-08T18:38:04.000,Driver Complaint - Non Passenger,Unsafe Driving,non_passenger,False,BROOKLYN,181,Park Slope,Brooklyn,mapped
69644371,2026-07-08T10:59:53.000,Driver Complaint - Non Passenger,Unsafe Driving,non_passenger,False,MANHATTAN,100,Garment District,Manhattan,mapped
69644372,2026-07-08T10:22:50.000,Driver Complaint - Non Passenger,Unsafe Driving,non_passenger,False,MANHATTAN,144,Little Italy/NoLiTa,Manhattan,mapped
69644373,2026-07-08T10:14:24.000,Driver Complaint - Non Passenger,Unsafe Driving,non_passenger,False,MANHATTAN,163,Midtown North,Manhattan,mapped
69644374,2026-07-08T10:01:39.000,Driver Complaint - Non Passenger,Unsafe Driving,non_passenger,False,MANHATTAN,249,West Village,Manhattan,mapped
69644375,2026-07-08T09:58:04.000,Driver Complaint - Non Passenger,Unsafe Driving,non_passenger,False,MANHATTAN,125,Hudson Sq,Manhattan,mapped
69645616,2026-07-08T17:16:24.000,Driver Complaint - Passenger,Cell Phone Use,passenger,False,BRONX,185,Pelham Parkway,Bronx,mapped
69645922,2026-07-08T14:46:34.000,Driver Complaint - Non Passenger,Unsafe Driving,non_passenger,False,QUEENS,132,JFK Airport,Queens,mapped
69645923,2026-07-08T11:02:29.000,Driver Complaint - Non Passenger,Unsafe Driving,non_passenger,False,MANHATTAN,114,Greenwich Village South,Manhattan,mapped
69645924,2026-07-08T10:50:12.000,Driver Complaint - Non Passenger,Unsafe Driving,non_passenger,False,MANHATTAN,163,Midtown North,Manhattan,mapped
69645925,2026-07-08T10:41:23.000,Driver Complaint - Non Passenger,Unsafe Driving,non_passenger,False,MANHATTAN,48,Clinton East,Manhattan,mapped
69645926,2026-07-08T10:33:44.000,Driver Complaint - Non Passenger,Unsafe Driving,non_passenger,False,MANHATTAN,144,Little Italy/NoLiTa,Manhattan,mapped
69645927,2026-07-08T10:15:31.000,Driver Complaint - Non Passenger,Unsafe Driving,non_passenger,False,MANHATTAN,163,Midtown North,Manhattan,mapped
69645928,2026-07-08T10:06:18.000,Driver Complaint - Non Passenger,Unsafe Driving,non_passenger,False,MANHATTAN,90,Flatiron,Manhattan,mapped
69645929,2026-07-08T18:20:54.000,Driver Complaint - Non Passenger,Unsafe Driving,non_passenger,False,MANHATTAN,161,Midtown Center,Manhattan,mapped
69647268,2026-07-08T17:15:49.000,Driver Complaint - Non Passenger,Unsafe Driving,non_passenger,False,QUEENS,146,Long Island City/Queens Plaza,Queens,mapped
69647269,2026-07-08T17:56:54.000,Driver Complaint - Non Passenger,Unsafe Driving,non_passenger,False,MANHATTAN,125,Hudson Sq,Manhattan,mapped
69647270,2026-07-08T11:48:21.000,Driver Complaint - Non Passenger,Unsafe Driving,non_passenger,False,QUEENS,139,Laurelton,Queens,mapped
69647271,2026-07-08T17:13:02.000,Driver Complaint - Non Passenger,Unsafe Driving,non_passenger,False,QUEENS,7,Astoria,Queens,mapped
69647272,2026-07-08T15:44:30.000,Driver Complaint - Passenger,Fare/Tip/Receipt,passenger,False,QUEENS,132,JFK Airport,Queens,mapped
69647444,2026-07-08T23:32:39.000,Driver Complaint - Non Passenger,Unsafe Driving,non_passenger,False,MANHATTAN,114,Greenwich Village South,Manhattan,mapped
69647445,2026-07-08T23:23:26.000,Driver Complaint - Non Passenger,Unsafe Driving,non_passenger,False,MANHATTAN,114,Greenwich Village South,Manhattan,mapped
69647446,2026-07-08T16:37:29.000,Driver Complaint - Non Passenger,Unsafe Driving,non_passenger,False,BROOKLYN,97,Fort Greene,Brooklyn,mapped
69647447,2026-07-08T23:12:03.000,Driver Complaint - Non Passenger,Unsafe Driving,non_passenger,False,MANHATTAN,230,Times Sq/Theatre District,Manhattan,mapped
69647448,2026-07-08T11:01:39.000,Driver Complaint - Non Passenger,Unsafe Driving,non_passenger,False,MANHATTAN,114,Greenwich Village South,Manhattan,mapped
69647449,2026-07-08T10:49:19.000,Driver Complaint - Non Passenger,Unsafe Driving,non_passenger,False,MANHATTAN,48,Clinton East,Manhattan,mapped
69647450,2026-07-08T10:46:27.000,Driver Complaint - Non Passenger,Unsafe Driving,non_passenger,False,MANHATTAN,48,Clinton East,Manhattan,mapped
69647451,2026-07-08T10:31:32.000,Driver Complaint - Non Passenger,Unsafe Driving,non_passenger,False,MANHATTAN,45,Chinatown,Manhattan,mapped
69647452,2026-07-08T10:18:37.000,Driver Complaint - Non Passenger,Unsafe Driving,non_passenger,False,MANHATTAN,230,Times Sq/Theatre District,Manhattan,mapped
69647453,2026-07-08T10:16:33.000,Driver Complaint - Non Passenger,Unsafe Driving,non_passenger,False,MANHATTAN,163,Midtown North,Manhattan,mapped
69647454,2026-07-08T10:00:47.000,Driver Complaint - Non Passenger,Unsafe Driving,non_passenger,False,MANHATTAN,158,Meatpacking/West Village West,Manhattan,mapped
69647455,2026-07-08T05:23:09.000,Driver Complaint - Non Passenger,Unsafe Driving,non_passenger,False,STATEN ISLAND,115,Grymes Hill/Clifton,Staten Island,mapped
69648788,2026-07-08T08:13:18.000,Driver Complaint - Non Passenger,Unsafe Driving,non_passenger,False,BROOKLYN,181,Park Slope,Brooklyn,mapped
69648789,2026-07-08T18:05:03.000,Driver Complaint - Non Passenger,Unsafe Driving,non_passenger,False,BROOKLYN,14,Bay Ridge,Brooklyn,mapped
69648790,2026-07-08T17:52:19.000,Driver Complaint - Non Passenger,Unsafe Driving,non_passenger,False,MANHATTAN,148,Lower East Side,Manhattan,mapped
69648937,2026-07-08T16:34:22.000,Driver Complaint - Non Passenger,Unauthorized Pick-Up Location,non_passenger,False,MANHATTAN,45,Chinatown,Manhattan,mapped
69648964,2026-07-08T23:29:51.000,Driver Complaint - Non Passenger,Unsafe Driving,non_passenger,False,MANHATTAN,79,East Village,Manhattan,mapped
69648965,2026-07-08T17:35:03.000,Driver Complaint - Non Passenger,Unsafe Driving,non_passenger,False,BROOKLYN,49,Clinton Hill,Brooklyn,mapped
69648966,2026-07-08T11:04:34.000,Driver Complaint - Non Passenger,Unsafe Driving,non_passenger,False,MANHATTAN,144,Little Italy/NoLiTa,Manhattan,mapped
69648967,2026-07-08T10:35:24.000,Driver Complaint - Non Passenger,Unsafe Driving,non_passenger,False,MANHATTAN,125,Hudson Sq,Manhattan,mapped
69648968,2026-07-08T10:29:23.000,Driver Complaint - Non Passenger,Unsafe Driving,non_passenger,False,BROOKLYN,65,Downtown Brooklyn/MetroTech,Brooklyn,mapped
69648969,2026-07-08T10:19:35.000,Driver Complaint - Non Passenger,Unsafe Driving,non_passenger,False,MANHATTAN,230,Times Sq/Theatre District,Manhattan,mapped
69648970,2026-07-08T10:04:27.000,Driver Complaint - Non Passenger,Unsafe Driving,non_passenger,False,MANHATTAN,68,East Chelsea,Manhattan,mapped
69648971,2026-07-08T09:56:37.000,Driver Complaint - Non Passenger,Unsafe Driving,non_passenger,False,MANHATTAN,211,SoHo,Manhattan,mapped
69648972,2026-07-08T09:54:45.000,Driver Complaint - Non Passenger,Unsafe Driving,non_passenger,False,MANHATTAN,144,Little Italy/NoLiTa,Manhattan,mapped
69650416,2026-07-08T02:50:11.000,Car Service Company Complaint,Unlicensed/Unauthorized,passenger,False,QUEENS,132,JFK Airport,Queens,mapped
69650417,2026-07-08T08:20:23.000,Driver Complaint - Non Passenger,Unsafe Driving,non_passenger,False,BROOKLYN,97,Fort Greene,Brooklyn,mapped
69650418,2026-07-08T11:18:57.000,Driver Complaint - Passenger,Fare/Tip/Receipt,passenger,False,QUEENS,138,LaGuardia Airport,Queens,mapped
69650419,2026-07-08T23:31:16.000,Driver Complaint - Passenger,Refused Pick-Up,passenger,True,QUEENS,197,Richmond Hill,Queens,mapped
69650588,2026-07-09T00:34:12.000,Driver Complaint - Non Passenger,Unsafe Driving,non_passenger,False,QUEENS,95,Forest Hills,Queens,mapped
69650589,2026-07-08T10:48:24.000,Driver Complaint - Non Passenger,Unsafe Driving,non_passenger,False,MANHATTAN,48,Clinton East,Manhattan,mapped
69650590,2026-07-08T10:10:46.000,Driver Complaint - Non Passenger,Unsafe Driving,non_passenger,False,MANHATTAN,68,East Chelsea,Manhattan,mapped
69650591,2026-07-08T10:08:21.000,Driver Complaint - Non Passenger,Unsafe Driving,non_passenger,False,MANHATTAN,68,East Chelsea,Manhattan,mapped
69650592,2026-07-08T10:05:22.000,Driver Complaint - Non Passenger,Unsafe Driving,non_passenger,False,MANHATTAN,90,Flatiron,Manhattan,mapped
69652022,2026-07-08T17:38:47.000,Driver Complaint - Passenger,Denied Request,passenger,True,QUEENS,19,Bellerose,Queens,mapped
69652023,2026-07-08T14:04:01.000,Driver Complaint - Passenger,Fare/Tip/Receipt,passenger,False,MANHATTAN,230,Times Sq/Theatre District,Manhattan,mapped
69652183,2026-07-08T17:22:53.000,Driver Complaint - Non Passenger,Unsafe Driving,non_passenger,False,BROOKLYN,181,Park Slope,Brooklyn,mapped
69652184,2026-07-08T11:05:28.000,Driver Complaint - Non Passenger,Unsafe Driving,non_passenger,False,MANHATTAN,148,Lower East Side,Manhattan,mapped
69652185,2026-07-08T10:53:10.000,Driver Complaint - Non Passenger,Unsafe Driving,non_passenger,False,MANHATTAN,230,Times Sq/Theatre District,Manhattan,mapped
69652186,2026-07-08T10:51:12.000,Driver Complaint - Non Passenger,Unsafe Driving,non_passenger,False,MANHATTAN,163,Midtown North,Manhattan,mapped
69652187,2026-07-08T10:07:19.000,Driver Complaint - Non Passenger,Unsafe Driving,non_passenger,False,MANHATTAN,186,Penn Station/Madison Sq West,Manhattan,mapped
69652188,2026-07-08T09:59:54.000,Driver Complaint - Non Passenger,Unsafe Driving,non_passenger,False,MANHATTAN,125,Hudson Sq,Manhattan,mapped
69653590,2026-07-08T17:32:47.000,Car Service Company Complaint,Discourteous,passenger,False,BRONX,185,Pelham Parkway,Bronx,mapped
69653591,2026-07-08T08:18:17.000,Driver Complaint - Non Passenger,Unsafe Driving,non_passenger,False,BROOKLYN,97,Fort Greene,Brooklyn,mapped
69653764,2026-07-08T23:26:27.000,Driver Complaint - Non Passenger,Unsafe Driving,non_passenger,False,MANHATTAN,144,Little Italy/NoLiTa,Manhattan,mapped
69653765,2026-07-08T19:22:19.000,Driver Complaint - Non Passenger,Unsafe Driving,non_passenger,False,BROOKLYN,49,Clinton Hill,Brooklyn,mapped
69653766,2026-07-08T11:00:49.000,Driver Complaint - Non Passenger,Unsafe Driving,non_passenger,False,MANHATTAN,234,Union Sq,Manhattan,mapped
69653767,2026-07-08T10:52:09.000,Driver Complaint - Non Passenger,Unsafe Driving,non_passenger,False,MANHATTAN,230,Times Sq/Theatre District,Manhattan,mapped
69653768,2026-07-08T10:27:39.000,Driver Complaint - Non Passenger,Unsafe Driving,non_passenger,False,MANHATTAN,144,Little Italy/NoLiTa,Manhattan,mapped
69653769,2026-07-08T10:20:32.000,Driver Complaint - Non Passenger,Unsafe Driving,non_passenger,False,MANHATTAN,230,Times Sq/Theatre District,Manhattan,mapped
69653770,2026-07-08T10:12:00.000,Driver Complaint - Non Passenger,Unsafe Driving,non_passenger,False,MANHATTAN,68,East Chelsea,Manhattan,mapped
69653771,2026-07-08T09:59:01.000,Driver Complaint - Non Passenger,Unsafe Driving,non_passenger,False,MANHATTAN,125,Hudson Sq,Manhattan,mapped
69655213,2026-07-08T15:01:34.000,Driver Complaint - Passenger,License Not Displayed,passenger,False,BRONX,69,East Concourse/Concourse Village,Bronx,mapped
69655356,2026-07-08T17:40:10.000,Driver Complaint - Non Passenger,Unsafe Driving,non_passenger,False,BROOKLYN,49,Clinton Hill,Brooklyn,mapped
69655357,2026-07-08T23:34:53.000,Driver Complaint - Non Passenger,Unsafe Driving,non_passenger,False,MANHATTAN,79,East Village,Manhattan,mapped
69655358,2026-07-08T16:46:51.000,Driver Complaint - Non Passenger,Unsafe Driving,non_passenger,False,BROOKLYN,181,Park Slope,Brooklyn,mapped
69655359,2026-07-08T10:03:31.000,Driver Complaint - Non Passenger,Unsafe Driving,non_passenger,False,MANHATTAN,249,West Village,Manhattan,mapped
69655360,2026-07-08T09:55:40.000,Driver Complaint - Non Passenger,Unsafe Driving,non_passenger,False,MANHATTAN,144,Little Italy/NoLiTa,Manhattan,mapped
69656653,2026-07-09T23:21:00.000,Driver Complaint - Non Passenger,Unsafe Driving,non_passenger,False,MANHATTAN,68,East Chelsea,Manhattan,mapped
69656777,2026-07-09T09:00:22.000,Driver Complaint - Non Passenger,Unauthorized Pick-Up Location,non_passenger,False,BROOKLYN,22,Bensonhurst West,Brooklyn,mapped
69656797,2026-07-09T18:38:26.000,Driver Complaint - Non Passenger,Unsafe Driving,non_passenger,False,BROOKLYN,195,Red Hook,Brooklyn,mapped
69656798,2026-07-09T09:44:44.000,Driver Complaint - Non Passenger,Unsafe Driving,non_passenger,False,BROOKLYN,52,Cobble Hill,Brooklyn,mapped
69656799,2026-07-09T10:04:33.000,Driver Complaint - Non Passenger,Unsafe Driving,non_passenger,False,BROOKLYN,65,Downtown Brooklyn/MetroTech,Brooklyn,mapped
69656800,2026-07-09T11:28:33.000,Driver Complaint - Non Passenger,Unsafe Driving,non_passenger,False,MANHATTAN,261,World Trade Center,Manhattan,mapped
69657916,2026-07-09T15:09:38.000,Equipment Complaint,Broken/Missing,other,False,BROOKLYN,22,Bensonhurst West,Brooklyn,mapped
69658031,2026-07-09T08:47:50.000,Driver Complaint - Non Passenger,Unsafe Driving,non_passenger,False,MANHATTAN,249,West Village,Manhattan,mapped
69658130,2026-07-09T21:57:28.000,Driver Complaint - Non Passenger,Unauthorized Pick-Up Location,non_passenger,False,MANHATTAN,79,East Village,Manhattan,mapped
69659353,2026-07-09T21:33:16.000,Driver Complaint - Non Passenger,Unsafe Driving,non_passenger,False,QUEENS,223,Steinway,Queens,mapped
69659354,2026-07-09T23:40:11.000,Driver Complaint - Non Passenger,Unsafe Driving,non_passenger,False,MANHATTAN,234,Union Sq,Manhattan,mapped
69659355,2026-07-09T13:36:02.000,Driver Complaint - Passenger,Unsafe Driving,passenger,False,BRONX,259,Woodlawn/Wakefield,Bronx,mapped
69660728,2026-07-09T13:30:42.000,Driver Complaint - Non Passenger,Unsafe Driving,non_passenger,False,QUEENS,226,Sunnyside,Queens,mapped
69660729,2026-07-09T15:19:04.000,Driver Complaint - Non Passenger,Unsafe Driving,non_passenger,False,MANHATTAN,161,Midtown Center,Manhattan,mapped
69660730,2026-07-09T12:46:56.000,Driver Complaint - Non Passenger,Unsafe Driving,non_passenger,False,BROOKLYN,52,Cobble Hill,Brooklyn,mapped
69662048,2026-07-09T10:06:40.000,Driver Complaint - Non Passenger,Unsafe Driving,non_passenger,False,MANHATTAN,125,Hudson Sq,Manhattan,mapped
69662049,2026-07-09T03:15:10.000,Driver Complaint - Passenger,Fare/Tip/Receipt,passenger,False,QUEENS,10,Baisley Park,Queens,mapped
69662189,2026-07-09T10:00:31.000,Driver Complaint - Non Passenger,Unsafe Driving,non_passenger,False,QUEENS,28,Briarwood/Jamaica Hills,Queens,mapped
69662190,2026-07-09T11:03:49.000,Driver Complaint - Non Passenger,Unsafe Driving,non_passenger,False,QUEENS,82,Elmhurst,Queens,mapped
69663480,2026-07-09T22:36:11.000,Car Service Company Complaint,Service Delay/No Show,passenger,True,BROOKLYN,133,Kensington,Brooklyn,mapped
69663481,2026-07-09T20:07:28.000,Driver Complaint - Non Passenger,Unsafe Driving,non_passenger,False,BROOKLYN,181,Park Slope,Brooklyn,mapped
69664812,2026-07-09T19:42:12.000,Driver Complaint - Non Passenger,Unsafe Driving,non_passenger,False,MANHATTAN,4,Alphabet City,Manhattan,mapped
69664925,2026-07-09T10:32:46.000,Driver Complaint - Non Passenger,Unsafe Driving,non_passenger,False,MANHATTAN,148,Lower East Side,Manhattan,mapped
69666295,2026-07-09T10:14:10.000,Driver Complaint - Non Passenger,Unsafe Driving,non_passenger,False,MANHATTAN,87,Financial District North,Manhattan,mapped
69667690,2026-07-10T13:50:40.000,Driver Complaint - Non Passenger,Unsafe Driving,non_passenger,False,BROOKLYN,76,East New York,Brooklyn,mapped
69667691,2026-07-10T05:10:40.000,Driver Complaint - Passenger,Unsafe Driving,passenger,False,BROOKLYN,39,Canarsie,Brooklyn,mapped
69667810,2026-07-10T19:08:34.000,Driver Complaint - Non Passenger,Unauthorized Pick-Up Location,non_passenger,False,MANHATTAN,211,SoHo,Manhattan,mapped
69667837,2026-07-10T18:53:31.000,Driver Complaint - Non Passenger,Unsafe Driving,non_passenger,False,MANHATTAN,107,Gramercy,Manhattan,mapped
69669227,2026-07-10T21:23:59.000,Car Service Company Complaint,Service Delay/No Show,passenger,True,BROOKLYN,133,Kensington,Brooklyn,mapped
69669228,2026-07-10T17:00:55.000,Driver Complaint - Non Passenger,Unsafe Driving,non_passenger,False,MANHATTAN,162,Midtown East,Manhattan,mapped
69669386,2026-07-10T18:47:25.000,Driver Complaint - Non Passenger,Unsafe Driving,non_passenger,False,BROOKLYN,97,Fort Greene,Brooklyn,mapped
69670771,2026-07-10T15:23:37.000,Driver Complaint - Non Passenger,Unsafe Driving,non_passenger,False,BRONX,18,Bedford Park,Bronx,mapped
69670937,2026-07-10T19:09:07.000,Driver Complaint - Non Passenger,Unsafe Driving,non_passenger,False,MANHATTAN,107,Gramercy,Manhattan,mapped
69672487,2026-07-10T19:20:26.000,Driver Complaint - Non Passenger,Unsafe Driving,non_passenger,False,MANHATTAN,107,Gramercy,Manhattan,mapped
69672488,2026-07-10T19:17:55.000,Driver Complaint - Non Passenger,Unsafe Driving,non_passenger,False,MANHATTAN,107,Gramercy,Manhattan,mapped
69672489,2026-07-10T11:51:14.000,Driver Complaint - Non Passenger,Unsafe Driving,non_passenger,False,MANHATTAN,244,Washington Heights South,Manhattan,mapped
69673789,2026-07-10T15:09:37.000,Driver Complaint - Passenger,Service Delay/No Show,passenger,True,BRONX,51,Co-Op City,Bronx,mapped
69673879,2026-07-10T14:03:50.000,Car Service Company Complaint,Fare/Tip/Receipt,passenger,False,BRONX,247,West Concourse,Bronx,mapped
69673880,2026-07-10T09:10:22.000,Car Service Company Complaint,Unlicensed/Unauthorized,passenger,False,QUEENS,138,LaGuardia Airport,Queens,mapped
69674027,2026-07-10T23:12:40.000,Driver Complaint - Non Passenger,Unauthorized Pick-Up Location,non_passenger,False,BROOKLYN,22,Bensonhurst West,Brooklyn,mapped
69675432,2026-07-10T13:07:09.000,Driver Complaint - Non Passenger,Unsafe Driving,non_passenger,False,BROOKLYN,62,Crown Heights South,Brooklyn,mapped
69675433,2026-07-10T20:48:32.000,Driver Complaint - Non Passenger,Unsafe Driving,non_passenger,False,BROOKLYN,62,Crown Heights South,Brooklyn,mapped
69677017,2026-07-10T16:19:26.000,Driver Complaint - Non Passenger,Unsafe Driving,non_passenger,False,MANHATTAN,158,Meatpacking/West Village West,Manhattan,mapped
69677164,2026-07-10T20:02:02.000,Driver Complaint - Non Passenger,Unsafe Driving,non_passenger,False,MANHATTAN,79,East Village,Manhattan,mapped
69677165,2026-07-10T19:32:24.000,Driver Complaint - Non Passenger,Unsafe Driving,non_passenger,False,MANHATTAN,140,Lenox Hill East,Manhattan,mapped
69678544,2026-07-11T00:35:37.000,Driver Complaint - Passenger,Fare/Tip/Receipt,passenger,False,MANHATTAN,79,East Village,Manhattan,mapped
69678545,2026-07-10T23:38:35.000,Driver Complaint - Passenger,License Not Displayed,passenger,False,QUEENS,93,Flushing Meadows-Corona Park,Queens,mapped
69678718,2026-07-10T19:22:35.000,Driver Complaint - Non Passenger,Unsafe Driving,non_passenger,False,MANHATTAN,107,Gramercy,Manhattan,mapped
69678719,2026-07-10T19:14:46.000,Driver Complaint - Non Passenger,Unsafe Driving,non_passenger,False,MANHATTAN,107,Gramercy,Manhattan,mapped
69678720,2026-07-10T10:03:09.000,Driver Complaint - Non Passenger,Unsafe Driving,non_passenger,False,BROOKLYN,25,Boerum Hill,Brooklyn,mapped
69678721,2026-07-10T10:18:46.000,Driver Complaint - Non Passenger,Unsafe Driving,non_passenger,False,MANHATTAN,148,Lower East Side,Manhattan,mapped
69678722,2026-07-10T08:41:19.000,Driver Complaint - Non Passenger,Unsafe Driving,non_passenger,False,MANHATTAN,230,Times Sq/Theatre District,Manhattan,mapped
69679625,2026-07-11T17:46:34.000,Car Service Company Complaint,Fare/Tip/Receipt,passenger,False,QUEENS,132,JFK Airport,Queens,mapped
69679626,2026-07-11T11:42:34.000,Driver Complaint - Non Passenger,Unsafe Driving,non_passenger,False,MANHATTAN,234,Union Sq,Manhattan,mapped
69679627,2026-07-11T03:30:22.000,Driver Complaint - Non Passenger,Unsafe Driving,non_passenger,False,MANHATTAN,148,Lower East Side,Manhattan,mapped
69679727,2026-07-11T19:08:36.000,Driver Complaint - Non Passenger,Unsafe Driving,non_passenger,False,MANHATTAN,79,East Village,Manhattan,mapped
69680474,2026-07-11T02:27:13.000,Driver Complaint - Non Passenger,Unsafe Driving,non_passenger,False,MANHATTAN,48,Clinton East,Manhattan,mapped
69680475,2026-07-11T16:10:37.000,Driver Complaint - Passenger,Refused Pick-Up,passenger,True,BROOKLYN,106,Gowanus,Brooklyn,mapped
69680600,2026-07-11T09:20:23.000,Driver Complaint - Non Passenger,Unsafe Driving,non_passenger,False,MANHATTAN,43,Central Park,Manhattan,mapped
69681415,2026-07-11T07:47:55.000,Driver Complaint - Non Passenger,Unsafe Driving,non_passenger,False,QUEENS,138,LaGuardia Airport,Queens,mapped
69681536,2026-07-11T11:23:56.000,Driver Complaint - Non Passenger,Unsafe Driving,non_passenger,False,MANHATTAN,79,East Village,Manhattan,mapped
69681537,2026-07-11T18:31:54.000,Driver Complaint - Non Passenger,Unsafe Driving,non_passenger,False,QUEENS,145,Long Island City/Hunters Point,Queens,mapped
69682451,2026-07-11T19:03:06.000,Driver Complaint - Non Passenger,Unsafe Driving,non_passenger,False,MANHATTAN,79,East Village,Manhattan,mapped
69682452,2026-07-11T10:09:14.000,Driver Complaint - Non Passenger,Unsafe Driving,non_passenger,False,QUEENS,179,Old Astoria,Queens,mapped
69682453,2026-07-11T18:05:24.000,Driver Complaint - Non Passenger,Unsafe Driving,non_passenger,False,MANHATTAN,113,Greenwich Village North,Manhattan,mapped
69682454,2026-07-11T11:42:32.000,Driver Complaint - Non Passenger,Unsafe Driving,non_passenger,False,MANHATTAN,125,Hudson Sq,Manhattan,mapped
69683166,2026-07-11T12:32:57.000,Driver Complaint - Non Passenger,Unsafe Driving,non_passenger,False,MANHATTAN,100,Garment District,Manhattan,mapped
69683167,2026-07-11T14:54:02.000,Driver Complaint - Non Passenger,Unsafe Driving,non_passenger,False,MANHATTAN,261,World Trade Center,Manhattan,mapped
69683168,2026-07-11T12:30:59.000,Driver Complaint - Non Passenger,Unsafe Driving,non_passenger,False,MANHATTAN,158,Meatpacking/West Village West,Manhattan,mapped
69683267,2026-07-11T14:51:42.000,Driver Report - Non Passenger,Cell Phone Use,non_passenger,False,BRONX,18,Bedford Park,Bronx,mapped
69683289,2026-07-11T16:40:32.000,Driver Complaint - Non Passenger,Unsafe Driving,non_passenger,False,MANHATTAN,237,Upper East Side South,Manhattan,mapped
69683290,2026-07-11T18:01:00.000,Driver Complaint - Non Passenger,Unsafe Driving,non_passenger,False,MANHATTAN,113,Greenwich Village North,Manhattan,mapped
69684188,2026-07-11T17:57:29.000,Driver Complaint - Non Passenger,Unsafe Driving,non_passenger,False,MANHATTAN,4,Alphabet City,Manhattan,mapped
69684189,2026-07-11T11:09:17.000,Driver Complaint - Non Passenger,Unsafe Driving,non_passenger,False,MANHATTAN,50,Clinton West,Manhattan,mapped
69684952,2026-07-11T08:50:10.000,Driver Complaint - Non Passenger,Unsafe Driving,non_passenger,False,MANHATTAN,249,West Village,Manhattan,mapped
69685931,2026-07-11T14:37:49.000,Driver Complaint - Non Passenger,Unsafe Driving,non_passenger,False,MANHATTAN,87,Financial District North,Manhattan,mapped
69685932,2026-07-11T17:45:23.000,Driver Complaint - Non Passenger,Unsafe Driving,non_passenger,False,QUEENS,28,Briarwood/Jamaica Hills,Queens,mapped
69685933,2026-07-11T17:41:13.000,Driver Complaint - Non Passenger,Unsafe Driving,non_passenger,False,QUEENS,28,Briarwood/Jamaica Hills,Queens,mapped
69687270,2026-07-12T17:58:44.000,Driver Complaint - Passenger,Discourteous,passenger,False,BROOKLYN,123,Homecrest,Brooklyn,mapped
69687452,2026-07-12T21:45:47.000,Driver Complaint - Non Passenger,Unsafe Driving,non_passenger,False,MANHATTAN,79,East Village,Manhattan,mapped
69687453,2026-07-12T23:13:32.000,Driver Complaint - Non Passenger,Unsafe Driving,non_passenger,False,MANHATTAN,107,Gramercy,Manhattan,mapped
69687454,2026-07-12T23:01:57.000,Driver Complaint - Non Passenger,Unsafe Driving,non_passenger,False,MANHATTAN,162,Midtown East,Manhattan,mapped
69687455,2026-07-12T21:59:24.000,Driver Complaint - Non Passenger,Unsafe Driving,non_passenger,False,BROOKLYN,65,Downtown Brooklyn/MetroTech,Brooklyn,mapped
69687456,2026-07-12T22:15:31.000,Driver Complaint - Non Passenger,Unsafe Driving,non_passenger,False,BROOKLYN,65,Downtown Brooklyn/MetroTech,Brooklyn,mapped
69688830,2026-07-13T00:38:18.000,Driver Complaint - Passenger,Cell Phone Use,passenger,False,MANHATTAN,148,Lower East Side,Manhattan,mapped
69688891,2026-07-12T13:23:38.000,Driver Complaint - Non Passenger,Unsafe Driving,non_passenger,False,BRONX,247,West Concourse,Bronx,mapped
69688892,2026-07-12T17:39:24.000,Driver Complaint - Passenger,Discourteous,passenger,False,BROOKLYN,63,Cypress Hills,Brooklyn,mapped
69689073,2026-07-12T23:05:37.000,Driver Complaint - Non Passenger,Unsafe Driving,non_passenger,False,MANHATTAN,79,East Village,Manhattan,mapped
69689074,2026-07-12T23:02:57.000,Driver Complaint - Non Passenger,Unsafe Driving,non_passenger,False,MANHATTAN,162,Midtown East,Manhattan,mapped
69690705,2026-07-12T23:11:06.000,Driver Complaint - Non Passenger,Unsafe Driving,non_passenger,False,MANHATTAN,107,Gramercy,Manhattan,mapped
69690706,2026-07-12T21:55:30.000,Driver Complaint - Non Passenger,Unsafe Driving,non_passenger,False,BROOKLYN,65,Downtown Brooklyn/MetroTech,Brooklyn,mapped
69690707,2026-07-12T22:58:53.000,Driver Complaint - Non Passenger,Unsafe Driving,non_passenger,False,MANHATTAN,162,Midtown East,Manhattan,mapped
69690708,2026-07-12T22:56:11.000,Driver Complaint - Non Passenger,Unsafe Driving,non_passenger,False,MANHATTAN,162,Midtown East,Manhattan,mapped
69692157,2026-07-12T21:10:19.000,Car Service Company Complaint,Fare/Tip/Receipt,passenger,False,BROOKLYN,195,Red Hook,Brooklyn,mapped
69692339,2026-07-12T15:54:01.000,Driver Complaint - Non Passenger,Unsafe Driving,non_passenger,False,MANHATTAN,166,Morningside Heights,Manhattan,mapped
69692340,2026-07-12T23:10:08.000,Driver Complaint - Non Passenger,Unsafe Driving,non_passenger,False,MANHATTAN,107,Gramercy,Manhattan,mapped
69692341,2026-07-12T23:07:37.000,Driver Complaint - Non Passenger,Unsafe Driving,non_passenger,False,MANHATTAN,107,Gramercy,Manhattan,mapped
69692342,2026-07-12T18:10:24.000,Driver Complaint - Non Passenger,Unsafe Driving,non_passenger,False,MANHATTAN,148,Lower East Side,Manhattan,mapped
69693758,2026-07-12T20:15:22.000,Driver Complaint - Passenger,Unsafe Driving,passenger,False,QUEENS,,,,no_coordinates
69694010,2026-07-12T19:34:08.000,Driver Complaint - Non Passenger,Unsafe Driving,non_passenger,False,BROOKLYN,97,Fort Greene,Brooklyn,mapped
69694011,2026-07-12T23:12:02.000,Driver Complaint - Non Passenger,Unsafe Driving,non_passenger,False,MANHATTAN,107,Gramercy,Manhattan,mapped
69694012,2026-07-12T21:57:24.000,Driver Complaint - Non Passenger,Unsafe Driving,non_passenger,False,BROOKLYN,65,Downtown Brooklyn/MetroTech,Brooklyn,mapped
69694013,2026-07-12T11:07:18.000,Driver Complaint - Non Passenger,Unsafe Driving,non_passenger,False,MANHATTAN,50,Clinton West,Manhattan,mapped
69694014,2026-07-12T22:59:53.000,Driver Complaint - Non Passenger,Unsafe Driving,non_passenger,False,MANHATTAN,162,Midtown East,Manhattan,mapped
69695614,2026-07-12T22:11:04.000,Driver Complaint - Non Passenger,Unsafe Driving,non_passenger,False,BROOKLYN,65,Downtown Brooklyn/MetroTech,Brooklyn,mapped
69695615,2026-07-12T22:08:12.000,Driver Complaint - Non Passenger,Unsafe Driving,non_passenger,False,BROOKLYN,65,Downtown Brooklyn/MetroTech,Brooklyn,mapped
69695616,2026-07-12T22:57:56.000,Driver Complaint - Non Passenger,Unsafe Driving,non_passenger,False,MANHATTAN,162,Midtown East,Manhattan,mapped
69696974,2026-07-12T17:15:46.000,Driver Complaint - Passenger,Cell Phone Use,passenger,False,MANHATTAN,42,Central Harlem North,Manhattan,mapped
69697035,2026-07-12T11:18:56.000,Driver Complaint - Passenger,Fare/Tip/Receipt,passenger,False,MANHATTAN,246,West Chelsea/Hudson Yards,Manhattan,mapped
69697036,2026-07-11T23:05:03.000,Driver Complaint - Passenger,Fare/Tip/Receipt,passenger,False,QUEENS,132,JFK Airport,Queens,mapped
69697230,2026-07-12T22:13:18.000,Driver Complaint - Non Passenger,Unsafe Driving,non_passenger,False,BROOKLYN,65,Downtown Brooklyn/MetroTech,Brooklyn,mapped
69697231,2026-07-12T19:29:10.000,Driver Complaint - Non Passenger,Unsafe Driving,non_passenger,False,BROOKLYN,97,Fort Greene,Brooklyn,mapped
69698724,2026-07-12T15:54:40.000,Driver Complaint - Non Passenger,Unsafe Driving,non_passenger,False,MANHATTAN,163,Midtown North,Manhattan,mapped
69698897,2026-07-12T23:03:55.000,Driver Complaint - Non Passenger,Unsafe Driving,non_passenger,False,MANHATTAN,232,Two Bridges/Seward Park,Manhattan,mapped
69698898,2026-07-12T22:53:03.000,Driver Complaint - Non Passenger,Unsafe Driving,non_passenger,False,QUEENS,196,Rego Park,Queens,mapped
69698899,2026-07-12T21:04:17.000,Driver Complaint - Non Passenger,Unsafe Driving,non_passenger,False,MANHATTAN,140,Lenox Hill East,Manhattan,mapped
69700094,2026-07-13T20:19:01.000,Car Service Company Complaint,Discourteous,passenger,False,BROOKLYN,108,Gravesend,Brooklyn,mapped
69700095,2026-07-13T20:26:06.000,Driver Complaint - Non Passenger,Unsafe Driving,non_passenger,False,MANHATTAN,261,World Trade Center,Manhattan,mapped
69700096,2026-07-13T14:03:13.000,Driver Complaint - Passenger,Unsafe Driving,passenger,False,BROOKLYN,255,Williamsburg (North Side),Brooklyn,mapped
69700224,2026-07-13T17:52:16.000,Driver Complaint - Non Passenger,Unauthorized Pick-Up Location,non_passenger,False,BRONX,250,Westchester Village/Unionport,Bronx,mapped
69700262,2026-07-13T12:03:15.000,Driver Complaint - Non Passenger,Unsafe Driving,non_passenger,False,BRONX,60,Crotona Park East,Bronx,mapped
69701573,2026-07-13T10:12:17.000,Driver Complaint - Non Passenger,Unsafe Driving,non_passenger,False,MANHATTAN,163,Midtown North,Manhattan,mapped
69701744,2026-07-13T09:21:57.000,Driver Complaint - Non Passenger,Unsafe Driving,non_passenger,False,BRONX,18,Bedford Park,Bronx,mapped
69701745,2026-07-13T09:10:06.000,Driver Complaint - Non Passenger,Unsafe Driving,non_passenger,False,BRONX,18,Bedford Park,Bronx,mapped
69703010,2026-07-13T15:11:02.000,Car Service Company Complaint,Discourteous,passenger,False,STATEN ISLAND,245,West Brighton,Staten Island,mapped
69703011,2026-07-13T16:14:04.000,Car Service Company Complaint,Discourteous,passenger,False,BRONX,200,Riverdale/North Riverdale/Fieldston,Bronx,mapped
69703012,2026-07-13T17:30:35.000,Driver Complaint - Non Passenger,Unsafe Driving,non_passenger,False,MANHATTAN,158,Meatpacking/West Village West,Manhattan,mapped
69703013,2026-07-13T22:07:21.000,Driver Complaint - Non Passenger,Unsafe Driving,non_passenger,False,MANHATTAN,163,Midtown North,Manhattan,mapped
69703014,2026-07-13T08:45:52.000,Driver Complaint - Non Passenger,Unsafe Driving,non_passenger,False,MANHATTAN,249,West Village,Manhattan,mapped
69703015,2026-07-13T08:26:35.000,Driver Complaint - Non Passenger,Unsafe Driving,non_passenger,False,MANHATTAN,249,West Village,Manhattan,mapped
69703016,2026-07-13T14:33:26.000,Driver Complaint - Passenger,Fare/Tip/Receipt,passenger,False,QUEENS,138,LaGuardia Airport,Queens,mapped
69703017,2026-07-13T09:36:53.000,Driver Complaint - Passenger,Unsafe Driving,passenger,False,BROOKLYN,89,Flatbush/Ditmas Park,Brooklyn,mapped
69703198,2026-07-13T11:13:32.000,Driver Complaint - Non Passenger,Unsafe Driving,non_passenger,False,MANHATTAN,4,Alphabet City,Manhattan,mapped
69703199,2026-07-13T09:16:47.000,Driver Complaint - Non Passenger,Unsafe Driving,non_passenger,False,QUEENS,82,Elmhurst,Queens,mapped
69704528,2026-07-13T14:56:26.000,Driver Complaint - Passenger,Unsafe Driving,passenger,False,BRONX,212,Soundview/Bruckner,Bronx,mapped
69704679,2026-07-13T15:01:21.000,Driver Complaint - Non Passenger,Unauthorized Pick-Up Location,non_passenger,False,MANHATTAN,162,Midtown East,Manhattan,mapped
69704710,2026-07-13T17:41:09.000,Driver Complaint - Non Passenger,Unsafe Driving,non_passenger,False,BROOKLYN,25,Boerum Hill,Brooklyn,mapped
69706028,2026-07-13T23:41:30.000,Driver Complaint - Non Passenger,Unsafe Driving,non_passenger,False,BROOKLYN,22,Bensonhurst West,Brooklyn,mapped
69706029,2026-07-13T08:24:18.000,Driver Complaint - Non Passenger,Unsafe Driving,non_passenger,False,MANHATTAN,249,West Village,Manhattan,mapped
69706030,2026-07-13T19:05:48.000,Driver Complaint - Non Passenger,Unsafe Driving,non_passenger,False,MANHATTAN,249,West Village,Manhattan,mapped
69706031,2026-07-13T20:04:04.000,Driver Complaint - Passenger,Denied Request,passenger,True,BROOKLYN,63,Cypress Hills,Brooklyn,mapped
69706170,2026-07-13T19:09:57.000,Driver Complaint - Non Passenger,Unsafe Driving,non_passenger,False,QUEENS,252,Whitestone,Queens,mapped
69707546,2026-07-13T21:26:03.000,Driver Complaint - Non Passenger,Unsafe Driving,non_passenger,False,MANHATTAN,141,Lenox Hill West,Manhattan,mapped
69707739,2026-07-13T08:51:19.000,Driver Complaint - Non Passenger,Unsafe Driving,non_passenger,False,MANHATTAN,107,Gramercy,Manhattan,mapped
69709053,2026-07-13T08:49:53.000,Driver Complaint - Non Passenger,Unsafe Driving,non_passenger,False,MANHATTAN,249,West Village,Manhattan,mapped
69709054,2026-07-13T13:10:42.000,Driver Complaint - Passenger,Fare/Tip/Receipt,passenger,False,MANHATTAN,148,Lower East Side,Manhattan,mapped
69709233,2026-07-13T07:53:10.000,Driver Complaint - Non Passenger,Unsafe Driving,non_passenger,False,QUEENS,70,East Elmhurst,Queens,mapped
69710548,2026-07-13T17:09:48.000,Driver Complaint - Non Passenger,Unsafe Driving,non_passenger,False,QUEENS,92,Flushing,Queens,mapped
69710549,2026-07-13T18:50:36.000,Driver Complaint - Non Passenger,Unsafe Driving,non_passenger,False,MANHATTAN,148,Lower East Side,Manhattan,mapped
69710550,2026-07-13T14:59:43.000,Driver Complaint - Passenger,Fare/Tip/Receipt,passenger,False,MANHATTAN,186,Penn Station/Madison Sq West,Manhattan,mapped
69710737,2026-07-14T01:07:04.000,Driver Complaint - Non Passenger,Unsafe Driving,non_passenger,False,BROOKLYN,80,East Williamsburg,Brooklyn,mapped
69712259,2026-07-14T22:21:23.000,Car Service Company Complaint,Fare/Tip/Receipt,passenger,False,MANHATTAN,87,Financial District North,Manhattan,mapped
69712399,2026-07-14T15:29:16.000,Driver Complaint - Non Passenger,Unsafe Driving,non_passenger,False,BROOKLYN,66,DUMBO/Vinegar Hill,Brooklyn,mapped
69712400,2026-07-14T15:51:28.000,Driver Complaint - Non Passenger,Unsafe Driving,non_passenger,False,BROOKLYN,37,Bushwick South,Brooklyn,mapped
69712401,2026-07-14T18:16:58.000,Driver Complaint - Non Passenger,Unsafe Driving,non_passenger,False,MANHATTAN,230,Times Sq/Theatre District,Manhattan,mapped
69713829,2026-07-15T01:18:06.000,Car Service Company Complaint,Fare/Tip/Receipt,passenger,False,MANHATTAN,232,Two Bridges/Seward Park,Manhattan,mapped
69713830,2026-07-14T09:00:49.000,Driver Complaint - Non Passenger,Unsafe Driving,non_passenger,False,MANHATTAN,249,West Village,Manhattan,mapped
69713831,2026-07-14T18:57:04.000,Driver Complaint - Non Passenger,Unsafe Driving,non_passenger,False,BROOKLYN,66,DUMBO/Vinegar Hill,Brooklyn,mapped
69713832,2026-07-14T21:36:28.000,Driver Complaint - Non Passenger,Unsafe Driving,non_passenger,False,QUEENS,219,Springfield Gardens South,Queens,mapped
69713833,2026-07-14T15:02:27.000,Driver Complaint - Passenger,Refused Pick-Up,passenger,True,MANHATTAN,229,Sutton Place/Turtle Bay North,Manhattan,mapped
69713962,2026-07-14T19:24:08.000,Driver Complaint - Non Passenger,Unsafe Driving,non_passenger,False,MANHATTAN,163,Midtown North,Manhattan,mapped
69713963,2026-07-14T17:51:06.000,Driver Complaint - Non Passenger,Unsafe Driving,non_passenger,False,MANHATTAN,142,Lincoln Square East,Manhattan,mapped
69713964,2026-07-14T05:15:54.000,Driver Complaint - Non Passenger,Unsafe Driving,non_passenger,False,MANHATTAN,233,UN/Turtle Bay South,Manhattan,mapped
69715397,2026-07-14T13:34:16.000,Car Service Company Complaint,Service Delay/No Show,passenger,True,BROOKLYN,227,Sunset Park East,Brooklyn,mapped
69715398,2026-07-14T09:15:08.000,Driver Complaint - Non Passenger,Unsafe Driving,non_passenger,False,BROOKLYN,22,Bensonhurst West,Brooklyn,mapped
69715552,2026-07-14T15:44:30.000,Driver Complaint - Non Passenger,Unsafe Driving,non_passenger,False,BROOKLYN,188,Prospect-Lefferts Gardens,Brooklyn,mapped
69715553,2026-07-14T05:18:57.000,Driver Complaint - Non Passenger,Unsafe Driving,non_passenger,False,MANHATTAN,224,Stuy Town/Peter Cooper Village,Manhattan,mapped
69717088,2026-07-14T02:47:29.000,Car Service Company Complaint,Fare/Tip/Receipt,passenger,False,QUEENS,132,JFK Airport,Queens,mapped
69717089,2026-07-14T12:01:58.000,Driver Complaint - Non Passenger,Unsafe Driving,non_passenger,False,BROOKLYN,80,East Williamsburg,Brooklyn,mapped
69717217,2026-07-14T12:38:35.000,Driver Complaint - Non Passenger,Unsafe Driving,non_passenger,False,MANHATTAN,231,TriBeCa/Civic Center,Manhattan,mapped
69718661,2026-07-14T23:46:25.000,Driver Complaint - Non Passenger,Unsafe Driving,non_passenger,False,STATEN ISLAND,115,Grymes Hill/Clifton,Staten Island,mapped
69718773,2026-07-14T13:06:31.000,Driver Complaint - Non Passenger,Unauthorized Pick-Up Location,non_passenger,False,BROOKLYN,97,Fort Greene,Brooklyn,mapped
69718795,2026-07-14T12:45:22.000,Driver Complaint - Non Passenger,Unsafe Driving,non_passenger,False,QUEENS,145,Long Island City/Hunters Point,Queens,mapped
69718796,2026-07-14T10:22:25.000,Driver Complaint - Non Passenger,Unsafe Driving,non_passenger,False,BROOKLYN,77,East New York/Pennsylvania Avenue,Brooklyn,mapped
69720303,2026-07-14T18:45:31.000,Driver Complaint - Non Passenger,Unsafe Driving,non_passenger,False,BROOKLYN,108,Gravesend,Brooklyn,mapped
69720304,2026-07-14T10:41:18.000,Driver Complaint - Passenger,Discourteous,passenger,False,BROOKLYN,177,Ocean Hill,Brooklyn,mapped
69720305,2026-07-14T03:29:37.000,Driver Complaint - Passenger,Fare/Tip/Receipt,passenger,False,QUEENS,132,JFK Airport,Queens,mapped
69720443,2026-07-14T15:47:09.000,Driver Complaint - Non Passenger,Unsafe Driving,non_passenger,False,BROOKLYN,36,Bushwick North,Brooklyn,mapped
69720444,2026-07-14T15:39:28.000,Driver Complaint - Non Passenger,Unsafe Driving,non_passenger,False,BROOKLYN,49,Clinton Hill,Brooklyn,mapped
69720445,2026-07-14T17:05:25.000,Driver Complaint - Non Passenger,Unsafe Driving,non_passenger,False,MANHATTAN,79,East Village,Manhattan,mapped
69720446,2026-07-14T22:52:28.000,Driver Complaint - Non Passenger,Unsafe Driving,non_passenger,False,MANHATTAN,234,Union Sq,Manhattan,mapped
69721900,2026-07-14T15:46:26.000,Driver Complaint - Non Passenger,Unsafe Driving,non_passenger,False,MANHATTAN,237,Upper East Side South,Manhattan,mapped
69723654,2026-07-14T20:39:27.000,Driver Complaint - Non Passenger,Unsafe Driving,non_passenger,False,MANHATTAN,68,East Chelsea,Manhattan,mapped
69725023,2026-07-15T15:39:19.000,Driver Complaint - Non Passenger,Unauthorized Pick-Up Location,non_passenger,False,BRONX,242,Van Nest/Morris Park,Bronx,mapped
69725043,2026-07-15T08:09:05.000,Driver Complaint - Non Passenger,Unsafe Driving,non_passenger,False,QUEENS,146,Long Island City/Queens Plaza,Queens,mapped
69725044,2026-07-15T10:18:40.000,Driver Complaint - Non Passenger,Unsafe Driving,non_passenger,False,BROOKLYN,65,Downtown Brooklyn/MetroTech,Brooklyn,mapped
69725045,2026-07-15T09:35:06.000,Driver Complaint - Non Passenger,Unsafe Driving,non_passenger,False,QUEENS,198,Ridgewood,Queens,mapped
69725046,2026-07-15T17:44:54.000,Driver Complaint - Non Passenger,Unsafe Driving,non_passenger,False,QUEENS,95,Forest Hills,Queens,mapped
69725047,2026-07-15T13:41:13.000,Driver Complaint - Non Passenger,Unsafe Driving,non_passenger,False,MANHATTAN,90,Flatiron,Manhattan,mapped
69725048,2026-07-15T13:35:41.000,Driver Complaint - Non Passenger,Unsafe Driving,non_passenger,False,MANHATTAN,125,Hudson Sq,Manhattan,mapped
69726473,2026-07-15T18:26:45.000,Driver Complaint - Non Passenger,Unsafe Driving,non_passenger,False,MANHATTAN,114,Greenwich Village South,Manhattan,mapped
69726474,2026-07-15T09:09:33.000,Driver Complaint - Non Passenger,Unsafe Driving,non_passenger,False,BROOKLYN,65,Downtown Brooklyn/MetroTech,Brooklyn,mapped
69726475,2026-07-15T13:59:59.000,Driver Complaint - Non Passenger,Unsafe Driving,non_passenger,False,MANHATTAN,230,Times Sq/Theatre District,Manhattan,mapped
69727819,2026-07-15T06:18:04.000,Car Service Company Complaint,Fare/Tip/Receipt,passenger,False,QUEENS,205,Saint Albans,Queens,mapped
69727820,2026-07-16T00:34:42.000,Car Service Company Complaint,Unlicensed/Unauthorized,passenger,False,QUEENS,138,LaGuardia Airport,Queens,mapped
69727821,2026-07-15T22:08:50.000,Driver Complaint - Passenger,Fare/Tip/Receipt,passenger,False,QUEENS,132,JFK Airport,Queens,mapped
69727965,2026-07-11T22:08:53.000,Driver Complaint - Non Passenger,Unsafe Driving,non_passenger,False,MANHATTAN,48,Clinton East,Manhattan,mapped
69727966,2026-07-15T18:23:30.000,Driver Complaint - Non Passenger,Unsafe Driving,non_passenger,False,MANHATTAN,144,Little Italy/NoLiTa,Manhattan,mapped
69727967,2026-07-15T12:08:25.000,Driver Complaint - Non Passenger,Unsafe Driving,non_passenger,False,MANHATTAN,164,Midtown South,Manhattan,mapped
69727968,2026-07-15T14:06:45.000,Driver Complaint - Non Passenger,Unsafe Driving,non_passenger,False,MANHATTAN,45,Chinatown,Manhattan,mapped
69727969,2026-07-15T14:00:58.000,Driver Complaint - Non Passenger,Unsafe Driving,non_passenger,False,MANHATTAN,186,Penn Station/Madison Sq West,Manhattan,mapped
69727970,2026-07-15T13:54:22.000,Driver Complaint - Non Passenger,Unsafe Driving,non_passenger,False,MANHATTAN,48,Clinton East,Manhattan,mapped
69727971,2026-07-15T13:40:23.000,Driver Complaint - Non Passenger,Unsafe Driving,non_passenger,False,MANHATTAN,68,East Chelsea,Manhattan,mapped
69727972,2026-07-15T13:38:15.000,Driver Complaint - Non Passenger,Unsafe Driving,non_passenger,False,MANHATTAN,158,Meatpacking/West Village West,Manhattan,mapped
69727973,2026-07-16T00:56:44.000,Driver Complaint - Non Passenger,Unsafe Driving,non_passenger,False,MANHATTAN,48,Clinton East,Manhattan,mapped
69729246,2026-07-15T12:09:26.000,Car Service Company Complaint,Discourteous,passenger,False,MANHATTAN,74,East Harlem North,Manhattan,mapped
69729247,2026-07-15T19:28:37.000,Driver Complaint - Non Passenger,Unsafe Driving,non_passenger,False,MANHATTAN,211,SoHo,Manhattan,mapped
69729248,2026-07-15T09:22:28.000,Driver Complaint - Non Passenger,Unsafe Driving,non_passenger,False,MANHATTAN,236,Upper East Side North,Manhattan,mapped
69729249,2026-07-15T15:01:35.000,Driver Complaint - Non Passenger,Unsafe Driving,non_passenger,False,MANHATTAN,113,Greenwich Village North,Manhattan,mapped
69729250,2026-07-15T13:12:48.000,Driver Complaint - Non Passenger,Unsafe Driving,non_passenger,False,MANHATTAN,148,Lower East Side,Manhattan,mapped
69729251,2026-07-15T12:05:30.000,Driver Complaint - Passenger,Fare/Tip/Receipt,passenger,False,QUEENS,130,Jamaica,Queens,mapped
69729381,2026-07-15T18:28:17.000,Driver Complaint - Non Passenger,Unsafe Driving,non_passenger,False,MANHATTAN,144,Little Italy/NoLiTa,Manhattan,mapped
69729382,2026-07-15T10:16:09.000,Driver Complaint - Non Passenger,Unsafe Driving,non_passenger,False,BROOKLYN,65,Downtown Brooklyn/MetroTech,Brooklyn,mapped
69729383,2026-07-15T09:38:41.000,Driver Complaint - Non Passenger,Unsafe Driving,non_passenger,False,MANHATTAN,158,Meatpacking/West Village West,Manhattan,mapped
69729384,2026-07-15T09:32:21.000,Driver Complaint - Non Passenger,Unsafe Driving,non_passenger,False,BROOKLYN,17,Bedford,Brooklyn,mapped
69729385,2026-07-15T19:11:56.000,Driver Complaint - Non Passenger,Unsafe Driving,non_passenger,False,MANHATTAN,233,UN/Turtle Bay South,Manhattan,mapped
69729386,2026-07-15T13:49:57.000,Driver Complaint - Non Passenger,Unsafe Driving,non_passenger,False,MANHATTAN,68,East Chelsea,Manhattan,mapped
69729387,2026-07-15T13:44:53.000,Driver Complaint - Non Passenger,Unsafe Driving,non_passenger,False,MANHATTAN,68,East Chelsea,Manhattan,mapped
69730669,2026-07-11T21:56:31.000,Car Service Company Complaint,Fare/Tip/Receipt,passenger,False,QUEENS,138,LaGuardia Airport,Queens,mapped
69730795,2026-07-15T12:03:06.000,Driver Complaint - Non Passenger,Unsafe Driving,non_passenger,False,MANHATTAN,100,Garment District,Manhattan,mapped
69730796,2026-07-15T18:41:24.000,Driver Complaint - Non Passenger,Unsafe Driving,non_passenger,False,MANHATTAN,79,East Village,Manhattan,mapped
69730797,2026-07-15T14:01:56.000,Driver Complaint - Non Passenger,Unsafe Driving,non_passenger,False,MANHATTAN,186,Penn Station/Madison Sq West,Manhattan,mapped
69730798,2026-07-15T13:58:03.000,Driver Complaint - Non Passenger,Unsafe Driving,non_passenger,False,MANHATTAN,163,Midtown North,Manhattan,mapped
69730799,2026-07-15T13:57:10.000,Driver Complaint - Non Passenger,Unsafe Driving,non_passenger,False,MANHATTAN,163,Midtown North,Manhattan,mapped
69730800,2026-07-15T13:55:29.000,Driver Complaint - Non Passenger,Unsafe Driving,non_passenger,False,MANHATTAN,48,Clinton East,Manhattan,mapped
69732251,2026-07-15T09:15:21.000,Driver Complaint - Non Passenger,Unsafe Driving,non_passenger,False,MANHATTAN,232,Two Bridges/Seward Park,Manhattan,mapped
69732252,2026-07-15T09:27:23.000,Driver Complaint - Non Passenger,Unsafe Driving,non_passenger,False,MANHATTAN,79,East Village,Manhattan,mapped
69732253,2026-07-15T14:04:47.000,Driver Complaint - Non Passenger,Unsafe Driving,non_passenger,False,MANHATTAN,144,Little Italy/NoLiTa,Manhattan,mapped
69732254,2026-07-15T14:03:54.000,Driver Complaint - Non Passenger,Unsafe Driving,non_passenger,False,MANHATTAN,114,Greenwich Village South,Manhattan,mapped
69732255,2026-07-15T13:58:56.000,Driver Complaint - Non Passenger,Unsafe Driving,non_passenger,False,MANHATTAN,230,Times Sq/Theatre District,Manhattan,mapped
69732256,2026-07-15T13:52:15.000,Driver Complaint - Non Passenger,Unsafe Driving,non_passenger,False,MANHATTAN,48,Clinton East,Manhattan,mapped
69732257,2026-07-11T20:02:17.000,Driver Complaint - Non Passenger,Unsafe Driving,non_passenger,False,BROOKLYN,112,Greenpoint,Brooklyn,mapped
69733755,2026-07-15T14:02:58.000,Driver Complaint - Non Passenger,Unsafe Driving,non_passenger,False,BROOKLYN,37,Bushwick South,Brooklyn,mapped
69733756,2026-07-15T15:23:44.000,Driver Complaint - Non Passenger,Unsafe Driving,non_passenger,False,BROOKLYN,97,Fort Greene,Brooklyn,mapped
69733757,2026-07-15T09:41:27.000,Driver Complaint - Non Passenger,Unsafe Driving,non_passenger,False,MANHATTAN,42,Central Harlem North,Manhattan,mapped
69733758,2026-07-15T13:46:04.000,Driver Complaint - Non Passenger,Unsafe Driving,non_passenger,False,MANHATTAN,68,East Chelsea,Manhattan,mapped
69733759,2026-07-15T13:37:01.000,Driver Complaint - Non Passenger,Unsafe Driving,non_passenger,False,MANHATTAN,249,West Village,Manhattan,mapped
69735003,2026-07-15T12:34:03.000,Car Service Company Complaint,Unlicensed/Unauthorized,passenger,False,MANHATTAN,45,Chinatown,Manhattan,mapped
69735145,2026-07-15T12:14:09.000,Driver Complaint - Non Passenger,Unsafe Driving,non_passenger,False,MANHATTAN,79,East Village,Manhattan,mapped
69735146,2026-07-15T03:02:09.000,Driver Complaint - Non Passenger,Unsafe Driving,non_passenger,False,MANHATTAN,50,Clinton West,Manhattan,mapped
69735147,2026-07-15T14:05:51.000,Driver Complaint - Non Passenger,Unsafe Driving,non_passenger,False,MANHATTAN,144,Little Italy/NoLiTa,Manhattan,mapped
69735148,2026-07-15T14:02:53.000,Driver Complaint - Non Passenger,Unsafe Driving,non_passenger,False,MANHATTAN,186,Penn Station/Madison Sq West,Manhattan,mapped
69735149,2026-07-15T13:42:11.000,Driver Complaint - Non Passenger,Unsafe Driving,non_passenger,False,MANHATTAN,90,Flatiron,Manhattan,mapped
69736423,2026-07-16T17:49:39.000,Driver Complaint - Non Passenger,Unsafe Driving,non_passenger,False,QUEENS,10,Baisley Park,Queens,mapped
69736424,2026-07-16T20:28:14.000,Driver Complaint - Passenger,Fare/Tip/Receipt,passenger,False,MANHATTAN,230,Times Sq/Theatre District,Manhattan,mapped
69736564,2026-07-16T15:33:35.000,Driver Complaint - Non Passenger,Unsafe Driving,non_passenger,False,MANHATTAN,148,Lower East Side,Manhattan,mapped
69736565,2026-07-16T15:21:23.000,Driver Complaint - Non Passenger,Unsafe Driving,non_passenger,False,BROOKLYN,71,East Flatbush/Farragut,Brooklyn,mapped
69736566,2026-07-16T14:03:52.000,Driver Complaint - Non Passenger,Unsafe Driving,non_passenger,False,MANHATTAN,148,Lower East Side,Manhattan,mapped
69736567,2026-07-16T15:47:01.000,Driver Complaint - Non Passenger,Unsafe Driving,non_passenger,False,QUEENS,132,JFK Airport,Queens,mapped
69736568,2026-07-16T13:25:25.000,Driver Complaint - Non Passenger,Unsafe Driving,non_passenger,False,MANHATTAN,170,Murray Hill,Manhattan,mapped
69737861,2026-07-16T09:52:39.000,Car Service Company Complaint,Fare/Tip/Receipt,passenger,False,QUEENS,132,JFK Airport,Queens,mapped
69737862,2026-07-16T18:43:20.000,Driver Complaint - Non Passenger,Unsafe Driving,non_passenger,False,BROOKLYN,80,East Williamsburg,Brooklyn,mapped
69737863,2026-07-16T15:15:24.000,Driver Complaint - Passenger,Fare/Tip/Receipt,passenger,False,QUEENS,132,JFK Airport,Queens,mapped
69739202,2026-07-16T09:36:52.000,Car Service Company Complaint,Service Delay/No Show,passenger,True,BROOKLYN,97,Fort Greene,Brooklyn,mapped
69739335,2026-07-16T14:03:23.000,Driver Complaint - Non Passenger,Unsafe Driving,non_passenger,False,BRONX,242,Van Nest/Morris Park,Bronx,mapped
69739336,2026-07-16T07:08:21.000,Driver Complaint - Non Passenger,Unsafe Driving,non_passenger,False,MANHATTAN,24,Bloomingdale,Manhattan,mapped
69740614,2026-07-16T10:00:05.000,Driver Complaint - Non Passenger,Unsafe Driving,non_passenger,False,MANHATTAN,114,Greenwich Village South,Manhattan,mapped
69740752,2026-07-16T15:18:19.000,Driver Complaint - Non Passenger,Unsafe Driving,non_passenger,False,BROOKLYN,72,East Flatbush/Remsen Village,Brooklyn,mapped
69740753,2026-07-16T16:16:23.000,Driver Complaint - Non Passenger,Unsafe Driving,non_passenger,False,BROOKLYN,255,Williamsburg (North Side),Brooklyn,mapped
69740754,2026-07-16T14:32:13.000,Driver Complaint - Non Passenger,Unsafe Driving,non_passenger,False,BROOKLYN,97,Fort Greene,Brooklyn,mapped
69741999,2026-07-16T05:24:03.000,Driver Complaint - Passenger,Denied Request,passenger,True,BROOKLYN,97,Fort Greene,Brooklyn,mapped
69742134,2026-07-16T15:13:40.000,Driver Complaint - Non Passenger,Unsafe Driving,non_passenger,False,MANHATTAN,79,East Village,Manhattan,mapped
69743352,2026-07-16T14:26:48.000,Car Service Company Complaint,Fare/Tip/Receipt,passenger,False,BROOKLYN,33,Brooklyn Heights,Brooklyn,mapped
69743353,2026-07-16T18:09:28.000,Driver Complaint - Passenger,Fare/Tip/Receipt,passenger,False,BROOKLYN,89,Flatbush/Ditmas Park,Brooklyn,mapped
69743354,2026-07-16T13:07:23.000,Driver Complaint - Passenger,Unsafe Driving,passenger,False,QUEENS,83,Elmhurst/Maspeth,Queens,mapped
69743481,2026-07-17T00:15:25.000,Driver Complaint - Non Passenger,Unsafe Driving,non_passenger,False,MANHATTAN,170,Murray Hill,Manhattan,mapped
69744715,2026-07-16T11:17:42.000,Car Service Company Complaint,Unlicensed/Unauthorized,passenger,False,BROOKLYN,55,Coney Island,Brooklyn,mapped
69744716,2026-07-16T09:01:26.000,Driver Complaint - Non Passenger,Unsafe Driving,non_passenger,False,BROOKLYN,49,Clinton Hill,Brooklyn,mapped
69744717,2026-07-16T09:17:31.000,Driver Complaint - Non Passenger,Unsafe Driving,non_passenger,False,QUEENS,215,South Jamaica,Queens,mapped
69744718,2026-07-16T11:27:06.000,Driver Complaint - Passenger,Unsafe Driving,passenger,False,MANHATTAN,229,Sutton Place/Turtle Bay North,Manhattan,mapped
69744858,2026-07-16T09:56:35.000,Driver Complaint - Non Passenger,Unsafe Driving,non_passenger,False,BROOKLYN,65,Downtown Brooklyn/MetroTech,Brooklyn,mapped
69746088,2026-07-16T18:22:12.000,Driver Complaint - Non Passenger,Unsafe Driving,non_passenger,False,BROOKLYN,14,Bay Ridge,Brooklyn,mapped
69746089,2026-07-16T19:03:43.000,Driver Complaint - Passenger,Denied Request,passenger,True,QUEENS,82,Elmhurst,Queens,mapped
69746193,2026-07-16T15:41:51.000,Driver Complaint - Non Passenger,Unsafe Driving,non_passenger,False,MANHATTAN,68,East Chelsea,Manhattan,mapped
69747549,2026-07-17T06:54:53.000,Driver Complaint - Non Passenger,Unsafe Driving,non_passenger,False,MANHATTAN,158,Meatpacking/West Village West,Manhattan,mapped
69747693,2026-07-17T16:08:21.000,Driver Complaint - Non Passenger,Unsafe Driving,non_passenger,False,BROOKLYN,189,Prospect Heights,Brooklyn,mapped
69747694,2026-07-17T18:51:09.000,Driver Complaint - Non Passenger,Unsafe Driving,non_passenger,False,MANHATTAN,234,Union Sq,Manhattan,mapped
69749084,2026-07-17T12:21:08.000,Car Service Company Complaint,Discourteous,passenger,False,MANHATTAN,50,Clinton West,Manhattan,mapped
69749085,2026-07-17T21:49:25.000,Driver Complaint - Non Passenger,Unsafe Driving,non_passenger,False,MANHATTAN,234,Union Sq,Manhattan,mapped
69749086,2026-07-17T19:16:09.000,Driver Complaint - Non Passenger,Unsafe Driving,non_passenger,False,QUEENS,7,Astoria,Queens,mapped
69749087,2026-07-17T22:23:06.000,Driver Complaint - Passenger,Unsafe Driving,passenger,False,MANHATTAN,164,Midtown South,Manhattan,mapped
69749253,2026-07-17T16:05:10.000,Driver Complaint - Non Passenger,Unsafe Driving,non_passenger,False,BROOKLYN,189,Prospect Heights,Brooklyn,mapped
69749254,2026-07-17T17:48:31.000,Driver Complaint - Non Passenger,Unsafe Driving,non_passenger,False,QUEENS,132,JFK Airport,Queens,mapped
69749255,2026-07-17T13:54:44.000,Driver Complaint - Non Passenger,Unsafe Driving,non_passenger,False,MANHATTAN,79,East Village,Manhattan,mapped
69749256,2026-07-17T22:20:04.000,Driver Complaint - Non Passenger,Unsafe Driving,non_passenger,False,MANHATTAN,79,East Village,Manhattan,mapped
69749257,2026-07-17T22:23:50.000,Driver Complaint - Non Passenger,Unsafe Driving,non_passenger,False,MANHATTAN,107,Gramercy,Manhattan,mapped
69750589,2026-07-17T08:58:57.000,Driver Complaint - Non Passenger,Unsafe Driving,non_passenger,False,MANHATTAN,166,Morningside Heights,Manhattan,mapped
69750590,2026-07-18T00:48:10.000,Driver Complaint - Non Passenger,Unsafe Driving,non_passenger,False,BROOKLYN,112,Greenpoint,Brooklyn,mapped
69750776,2026-07-17T19:25:24.000,Driver Complaint - Non Passenger,Unsafe Driving,non_passenger,False,QUEENS,196,Rego Park,Queens,mapped
69750777,2026-07-17T19:25:43.000,Driver Complaint - Non Passenger,Unsafe Driving,non_passenger,False,MANHATTAN,263,Yorkville West,Manhattan,mapped
69750778,2026-07-17T18:49:37.000,Driver Complaint - Non Passenger,Unsafe Driving,non_passenger,False,MANHATTAN,234,Union Sq,Manhattan,mapped
69750779,2026-07-17T18:28:44.000,Driver Complaint - Non Passenger,Unsafe Driving,non_passenger,False,BRONX,69,East Concourse/Concourse Village,Bronx,mapped
69752128,2026-07-17T22:16:48.000,Driver Complaint - Non Passenger,Unsafe Driving,non_passenger,False,MANHATTAN,107,Gramercy,Manhattan,mapped
69752129,2026-07-17T19:02:11.000,Driver Complaint - Non Passenger,Unsafe Driving,non_passenger,False,BROOKLYN,189,Prospect Heights,Brooklyn,mapped
69752130,2026-07-17T13:14:26.000,Driver Complaint - Non Passenger,Unsafe Driving,non_passenger,False,MANHATTAN,113,Greenwich Village North,Manhattan,mapped
69752131,2026-07-17T18:44:02.000,Driver Complaint - Non Passenger,Unsafe Driving,non_passenger,False,MANHATTAN,234,Union Sq,Manhattan,mapped
69752132,2026-07-17T18:10:48.000,Driver Complaint - Non Passenger,Unsafe Driving,non_passenger,False,BROOKLYN,189,Prospect Heights,Brooklyn,mapped
69753491,2026-07-17T22:02:42.000,Driver Complaint - Passenger,Fare/Tip/Receipt,passenger,False,QUEENS,132,JFK Airport,Queens,mapped
69753657,2026-07-17T19:34:44.000,Driver Complaint - Non Passenger,Unauthorized Pick-Up Location,non_passenger,False,BROOKLYN,22,Bensonhurst West,Brooklyn,mapped
69753678,2026-07-17T13:33:07.000,Driver Complaint - Non Passenger,Unsafe Driving,non_passenger,False,MANHATTAN,234,Union Sq,Manhattan,mapped
69753679,2026-07-17T11:04:10.000,Driver Complaint - Non Passenger,Unsafe Driving,non_passenger,False,BROOKLYN,26,Borough Park,Brooklyn,mapped
69755024,2026-07-17T20:43:03.000,Driver Complaint - Non Passenger,Unsafe Driving,non_passenger,False,QUEENS,129,Jackson Heights,Queens,mapped
69755025,2026-07-17T11:34:30.000,Driver Complaint - Non Passenger,Unsafe Driving,non_passenger,False,QUEENS,129,Jackson Heights,Queens,mapped
69755187,2026-07-17T22:18:55.000,Driver Complaint - Non Passenger,Unsafe Driving,non_passenger,False,MANHATTAN,113,Greenwich Village North,Manhattan,mapped
69755188,2026-07-17T18:46:56.000,Driver Complaint - Non Passenger,Unsafe Driving,non_passenger,False,MANHATTAN,234,Union Sq,Manhattan,mapped
69756505,2026-07-17T21:03:26.000,Driver Complaint - Non Passenger,Unsafe Driving,non_passenger,False,MANHATTAN,161,Midtown Center,Manhattan,mapped
69756651,2026-07-17T13:28:52.000,Driver Complaint - Non Passenger,Unsafe Driving,non_passenger,False,MANHATTAN,234,Union Sq,Manhattan,mapped
69756652,2026-07-17T18:58:03.000,Driver Complaint - Non Passenger,Unsafe Driving,non_passenger,False,BROOKLYN,189,Prospect Heights,Brooklyn,mapped
69756653,2026-07-17T18:14:06.000,Driver Complaint - Non Passenger,Unsafe Driving,non_passenger,False,BROOKLYN,189,Prospect Heights,Brooklyn,mapped
69756654,2026-07-17T18:02:56.000,Driver Complaint - Non Passenger,Unsafe Driving,non_passenger,False,BROOKLYN,189,Prospect Heights,Brooklyn,mapped
69756655,2026-07-17T17:58:46.000,Driver Complaint - Non Passenger,Unsafe Driving,non_passenger,False,BROOKLYN,189,Prospect Heights,Brooklyn,mapped
69757985,2026-07-17T22:18:50.000,Driver Complaint - Passenger,Fare/Tip/Receipt,passenger,False,QUEENS,138,LaGuardia Airport,Queens,mapped
69758139,2026-07-17T03:15:15.000,Driver Complaint - Non Passenger,Unsafe Driving,non_passenger,False,BROOKLYN,225,Stuyvesant Heights,Brooklyn,mapped
69758156,2026-07-17T19:04:37.000,Driver Complaint - Non Passenger,Unsafe Driving,non_passenger,False,BROOKLYN,189,Prospect Heights,Brooklyn,mapped
69758157,2026-07-17T22:26:29.000,Driver Complaint - Non Passenger,Unsafe Driving,non_passenger,False,MANHATTAN,107,Gramercy,Manhattan,mapped
69758158,2026-07-17T22:25:31.000,Driver Complaint - Non Passenger,Unsafe Driving,non_passenger,False,MANHATTAN,107,Gramercy,Manhattan,mapped
69758159,2026-07-17T18:54:46.000,Driver Complaint - Non Passenger,Unsafe Driving,non_passenger,False,BROOKLYN,189,Prospect Heights,Brooklyn,mapped
69759352,2026-07-18T09:24:05.000,Driver Complaint - Passenger,Denied Request,passenger,True,MANHATTAN,87,Financial District North,Manhattan,mapped
69759444,2026-07-18T18:03:35.000,Driver Complaint - Non Passenger,Unsafe Driving,non_passenger,False,MANHATTAN,230,Times Sq/Theatre District,Manhattan,mapped
69760682,2026-07-18T22:36:16.000,Driver Complaint - Non Passenger,Unsafe Driving,non_passenger,False,MANHATTAN,161,Midtown Center,Manhattan,mapped
69761816,2026-07-18T18:58:55.000,Driver Complaint - Non Passenger,Unsafe Driving,non_passenger,False,BROOKLYN,97,Fort Greene,Brooklyn,mapped
69761817,2026-07-18T08:05:43.000,Driver Complaint - Non Passenger,Unsafe Driving,non_passenger,False,MANHATTAN,113,Greenwich Village North,Manhattan,mapped
69762853,2026-07-18T04:28:31.000,Driver Complaint - Passenger,Fare/Tip/Receipt,passenger,False,QUEENS,132,JFK Airport,Queens,mapped
69762854,2026-07-18T22:11:22.000,Driver Complaint - Passenger,Unsafe Driving,passenger,False,MANHATTAN,232,Two Bridges/Seward Park,Manhattan,mapped
69762945,2026-07-18T16:13:44.000,Driver Complaint - Non Passenger,Unauthorized Pick-Up Location,non_passenger,False,BROOKLYN,80,East Williamsburg,Brooklyn,mapped
69762960,2026-07-18T20:20:07.000,Driver Complaint - Non Passenger,Unsafe Driving,non_passenger,False,QUEENS,145,Long Island City/Hunters Point,Queens,mapped
69764017,2026-07-18T02:33:34.000,Driver Complaint - Passenger,Service Delay/No Show,passenger,True,MANHATTAN,244,Washington Heights South,Manhattan,mapped
69764087,2026-07-18T18:55:02.000,Driver Complaint - Non Passenger,Unsafe Driving,non_passenger,False,MANHATTAN,4,Alphabet City,Manhattan,mapped
69764088,2026-07-18T18:32:31.000,Driver Complaint - Non Passenger,Unsafe Driving,non_passenger,False,MANHATTAN,100,Garment District,Manhattan,mapped
69764089,2026-07-18T19:18:28.000,Driver Complaint - Non Passenger,Unsafe Driving,non_passenger,False,MANHATTAN,4,Alphabet City,Manhattan,mapped
69764181,2026-07-18T18:24:38.000,Driver Complaint - Non Passenger,Unsafe Driving,non_passenger,False,MANHATTAN,137,Kips Bay,Manhattan,mapped
69765270,2026-07-18T22:26:53.000,Driver Complaint - Passenger,Unsafe Driving,passenger,False,MANHATTAN,137,Kips Bay,Manhattan,mapped
69765386,2026-07-18T18:54:06.000,Driver Complaint - Non Passenger,Unsafe Driving,non_passenger,False,BROOKLYN,97,Fort Greene,Brooklyn,mapped
69765387,2026-07-18T18:49:19.000,Driver Complaint - Non Passenger,Unsafe Driving,non_passenger,False,BROOKLYN,97,Fort Greene,Brooklyn,mapped
69765509,2026-07-18T03:36:57.000,Driver Complaint - Non Passenger,Cell Phone Use,non_passenger,False,QUEENS,28,Briarwood/Jamaica Hills,Queens,mapped
69766477,2026-07-18T11:09:43.000,Car Service Company Complaint,Fare/Tip/Receipt,passenger,False,QUEENS,132,JFK Airport,Queens,mapped
69766478,2026-07-18T11:59:36.000,Driver Complaint - Passenger,Fare/Tip/Receipt,passenger,False,MANHATTAN,229,Sutton Place/Turtle Bay North,Manhattan,mapped
69766479,2026-07-18T11:32:20.000,Driver Complaint - Passenger,Fare/Tip/Receipt,passenger,False,Unspecified,,,,no_coordinates
69766480,2026-07-18T10:22:55.000,Driver Complaint - Passenger,Refused Pick-Up,passenger,True,MANHATTAN,13,Battery Park City,Manhattan,mapped
69767774,2026-07-18T16:55:09.000,Driver Complaint - Non Passenger,Unsafe Driving,non_passenger,False,MANHATTAN,79,East Village,Manhattan,mapped
69767775,2026-07-18T08:06:39.000,Driver Complaint - Non Passenger,Unsafe Driving,non_passenger,False,MANHATTAN,113,Greenwich Village North,Manhattan,mapped
69768881,2026-07-19T12:51:08.000,Driver Complaint - Passenger,Denied Request,passenger,True,QUEENS,92,Flushing,Queens,mapped
69770114,2026-07-19T20:11:39.000,Driver Complaint - Non Passenger,Unsafe Driving,non_passenger,False,BROOKLYN,11,Bath Beach,Brooklyn,mapped
69770115,2026-07-19T03:14:19.000,Driver Complaint - Non Passenger,Unsafe Driving,non_passenger,False,Unspecified,,,,no_coordinates
69770295,2026-07-19T17:07:55.000,Driver Complaint - Non Passenger,Unsafe Driving,non_passenger,False,QUEENS,226,Sunnyside,Queens,mapped
69771351,2026-07-19T22:42:51.000,Driver Complaint - Passenger,Cell Phone Use,passenger,False,BROOKLYN,97,Fort Greene,Brooklyn,mapped
69771401,2026-07-19T07:23:23.000,Driver Complaint - Passenger,Fare/Tip/Receipt,passenger,False,MANHATTAN,13,Battery Park City,Manhattan,mapped
69771582,2026-07-19T13:27:27.000,Driver Complaint - Non Passenger,Unsafe Driving,non_passenger,False,BROOKLYN,61,Crown Heights North,Brooklyn,mapped
69771583,2026-07-19T13:30:16.000,Driver Complaint - Non Passenger,Unsafe Driving,non_passenger,False,BROOKLYN,189,Prospect Heights,Brooklyn,mapped
69772746,2026-07-19T14:39:23.000,Driver Complaint - Non Passenger,Unsafe Driving,non_passenger,False,QUEENS,226,Sunnyside,Queens,mapped
69772747,2026-07-19T23:32:49.000,Driver Complaint - Non Passenger,Unsafe Driving,non_passenger,False,BROOKLYN,61,Crown Heights North,Brooklyn,mapped
69772748,2026-07-19T17:04:13.000,Driver Complaint - Non Passenger,Unsafe Driving,non_passenger,False,BROOKLYN,227,Sunset Park East,Brooklyn,mapped
69772749,2026-07-19T15:56:11.000,Driver Complaint - Passenger,Fare/Tip/Receipt,passenger,False,QUEENS,138,LaGuardia Airport,Queens,mapped
69772929,2026-07-19T19:34:58.000,Driver Complaint - Non Passenger,Unsafe Driving,non_passenger,False,MANHATTAN,209,Seaport,Manhattan,mapped
69774013,2026-07-19T07:44:07.000,Driver Complaint - Non Passenger,Unsafe Driving,non_passenger,False,MANHATTAN,230,Times Sq/Theatre District,Manhattan,mapped
69774188,2026-07-19T15:26:12.000,Driver Complaint - Non Passenger,Unsafe Driving,non_passenger,False,BROOKLYN,29,Brighton Beach,Brooklyn,mapped
69776624,2026-07-19T15:30:13.000,Driver Complaint - Non Passenger,Unsafe Driving,non_passenger,False,MANHATTAN,113,Greenwich Village North,Manhattan,mapped
69776625,2026-07-19T16:40:07.000,Driver Complaint - Non Passenger,Unsafe Driving,non_passenger,False,BROOKLYN,55,Coney Island,Brooklyn,mapped
69776626,2026-07-19T11:45:48.000,Driver Complaint - Passenger,Refused Pick-Up,passenger,True,BRONX,200,Riverdale/North Riverdale/Fieldston,Bronx,mapped
69776627,2026-07-19T16:06:32.000,Driver Complaint - Passenger,Refused Pick-Up,passenger,True,MANHATTAN,4,Alphabet City,Manhattan,mapped
69776815,2026-07-19T14:53:36.000,Driver Complaint - Non Passenger,Unsafe Driving,non_passenger,False,QUEENS,,,,no_coordinates
69776820,2026-07-19T20:46:15.000,Driver Complaint - Non Passenger,Unsafe Driving,non_passenger,False,BROOKLYN,112,Greenpoint,Brooklyn,mapped
69779359,2026-07-20T16:51:54.000,Car Service Company Complaint,Fare/Tip/Receipt,passenger,False,QUEENS,138,LaGuardia Airport,Queens,mapped
69779360,2026-07-20T09:02:23.000,Driver Complaint - Non Passenger,Unsafe Driving,non_passenger,False,MANHATTAN,249,West Village,Manhattan,mapped
69779361,2026-07-20T19:16:16.000,Driver Complaint - Non Passenger,Unsafe Driving,non_passenger,False,QUEENS,132,JFK Airport,Queens,mapped
69779525,2026-07-20T21:40:27.000,Driver Report - Non Passenger,Cell Phone Use,non_passenger,False,MANHATTAN,100,Garment District,Manhattan,mapped
69779546,2026-07-20T14:54:57.000,Driver Complaint - Non Passenger,Unsafe Driving,non_passenger,False,BROOKLYN,189,Prospect Heights,Brooklyn,mapped
69780922,2026-07-20T10:53:32.000,Car Service Company Complaint,Fare/Tip/Receipt,passenger,False,QUEENS,132,JFK Airport,Queens,mapped
69780923,2026-07-20T15:25:49.000,Car Service Company Complaint,Fare/Tip/Receipt,passenger,False,QUEENS,132,JFK Airport,Queens,mapped
69780924,2026-07-20T09:11:26.000,Driver Complaint - Non Passenger,Unsafe Driving,non_passenger,False,MANHATTAN,113,Greenwich Village North,Manhattan,mapped
69780925,2026-07-20T22:36:55.000,Driver Complaint - Non Passenger,Unsafe Driving,non_passenger,False,MANHATTAN,243,Washington Heights North,Manhattan,mapped
69781090,2026-07-20T18:15:43.000,Driver Complaint - Non Passenger,Unsafe Driving,non_passenger,False,MANHATTAN,79,East Village,Manhattan,mapped
69781091,2026-07-20T14:49:55.000,Driver Complaint - Non Passenger,Unsafe Driving,non_passenger,False,MANHATTAN,170,Murray Hill,Manhattan,mapped
69782470,2026-07-20T23:27:43.000,Driver Complaint - Non Passenger,Unsafe Driving,non_passenger,False,MANHATTAN,68,East Chelsea,Manhattan,mapped
69782471,2026-07-20T15:53:24.000,Driver Complaint - Non Passenger,Unsafe Driving,non_passenger,False,MANHATTAN,48,Clinton East,Manhattan,mapped
69782472,2026-07-20T18:38:05.000,Driver Complaint - Passenger,Fare/Tip/Receipt,passenger,False,MANHATTAN,140,Lenox Hill East,Manhattan,mapped
69782473,2026-07-20T12:35:28.000,Driver Complaint - Passenger,Fare/Tip/Receipt,passenger,False,MANHATTAN,186,Penn Station/Madison Sq West,Manhattan,mapped
69782666,2026-07-20T09:53:37.000,Driver Complaint - Non Passenger,Unsafe Driving,non_passenger,False,Unspecified,,,,no_coordinates
69782667,2026-07-20T15:02:44.000,Driver Complaint - Non Passenger,Unsafe Driving,non_passenger,False,MANHATTAN,75,East Harlem South,Manhattan,mapped
69784158,2026-07-20T22:40:19.000,Driver Complaint - Non Passenger,Unauthorized Pick-Up Location,non_passenger,False,BROOKLYN,22,Bensonhurst West,Brooklyn,mapped
69784159,2026-07-20T09:39:08.000,Driver Complaint - Non Passenger,Unauthorized Pick-Up Location,non_passenger,False,STATEN ISLAND,115,Grymes Hill/Clifton,Staten Island,mapped
69784196,2026-07-20T15:06:16.000,Driver Complaint - Non Passenger,Unsafe Driving,non_passenger,False,BROOKLYN,189,Prospect Heights,Brooklyn,mapped
69784197,2026-07-20T11:48:13.000,Driver Complaint - Non Passenger,Unsafe Driving,non_passenger,False,BROOKLYN,40,Carroll Gardens,Brooklyn,mapped
69784198,2026-07-20T17:24:20.000,Driver Complaint - Non Passenger,Unsafe Driving,non_passenger,False,MANHATTAN,231,TriBeCa/Civic Center,Manhattan,mapped
69784199,2026-07-20T12:21:03.000,Driver Complaint - Non Passenger,Unsafe Driving,non_passenger,False,MANHATTAN,166,Morningside Heights,Manhattan,mapped
69785579,2026-07-20T13:01:49.000,Driver Complaint - Passenger,Discourteous,passenger,False,MANHATTAN,137,Kips Bay,Manhattan,mapped
69785754,2026-07-20T14:49:44.000,Driver Complaint - Non Passenger,Unsafe Driving,non_passenger,False,BROOKLYN,61,Crown Heights North,Brooklyn,mapped
69785755,2026-07-20T15:08:50.000,Driver Complaint - Non Passenger,Unsafe Driving,non_passenger,False,BROOKLYN,189,Prospect Heights,Brooklyn,mapped
69785756,2026-07-20T14:59:19.000,Driver Complaint - Non Passenger,Unsafe Driving,non_passenger,False,BROOKLYN,189,Prospect Heights,Brooklyn,mapped
69785757,2026-07-20T15:51:49.000,Driver Complaint - Non Passenger,Unsafe Driving,non_passenger,False,BROOKLYN,61,Crown Heights North,Brooklyn,mapped
69785758,2026-07-20T23:38:07.000,Driver Complaint - Non Passenger,Unsafe Driving,non_passenger,False,QUEENS,132,JFK Airport,Queens,mapped
69787043,2026-07-20T08:36:21.000,Driver Complaint - Passenger,Unsafe Driving,passenger,False,QUEENS,132,JFK Airport,Queens,mapped
69787044,2026-07-21T01:02:13.000,Equipment Complaint,Broken/Missing,other,False,QUEENS,203,Rosedale,Queens,mapped
69787164,2026-07-20T08:30:23.000,Driver Complaint - Passenger,Unsafe Driving,passenger,False,BRONX,241,Van Cortlandt Village,Bronx,mapped
69787316,2026-07-20T11:42:13.000,Driver Complaint - Non Passenger,Unsafe Driving,non_passenger,False,BRONX,,,,no_coordinates
69787352,2026-07-20T18:27:48.000,Driver Complaint - Non Passenger,Unsafe Driving,non_passenger,False,MANHATTAN,142,Lincoln Square East,Manhattan,mapped
69788773,2026-07-20T12:24:14.000,Driver Complaint - Passenger,Fare/Tip/Receipt,passenger,False,MANHATTAN,186,Penn Station/Madison Sq West,Manhattan,mapped
69788966,2026-07-20T19:31:18.000,Driver Complaint - Non Passenger,Unsafe Driving,non_passenger,False,QUEENS,196,Rego Park,Queens,mapped
69788967,2026-07-20T12:05:37.000,Driver Complaint - Non Passenger,Unsafe Driving,non_passenger,False,BROOKLYN,65,Downtown Brooklyn/MetroTech,Brooklyn,mapped
69788968,2026-07-20T11:59:04.000,Driver Complaint - Non Passenger,Unsafe Driving,non_passenger,False,BROOKLYN,65,Downtown Brooklyn/MetroTech,Brooklyn,mapped
69788969,2026-07-20T15:10:38.000,Driver Complaint - Non Passenger,Unsafe Driving,non_passenger,False,BROOKLYN,65,Downtown Brooklyn/MetroTech,Brooklyn,mapped
69790361,2026-07-20T16:47:48.000,Driver Complaint - Non Passenger,Unsafe Driving,non_passenger,False,MANHATTAN,249,West Village,Manhattan,mapped
69790362,2026-07-20T13:44:58.000,Driver Complaint - Non Passenger,Unsafe Driving,non_passenger,False,BROOKLYN,14,Bay Ridge,Brooklyn,mapped
69790363,2026-07-20T09:10:18.000,Driver Complaint - Passenger,Discourteous,passenger,False,MANHATTAN,230,Times Sq/Theatre District,Manhattan,mapped
69790364,2026-07-20T10:20:56.000,Driver Complaint - Passenger,Fare/Tip/Receipt,passenger,False,QUEENS,132,JFK Airport,Queens,mapped
69790538,2026-07-20T18:20:47.000,Driver Complaint - Non Passenger,Unsafe Driving,non_passenger,False,STATEN ISLAND,156,Mariners Harbor,Staten Island,mapped
69790539,2026-07-20T12:02:46.000,Driver Complaint - Non Passenger,Unsafe Driving,non_passenger,False,BROOKLYN,65,Downtown Brooklyn/MetroTech,Brooklyn,mapped
69790540,2026-07-20T16:00:21.000,Driver Complaint - Non Passenger,Unsafe Driving,non_passenger,False,BROOKLYN,54,Columbia Street,Brooklyn,mapped
69791892,2026-07-21T19:33:18.000,Driver Complaint - Non Passenger,Unsafe Driving,non_passenger,False,MANHATTAN,233,UN/Turtle Bay South,Manhattan,mapped
69791893,2026-07-21T21:46:48.000,Driver Complaint - Non Passenger,Unsafe Driving,non_passenger,False,BROOKLYN,62,Crown Heights South,Brooklyn,mapped
69791894,2026-07-21T21:28:16.000,Driver Complaint - Non Passenger,Unsafe Driving,non_passenger,False,MANHATTAN,164,Midtown South,Manhattan,mapped
69791895,2026-07-21T19:35:25.000,Driver Complaint - Non Passenger,Unsafe Driving,non_passenger,False,QUEENS,145,Long Island City/Hunters Point,Queens,mapped
69791896,2026-07-21T18:49:39.000,Driver Complaint - Non Passenger,Unsafe Driving,non_passenger,False,MANHATTAN,234,Union Sq,Manhattan,mapped
69791897,2026-07-21T14:44:11.000,Driver Complaint - Non Passenger,Unsafe Driving,non_passenger,False,BROOKLYN,189,Prospect Heights,Brooklyn,mapped
69791898,2026-07-21T09:04:48.000,Driver Complaint - Non Passenger,Unsafe Driving,non_passenger,False,MANHATTAN,,,,outside_all_zones
69791899,2026-07-21T14:56:50.000,Driver Complaint - Non Passenger,Unsafe Driving,non_passenger,False,MANHATTAN,114,Greenwich Village South,Manhattan,mapped
69791900,2026-07-21T14:54:21.000,Driver Complaint - Non Passenger,Unsafe Driving,non_passenger,False,MANHATTAN,186,Penn Station/Madison Sq West,Manhattan,mapped
69791901,2026-07-21T14:52:05.000,Driver Complaint - Non Passenger,Unsafe Driving,non_passenger,False,MANHATTAN,100,Garment District,Manhattan,mapped
69791902,2026-07-21T14:50:55.000,Driver Complaint - Non Passenger,Unsafe Driving,non_passenger,False,MANHATTAN,100,Garment District,Manhattan,mapped
69791903,2026-07-21T14:50:04.000,Driver Complaint - Non Passenger,Unsafe Driving,non_passenger,False,MANHATTAN,100,Garment District,Manhattan,mapped
69791904,2026-07-21T13:55:31.000,Driver Complaint - Non Passenger,Unsafe Driving,non_passenger,False,MANHATTAN,68,East Chelsea,Manhattan,mapped
69791905,2026-07-21T22:15:12.000,Driver Complaint - Non Passenger,Unsafe Driving,non_passenger,False,BROOKLYN,62,Crown Heights South,Brooklyn,mapped
69791906,2026-07-21T13:36:45.000,Driver Complaint - Non Passenger,Unsafe Driving,non_passenger,False,MANHATTAN,68,East Chelsea,Manhattan,mapped
69793147,2026-07-21T15:24:21.000,Driver Complaint - Passenger,Denied Request,passenger,True,BRONX,208,Schuylerville/Edgewater Park,Bronx,mapped
69793272,2026-07-21T21:55:11.000,Driver Complaint - Non Passenger,Unsafe Driving,non_passenger,False,BROOKLYN,61,Crown Heights North,Brooklyn,mapped
69793273,2026-07-21T21:18:11.000,Driver Complaint - Non Passenger,Unsafe Driving,non_passenger,False,MANHATTAN,107,Gramercy,Manhattan,mapped
69793274,2026-07-21T21:14:20.000,Driver Complaint - Non Passenger,Unsafe Driving,non_passenger,False,MANHATTAN,107,Gramercy,Manhattan,mapped
69793275,2026-07-21T15:14:36.000,Driver Complaint - Non Passenger,Unsafe Driving,non_passenger,False,BROOKLYN,85,Erasmus,Brooklyn,mapped
69793276,2026-07-21T18:50:44.000,Driver Complaint - Non Passenger,Unsafe Driving,non_passenger,False,MANHATTAN,234,Union Sq,Manhattan,mapped
69793277,2026-07-21T14:46:03.000,Driver Complaint - Non Passenger,Unsafe Driving,non_passenger,False,MANHATTAN,100,Garment District,Manhattan,mapped
69793278,2026-07-21T14:44:51.000,Driver Complaint - Non Passenger,Unsafe Driving,non_passenger,False,MANHATTAN,230,Times Sq/Theatre District,Manhattan,mapped
69793279,2026-07-21T14:32:57.000,Driver Complaint - Non Passenger,Unsafe Driving,non_passenger,False,MANHATTAN,163,Midtown North,Manhattan,mapped
69793280,2026-07-21T14:14:35.000,Driver Complaint - Non Passenger,Unsafe Driving,non_passenger,False,MANHATTAN,144,Little Italy/NoLiTa,Manhattan,mapped
69793281,2026-07-21T13:50:37.000,Driver Complaint - Non Passenger,Unsafe Driving,non_passenger,False,MANHATTAN,249,West Village,Manhattan,mapped
69794605,2026-07-21T21:58:06.000,Driver Complaint - Non Passenger,Unsafe Driving,non_passenger,False,MANHATTAN,4,Alphabet City,Manhattan,mapped
69794606,2026-07-21T21:42:17.000,Driver Complaint - Non Passenger,Unsafe Driving,non_passenger,False,BROOKLYN,62,Crown Heights South,Brooklyn,mapped
69794607,2026-07-21T21:34:17.000,Driver Complaint - Non Passenger,Unsafe Driving,non_passenger,False,BROOKLYN,62,Crown Heights South,Brooklyn,mapped
69794608,2026-07-21T21:13:24.000,Driver Complaint - Non Passenger,Unsafe Driving,non_passenger,False,MANHATTAN,107,Gramercy,Manhattan,mapped
69794609,2026-07-21T21:12:29.000,Driver Complaint - Non Passenger,Unsafe Driving,non_passenger,False,MANHATTAN,107,Gramercy,Manhattan,mapped
69794610,2026-07-21T19:11:35.000,Driver Complaint - Non Passenger,Unsafe Driving,non_passenger,False,MANHATTAN,234,Union Sq,Manhattan,mapped
69794611,2026-07-21T18:48:03.000,Driver Complaint - Non Passenger,Unsafe Driving,non_passenger,False,MANHATTAN,107,Gramercy,Manhattan,mapped
69794612,2026-07-21T14:37:10.000,Driver Complaint - Non Passenger,Unsafe Driving,non_passenger,False,MANHATTAN,230,Times Sq/Theatre District,Manhattan,mapped
69794613,2026-07-21T14:19:57.000,Driver Complaint - Non Passenger,Unsafe Driving,non_passenger,False,MANHATTAN,211,SoHo,Manhattan,mapped
69794614,2026-07-21T13:51:49.000,Driver Complaint - Non Passenger,Unsafe Driving,non_passenger,False,MANHATTAN,249,West Village,Manhattan,mapped
69794615,2026-07-21T14:57:31.000,Driver Complaint - Non Passenger,Unsafe Driving,non_passenger,False,BROOKLYN,61,Crown Heights North,Brooklyn,mapped
69794616,2026-07-21T13:42:13.000,Driver Complaint - Non Passenger,Unsafe Driving,non_passenger,False,MANHATTAN,48,Clinton East,Manhattan,mapped
69794617,2026-07-21T13:33:00.000,Driver Complaint - Non Passenger,Unsafe Driving,non_passenger,False,MANHATTAN,249,West Village,Manhattan,mapped
69795864,2026-07-21T09:13:56.000,Driver Complaint - Non Passenger,Unsafe Driving,non_passenger,False,MANHATTAN,141,Lenox Hill West,Manhattan,mapped
69795865,2026-07-21T09:03:27.000,Driver Complaint - Non Passenger,Unsafe Driving,non_passenger,False,MANHATTAN,107,Gramercy,Manhattan,mapped
69795866,2026-07-21T20:01:19.000,Driver Complaint - Non Passenger,Unsafe Driving,non_passenger,False,BRONX,47,Claremont/Bathgate,Bronx,mapped
69795867,2026-07-21T17:15:48.000,Driver Complaint - Passenger,Discourteous,passenger,False,BROOKLYN,21,Bensonhurst East,Brooklyn,mapped
69795868,2026-07-21T11:10:12.000,Driver Complaint - Passenger,Unsafe Driving,passenger,False,BRONX,119,Highbridge,Bronx,mapped
69795987,2026-07-21T22:02:58.000,Driver Complaint - Non Passenger,Unsafe Driving,non_passenger,False,MANHATTAN,79,East Village,Manhattan,mapped
69795988,2026-07-21T21:59:58.000,Driver Complaint - Non Passenger,Unsafe Driving,non_passenger,False,MANHATTAN,4,Alphabet City,Manhattan,mapped
69795989,2026-07-21T21:20:51.000,Driver Complaint - Non Passenger,Unsafe Driving,non_passenger,False,MANHATTAN,234,Union Sq,Manhattan,mapped
69795990,2026-07-21T19:39:33.000,Driver Complaint - Non Passenger,Unsafe Driving,non_passenger,False,MANHATTAN,229,Sutton Place/Turtle Bay North,Manhattan,mapped
69795991,2026-07-21T18:56:00.000,Driver Complaint - Non Passenger,Unsafe Driving,non_passenger,False,MANHATTAN,148,Lower East Side,Manhattan,mapped
69795992,2026-07-21T14:54:08.000,Driver Complaint - Non Passenger,Unsafe Driving,non_passenger,False,MANHATTAN,144,Little Italy/NoLiTa,Manhattan,mapped
69795993,2026-07-21T15:03:11.000,Driver Complaint - Non Passenger,Unsafe Driving,non_passenger,False,BROOKLYN,181,Park Slope,Brooklyn,mapped
69795994,2026-07-21T14:11:41.000,Driver Complaint - Non Passenger,Unsafe Driving,non_passenger,False,MANHATTAN,230,Times Sq/Theatre District,Manhattan,mapped
69795995,2026-07-21T22:22:53.000,Driver Complaint - Non Passenger,Unsafe Driving,non_passenger,False,MANHATTAN,232,Two Bridges/Seward Park,Manhattan,mapped
69795996,2026-07-21T22:12:22.000,Driver Complaint - Non Passenger,Unsafe Driving,non_passenger,False,MANHATTAN,170,Murray Hill,Manhattan,mapped
69795997,2026-07-21T15:05:56.000,Driver Complaint - Non Passenger,Unsafe Driving,non_passenger,False,MANHATTAN,48,Clinton East,Manhattan,mapped
69797225,2026-07-21T06:19:38.000,Driver Complaint - Non Passenger,Unsafe Driving,non_passenger,False,BROOKLYN,37,Bushwick South,Brooklyn,mapped
69797226,2026-07-21T19:33:20.000,Driver Complaint - Non Passenger,Unsafe Driving,non_passenger,False,MANHATTAN,232,Two Bridges/Seward Park,Manhattan,mapped
69797227,2026-07-21T14:00:41.000,Driver Complaint - Passenger,License Not Displayed,passenger,False,BRONX,174,Norwood,Bronx,mapped
69797348,2026-07-21T21:07:06.000,Driver Complaint - Non Passenger,Unsafe Driving,non_passenger,False,MANHATTAN,170,Murray Hill,Manhattan,mapped
69797349,2026-07-21T22:09:09.000,Driver Complaint - Non Passenger,Unsafe Driving,non_passenger,False,MANHATTAN,107,Gramercy,Manhattan,mapped
69797350,2026-07-21T21:50:38.000,Driver Complaint - Non Passenger,Unsafe Driving,non_passenger,False,BROOKLYN,62,Crown Heights South,Brooklyn,mapped
69797351,2026-07-21T21:31:19.000,Driver Complaint - Non Passenger,Unsafe Driving,non_passenger,False,BROOKLYN,188,Prospect-Lefferts Gardens,Brooklyn,mapped
69797352,2026-07-21T21:10:29.000,Driver Complaint - Non Passenger,Unsafe Driving,non_passenger,False,MANHATTAN,107,Gramercy,Manhattan,mapped
69797353,2026-07-21T09:42:45.000,Driver Complaint - Non Passenger,Unsafe Driving,non_passenger,False,QUEENS,145,Long Island City/Hunters Point,Queens,mapped
69797354,2026-07-21T15:20:12.000,Driver Complaint - Non Passenger,Unsafe Driving,non_passenger,False,BRONX,208,Schuylerville/Edgewater Park,Bronx,mapped
69797355,2026-07-21T15:01:44.000,Driver Complaint - Non Passenger,Unsafe Driving,non_passenger,False,MANHATTAN,45,Chinatown,Manhattan,mapped
69797356,2026-07-21T14:28:46.000,Driver Complaint - Non Passenger,Unsafe Driving,non_passenger,False,MANHATTAN,48,Clinton East,Manhattan,mapped
69797357,2026-07-21T14:26:26.000,Driver Complaint - Non Passenger,Unsafe Driving,non_passenger,False,MANHATTAN,68,East Chelsea,Manhattan,mapped
69797358,2026-07-21T14:16:04.000,Driver Complaint - Non Passenger,Unsafe Driving,non_passenger,False,MANHATTAN,45,Chinatown,Manhattan,mapped
69797359,2026-07-21T14:07:24.000,Driver Complaint - Non Passenger,Unsafe Driving,non_passenger,False,MANHATTAN,163,Midtown North,Manhattan,mapped
69797360,2026-07-21T13:57:02.000,Driver Complaint - Non Passenger,Unsafe Driving,non_passenger,False,MANHATTAN,90,Flatiron,Manhattan,mapped
69797361,2026-07-21T13:49:07.000,Driver Complaint - Non Passenger,Unsafe Driving,non_passenger,False,MANHATTAN,125,Hudson Sq,Manhattan,mapped
69797362,2026-07-21T13:48:07.000,Driver Complaint - Non Passenger,Unsafe Driving,non_passenger,False,MANHATTAN,125,Hudson Sq,Manhattan,mapped
69797363,2026-07-21T13:47:14.000,Driver Complaint - Non Passenger,Unsafe Driving,non_passenger,False,MANHATTAN,45,Chinatown,Manhattan,mapped
69798707,2026-07-21T10:46:24.000,Driver Complaint - Non Passenger,Unsafe Driving,non_passenger,False,Unspecified,,,,no_coordinates
69798708,2026-07-21T21:05:10.000,Driver Complaint - Non Passenger,Unsafe Driving,non_passenger,False,MANHATTAN,170,Murray Hill,Manhattan,mapped
69798709,2026-07-21T21:56:06.000,Driver Complaint - Non Passenger,Unsafe Driving,non_passenger,False,MANHATTAN,232,Two Bridges/Seward Park,Manhattan,mapped
69798710,2026-07-21T21:23:51.000,Driver Complaint - Non Passenger,Unsafe Driving,non_passenger,False,MANHATTAN,234,Union Sq,Manhattan,mapped
69798711,2026-07-21T21:22:18.000,Driver Complaint - Non Passenger,Unsafe Driving,non_passenger,False,MANHATTAN,234,Union Sq,Manhattan,mapped
69798712,2026-07-21T19:36:37.000,Driver Complaint - Non Passenger,Unsafe Driving,non_passenger,False,QUEENS,179,Old Astoria,Queens,mapped
69798713,2026-07-21T19:41:12.000,Driver Complaint - Non Passenger,Unsafe Driving,non_passenger,False,MANHATTAN,170,Murray Hill,Manhattan,mapped
69798714,2026-07-21T18:54:00.000,Driver Complaint - Non Passenger,Unsafe Driving,non_passenger,False,MANHATTAN,45,Chinatown,Manhattan,mapped
69798715,2026-07-21T14:25:04.000,Driver Complaint - Non Passenger,Unsafe Driving,non_passenger,False,MANHATTAN,68,East Chelsea,Manhattan,mapped
69798716,2026-07-21T14:10:41.000,Driver Complaint - Non Passenger,Unsafe Driving,non_passenger,False,MANHATTAN,230,Times Sq/Theatre District,Manhattan,mapped
69798717,2026-07-21T14:00:19.000,Driver Complaint - Non Passenger,Unsafe Driving,non_passenger,False,MANHATTAN,68,East Chelsea,Manhattan,mapped
69798718,2026-07-21T13:44:18.000,Driver Complaint - Non Passenger,Unsafe Driving,non_passenger,False,MANHATTAN,164,Midtown South,Manhattan,mapped
69798719,2026-07-21T22:14:17.000,Driver Complaint - Non Passenger,Unsafe Driving,non_passenger,False,MANHATTAN,170,Murray Hill,Manhattan,mapped
69798720,2026-07-21T13:31:55.000,Driver Complaint - Non Passenger,Unsafe Driving,non_passenger,False,MANHATTAN,125,Hudson Sq,Manhattan,mapped
69798721,2026-07-21T13:30:51.000,Driver Complaint - Non Passenger,Unsafe Driving,non_passenger,False,MANHATTAN,144,Little Italy/NoLiTa,Manhattan,mapped
69799789,2026-07-21T13:53:08.000,Driver Complaint - Passenger,Cell Phone Use,passenger,False,BRONX,174,Norwood,Bronx,mapped
69799881,2026-07-21T12:54:12.000,Driver Complaint - Passenger,Denied Request,passenger,True,BRONX,182,Parkchester,Bronx,mapped
69799882,2026-07-21T13:40:41.000,Driver Complaint - Passenger,Discourteous,passenger,False,BRONX,174,Norwood,Bronx,mapped
69799972,2026-07-21T18:27:57.000,Driver Complaint - Non Passenger,Unsafe Driving,non_passenger,False,QUEENS,82,Elmhurst,Queens,mapped
69799989,2026-07-21T22:08:13.000,Driver Complaint - Non Passenger,Unsafe Driving,non_passenger,False,MANHATTAN,107,Gramercy,Manhattan,mapped
69799990,2026-07-21T22:03:54.000,Driver Complaint - Non Passenger,Unsafe Driving,non_passenger,False,MANHATTAN,107,Gramercy,Manhattan,mapped
69799991,2026-07-21T22:02:01.000,Driver Complaint - Non Passenger,Unsafe Driving,non_passenger,False,MANHATTAN,113,Greenwich Village North,Manhattan,mapped
69799992,2026-07-21T22:00:57.000,Driver Complaint - Non Passenger,Unsafe Driving,non_passenger,False,MANHATTAN,113,Greenwich Village North,Manhattan,mapped
69799993,2026-07-21T21:59:02.000,Driver Complaint - Non Passenger,Unsafe Driving,non_passenger,False,MANHATTAN,79,East Village,Manhattan,mapped
69799994,2026-07-21T21:57:01.000,Driver Complaint - Non Passenger,Unsafe Driving,non_passenger,False,MANHATTAN,148,Lower East Side,Manhattan,mapped
69799995,2026-07-21T21:37:37.000,Driver Complaint - Non Passenger,Unsafe Driving,non_passenger,False,BROOKLYN,62,Crown Heights South,Brooklyn,mapped
69799996,2026-07-21T21:17:16.000,Driver Complaint - Non Passenger,Unsafe Driving,non_passenger,False,MANHATTAN,107,Gramercy,Manhattan,mapped
69799997,2026-07-21T21:11:27.000,Driver Complaint - Non Passenger,Unsafe Driving,non_passenger,False,MANHATTAN,107,Gramercy,Manhattan,mapped
69799998,2026-07-21T21:09:04.000,Driver Complaint - Non Passenger,Unsafe Driving,non_passenger,False,MANHATTAN,107,Gramercy,Manhattan,mapped
69799999,2026-07-21T18:57:36.000,Driver Complaint - Non Passenger,Unsafe Driving,non_passenger,False,MANHATTAN,234,Union Sq,Manhattan,mapped
69800000,2026-07-21T08:37:52.000,Driver Complaint - Non Passenger,Unsafe Driving,non_passenger,False,MANHATTAN,231,TriBeCa/Civic Center,Manhattan,mapped
69800001,2026-07-21T18:45:04.000,Driver Complaint - Non Passenger,Unsafe Driving,non_passenger,False,MANHATTAN,107,Gramercy,Manhattan,mapped
69800002,2026-07-21T14:42:46.000,Driver Complaint - Non Passenger,Unsafe Driving,non_passenger,False,MANHATTAN,230,Times Sq/Theatre District,Manhattan,mapped
69800003,2026-07-21T14:20:51.000,Driver Complaint - Non Passenger,Unsafe Driving,non_passenger,False,MANHATTAN,125,Hudson Sq,Manhattan,mapped
69800004,2026-07-21T14:12:41.000,Driver Complaint - Non Passenger,Unsafe Driving,non_passenger,False,MANHATTAN,113,Greenwich Village North,Manhattan,mapped
69800005,2026-07-21T13:58:02.000,Driver Complaint - Non Passenger,Unsafe Driving,non_passenger,False,MANHATTAN,186,Penn Station/Madison Sq West,Manhattan,mapped
69801287,2026-07-21T13:45:25.000,Driver Complaint - Passenger,Unsafe Driving,passenger,False,BRONX,174,Norwood,Bronx,mapped
69801406,2026-07-21T19:06:34.000,Driver Complaint - Non Passenger,Unsafe Driving,non_passenger,False,MANHATTAN,234,Union Sq,Manhattan,mapped
69801407,2026-07-21T22:06:31.000,Driver Complaint - Non Passenger,Unsafe Driving,non_passenger,False,MANHATTAN,107,Gramercy,Manhattan,mapped
69801408,2026-07-21T22:05:33.000,Driver Complaint - Non Passenger,Unsafe Driving,non_passenger,False,MANHATTAN,107,Gramercy,Manhattan,mapped
69801409,2026-07-21T21:54:14.000,Driver Complaint - Non Passenger,Unsafe Driving,non_passenger,False,BROOKLYN,188,Prospect-Lefferts Gardens,Brooklyn,mapped
69801410,2026-07-21T21:25:45.000,Driver Complaint - Non Passenger,Unsafe Driving,non_passenger,False,MANHATTAN,107,Gramercy,Manhattan,mapped
69801411,2026-07-21T21:19:27.000,Driver Complaint - Non Passenger,Unsafe Driving,non_passenger,False,MANHATTAN,234,Union Sq,Manhattan,mapped
69801412,2026-07-21T21:16:20.000,Driver Complaint - Non Passenger,Unsafe Driving,non_passenger,False,MANHATTAN,107,Gramercy,Manhattan,mapped
69801413,2026-07-21T09:36:05.000,Driver Complaint - Non Passenger,Unsafe Driving,non_passenger,False,BROOKLYN,181,Park Slope,Brooklyn,mapped
69801414,2026-07-21T18:51:55.000,Driver Complaint - Non Passenger,Unsafe Driving,non_passenger,False,MANHATTAN,107,Gramercy,Manhattan,mapped
69801415,2026-07-21T14:40:56.000,Driver Complaint - Non Passenger,Unsafe Driving,non_passenger,False,BROOKLYN,61,Crown Heights North,Brooklyn,mapped
69801416,2026-07-21T14:31:55.000,Driver Complaint - Non Passenger,Unsafe Driving,non_passenger,False,MANHATTAN,48,Clinton East,Manhattan,mapped
69801417,2026-07-21T14:19:01.000,Driver Complaint - Non Passenger,Unsafe Driving,non_passenger,False,MANHATTAN,45,Chinatown,Manhattan,mapped
69801418,2026-07-21T14:17:49.000,Driver Complaint - Non Passenger,Unsafe Driving,non_passenger,False,MANHATTAN,45,Chinatown,Manhattan,mapped
69801419,2026-07-21T14:13:36.000,Driver Complaint - Non Passenger,Unsafe Driving,non_passenger,False,MANHATTAN,114,Greenwich Village South,Manhattan,mapped
69801420,2026-07-21T14:03:01.000,Driver Complaint - Non Passenger,Unsafe Driving,non_passenger,False,MANHATTAN,48,Clinton East,Manhattan,mapped
69801421,2026-07-21T13:58:54.000,Driver Complaint - Non Passenger,Unsafe Driving,non_passenger,False,MANHATTAN,68,East Chelsea,Manhattan,mapped
69801422,2026-07-21T13:52:53.000,Driver Complaint - Non Passenger,Unsafe Driving,non_passenger,False,MANHATTAN,90,Flatiron,Manhattan,mapped
69801423,2026-07-21T13:46:15.000,Driver Complaint - Non Passenger,Unsafe Driving,non_passenger,False,MANHATTAN,113,Greenwich Village North,Manhattan,mapped
69801424,2026-07-21T22:11:28.000,Driver Complaint - Non Passenger,Unsafe Driving,non_passenger,False,MANHATTAN,170,Murray Hill,Manhattan,mapped
69801425,2026-07-21T13:35:37.000,Driver Complaint - Non Passenger,Unsafe Driving,non_passenger,False,MANHATTAN,68,East Chelsea,Manhattan,mapped
69802651,2026-07-22T09:38:31.000,Driver Complaint - Passenger,Cell Phone Use,passenger,False,QUEENS,173,North Corona,Queens,mapped
69802768,2026-07-22T10:16:12.000,Car Service Company Complaint,Service Delay/No Show,passenger,True,BRONX,81,Eastchester,Bronx,mapped
69802769,2026-07-22T16:02:53.000,Driver Complaint - Passenger,Unsafe Driving,passenger,False,MANHATTAN,231,TriBeCa/Civic Center,Manhattan,mapped
69802896,2026-07-22T17:04:05.000,Driver Complaint - Non Passenger,Unsafe Driving,non_passenger,False,BROOKLYN,33,Brooklyn Heights,Brooklyn,mapped
69802897,2026-07-22T14:36:07.000,Driver Complaint - Non Passenger,Unsafe Driving,non_passenger,False,BROOKLYN,76,East New York,Brooklyn,mapped
69804208,2026-07-22T19:39:11.000,Driver Complaint - Non Passenger,Unsafe Driving,non_passenger,False,MANHATTAN,148,Lower East Side,Manhattan,mapped
69804209,2026-07-22T08:37:05.000,Driver Complaint - Passenger,Fare/Tip/Receipt,passenger,False,MANHATTAN,50,Clinton West,Manhattan,mapped
69805788,2026-07-22T20:00:17.000,Driver Complaint - Non Passenger,Unsafe Driving,non_passenger,False,BROOKLYN,228,Sunset Park West,Brooklyn,mapped
69805804,2026-07-22T10:30:11.000,Driver Complaint - Non Passenger,Unsafe Driving,non_passenger,False,MANHATTAN,170,Murray Hill,Manhattan,mapped
69805805,2026-07-22T12:38:49.000,Driver Complaint - Non Passenger,Unsafe Driving,non_passenger,False,Unspecified,63,Cypress Hills,Brooklyn,mapped
69807169,2026-07-22T17:45:50.000,Driver Complaint - Non Passenger,Unsafe Driving,non_passenger,False,MANHATTAN,237,Upper East Side South,Manhattan,mapped
69807315,2026-07-22T17:48:30.000,Driver Complaint - Non Passenger,Unsafe Driving,non_passenger,False,BROOKLYN,17,Bedford,Brooklyn,mapped
69808640,2026-07-22T19:00:01.000,Car Service Company Complaint,Discourteous,passenger,False,BRONX,213,Soundview/Castle Hill,Bronx,mapped
69808641,2026-07-22T07:18:14.000,Driver Complaint - Non Passenger,Unsafe Driving,non_passenger,False,QUEENS,92,Flushing,Queens,mapped
69808642,2026-07-22T12:13:00.000,Driver Complaint - Passenger,Discourteous,passenger,False,QUEENS,205,Saint Albans,Queens,mapped
69810108,2026-07-22T19:59:18.000,Driver Complaint - Non Passenger,Unsafe Driving,non_passenger,False,MANHATTAN,158,Meatpacking/West Village West,Manhattan,mapped
69810109,2026-07-22T09:10:48.000,Driver Complaint - Non Passenger,Unsafe Driving,non_passenger,False,BRONX,247,West Concourse,Bronx,mapped
69810110,2026-07-22T14:29:46.000,Driver Complaint - Passenger,Discourteous,passenger,False,MANHATTAN,186,Penn Station/Madison Sq West,Manhattan,mapped
69810111,2026-07-22T17:21:58.000,Driver Complaint - Passenger,Unsafe Driving,passenger,False,BRONX,247,West Concourse,Bronx,mapped
69810251,2026-07-22T13:28:06.000,Driver Report - Non Passenger,Cell Phone Use,non_passenger,False,QUEENS,160,Middle Village,Queens,mapped
69810272,2026-07-22T12:20:09.000,Driver Complaint - Non Passenger,Unsafe Driving,non_passenger,False,QUEENS,7,Astoria,Queens,mapped
69811597,2026-07-22T15:46:23.000,Driver Complaint - Non Passenger,Unsafe Driving,non_passenger,False,MANHATTAN,125,Hudson Sq,Manhattan,mapped
69813089,2026-07-22T18:35:32.000,Driver Complaint - Passenger,Unsafe Driving,passenger,False,MANHATTAN,88,Financial District South,Manhattan,mapped
69813202,2026-07-22T18:02:07.000,Driver Complaint - Non Passenger,Unauthorized Pick-Up Location,non_passenger,False,BROOKLYN,22,Bensonhurst West,Brooklyn,mapped
69813203,2026-07-22T10:59:35.000,Driver Complaint - Non Passenger,Unauthorized Pick-Up Location,non_passenger,False,QUEENS,258,Woodhaven,Queens,mapped
69813222,2026-07-22T17:39:14.000,Driver Complaint - Non Passenger,Unsafe Driving,non_passenger,False,MANHATTAN,249,West Village,Manhattan,mapped
69814485,2026-07-23T20:14:14.000,Driver Complaint - Non Passenger,Unsafe Driving,non_passenger,False,MANHATTAN,68,East Chelsea,Manhattan,mapped
69814486,2026-07-23T13:15:04.000,Driver Complaint - Passenger,Fare/Tip/Receipt,passenger,False,BROOKLYN,165,Midwood,Brooklyn,mapped
69814631,2026-07-23T15:55:49.000,Driver Complaint - Non Passenger,Unsafe Driving,non_passenger,False,BROOKLYN,112,Greenpoint,Brooklyn,mapped
69814632,2026-07-23T12:28:50.000,Driver Complaint - Non Passenger,Unsafe Driving,non_passenger,False,MANHATTAN,234,Union Sq,Manhattan,mapped
69815897,2026-07-23T17:57:16.000,Driver Complaint - Non Passenger,Unsafe Driving,non_passenger,False,BROOKLYN,36,Bushwick North,Brooklyn,mapped
69815898,2026-07-23T22:06:54.000,Driver Complaint - Non Passenger,Unsafe Driving,non_passenger,False,QUEENS,131,Jamaica Estates,Queens,mapped
69815899,2026-07-23T19:14:44.000,Driver Complaint - Non Passenger,Unsafe Driving,non_passenger,False,MANHATTAN,141,Lenox Hill West,Manhattan,mapped
69815900,2026-07-23T01:53:46.000,Driver Complaint - Non Passenger,Unsafe Driving,non_passenger,False,QUEENS,197,Richmond Hill,Queens,mapped
69815901,2026-07-23T22:06:47.000,Driver Complaint - Passenger,Unsafe Driving,passenger,False,MANHATTAN,186,Penn Station/Madison Sq West,Manhattan,mapped
69816031,2026-07-23T21:36:45.000,Driver Complaint - Non Passenger,Unsafe Driving,non_passenger,False,BROOKLYN,97,Fort Greene,Brooklyn,mapped
69816032,2026-07-23T18:58:30.000,Driver Complaint - Non Passenger,Unsafe Driving,non_passenger,False,BRONX,18,Bedford Park,Bronx,mapped
69816033,2026-07-23T09:46:06.000,Driver Complaint - Non Passenger,Unsafe Driving,non_passenger,False,BROOKLYN,65,Downtown Brooklyn/MetroTech,Brooklyn,mapped
69816034,2026-07-23T09:52:24.000,Driver Complaint - Non Passenger,Unsafe Driving,non_passenger,False,BROOKLYN,65,Downtown Brooklyn/MetroTech,Brooklyn,mapped
69817189,2026-07-23T21:27:18.000,Driver Complaint - Passenger,Unclean Condition/Odor,passenger,False,BROOKLYN,61,Crown Heights North,Brooklyn,mapped
69817190,2026-07-23T12:31:30.000,Equipment Complaint,Broken/Missing,other,False,MANHATTAN,88,Financial District South,Manhattan,mapped
69817275,2026-07-23T06:59:53.000,Driver Complaint - Non Passenger,Unsafe Driving,non_passenger,False,MANHATTAN,158,Meatpacking/West Village West,Manhattan,mapped
69817276,2026-07-23T12:50:25.000,Driver Complaint - Passenger,Fare/Tip/Receipt,passenger,False,QUEENS,132,JFK Airport,Queens,mapped
69817407,2026-07-23T09:38:43.000,Driver Complaint - Non Passenger,Unsafe Driving,non_passenger,False,BROOKLYN,106,Gowanus,Brooklyn,mapped
69818688,2026-07-23T12:29:34.000,Driver Complaint - Non Passenger,Unsafe Driving,non_passenger,False,BRONX,242,Van Nest/Morris Park,Bronx,mapped
69818689,2026-07-23T10:42:17.000,Driver Complaint - Passenger,License Not Displayed,passenger,False,MANHATTAN,100,Garment District,Manhattan,mapped
69818834,2026-07-23T19:53:08.000,Driver Complaint - Non Passenger,Unsafe Driving,non_passenger,False,MANHATTAN,148,Lower East Side,Manhattan,mapped
69818835,2026-07-23T19:26:57.000,Driver Complaint - Non Passenger,Unsafe Driving,non_passenger,False,BRONX,136,Kingsbridge Heights,Bronx,mapped
69818836,2026-07-23T11:30:33.000,Driver Complaint - Non Passenger,Unsafe Driving,non_passenger,False,QUEENS,145,Long Island City/Hunters Point,Queens,mapped
69818837,2026-07-23T12:31:38.000,Driver Complaint - Non Passenger,Unsafe Driving,non_passenger,False,BROOKLYN,97,Fort Greene,Brooklyn,mapped
69818838,2026-07-23T17:57:02.000,Driver Complaint - Non Passenger,Unsafe Driving,non_passenger,False,BROOKLYN,210,Sheepshead Bay,Brooklyn,mapped
69818839,2026-07-23T17:48:11.000,Driver Complaint - Non Passenger,Unsafe Driving,non_passenger,False,MANHATTAN,125,Hudson Sq,Manhattan,mapped
69820147,2026-07-23T15:17:42.000,Car Service Company Complaint,Discourteous,passenger,False,BRONX,60,Crotona Park East,Bronx,mapped
69820148,2026-07-23T16:29:06.000,Driver Complaint - Non Passenger,Unsafe Driving,non_passenger,False,MANHATTAN,261,World Trade Center,Manhattan,mapped
69820314,2026-07-23T18:22:40.000,Driver Complaint - Non Passenger,Unsafe Driving,non_passenger,False,BROOKLYN,181,Park Slope,Brooklyn,mapped
69820315,2026-07-23T18:14:56.000,Driver Complaint - Non Passenger,Unsafe Driving,non_passenger,False,BROOKLYN,25,Boerum Hill,Brooklyn,mapped
69821566,2026-07-23T22:52:12.000,Driver Complaint - Non Passenger,Unsafe Driving,non_passenger,False,QUEENS,83,Elmhurst/Maspeth,Queens,mapped
69821567,2026-07-23T13:24:51.000,Driver Complaint - Non Passenger,Unsafe Driving,non_passenger,False,MANHATTAN,143,Lincoln Square West,Manhattan,mapped
69821711,2026-07-23T18:34:05.000,Driver Complaint - Non Passenger,Unsafe Driving,non_passenger,False,BRONX,94,Fordham South,Bronx,mapped
69821712,2026-07-23T06:34:58.000,Driver Complaint - Non Passenger,Unsafe Driving,non_passenger,False,BROOKLYN,149,Madison,Brooklyn,mapped
69821713,2026-07-23T12:26:03.000,Driver Complaint - Non Passenger,Unsafe Driving,non_passenger,False,BROOKLYN,97,Fort Greene,Brooklyn,mapped
69823016,2026-07-23T08:13:10.000,Driver Complaint - Non Passenger,Unsafe Driving,non_passenger,False,QUEENS,82,Elmhurst,Queens,mapped
69823017,2026-07-23T12:36:29.000,Driver Complaint - Non Passenger,Unsafe Driving,non_passenger,False,BRONX,136,Kingsbridge Heights,Bronx,mapped
69823018,2026-07-23T09:05:06.000,Driver Complaint - Non Passenger,Unsafe Driving,non_passenger,False,BROOKLYN,55,Coney Island,Brooklyn,mapped
69823019,2026-07-23T17:12:03.000,Driver Complaint - Passenger,Fare/Tip/Receipt,passenger,False,BROOKLYN,55,Coney Island,Brooklyn,mapped
69823182,2026-07-23T14:00:18.000,Driver Complaint - Non Passenger,Unsafe Driving,non_passenger,False,BROOKLYN,149,Madison,Brooklyn,mapped
69823183,2026-07-23T18:46:03.000,Driver Complaint - Non Passenger,Unsafe Driving,non_passenger,False,MANHATTAN,148,Lower East Side,Manhattan,mapped
69823184,2026-07-23T18:04:44.000,Driver Complaint - Non Passenger,Unsafe Driving,non_passenger,False,BROOKLYN,25,Boerum Hill,Brooklyn,mapped
69823185,2026-07-23T19:57:55.000,Driver Complaint - Non Passenger,Unsafe Driving,non_passenger,False,MANHATTAN,234,Union Sq,Manhattan,mapped
69823186,2026-07-23T12:22:53.000,Driver Complaint - Non Passenger,Unsafe Driving,non_passenger,False,BROOKLYN,189,Prospect Heights,Brooklyn,mapped
69823187,2026-07-23T09:49:42.000,Driver Complaint - Non Passenger,Unsafe Driving,non_passenger,False,BROOKLYN,65,Downtown Brooklyn/MetroTech,Brooklyn,mapped
69824379,2026-07-23T08:48:52.000,Driver Complaint - Passenger,Cell Phone Use,passenger,False,BRONX,213,Soundview/Castle Hill,Bronx,mapped
69824463,2026-07-23T09:03:47.000,Driver Complaint - Non Passenger,Unsafe Driving,non_passenger,False,MANHATTAN,158,Meatpacking/West Village West,Manhattan,mapped
69824464,2026-07-23T10:41:36.000,Driver Complaint - Passenger,Refused Pick-Up,passenger,True,QUEENS,205,Saint Albans,Queens,mapped
69824465,2026-07-23T17:34:20.000,Driver Complaint - Passenger,Unsafe Driving,passenger,False,BROOKLYN,165,Midwood,Brooklyn,mapped
69824582,2026-07-23T05:28:20.000,Driver Complaint - Passenger,Cell Phone Use,passenger,False,BRONX,18,Bedford Park,Bronx,mapped
69824593,2026-07-23T15:30:16.000,Driver Complaint - Non Passenger,Unsafe Driving,non_passenger,False,MANHATTAN,114,Greenwich Village South,Manhattan,mapped
69825901,2026-07-25T01:33:22.000,Driver Complaint - Non Passenger,Unsafe Driving,non_passenger,False,MANHATTAN,79,East Village,Manhattan,mapped
69826054,2026-07-24T17:32:01.000,Driver Complaint - Non Passenger,Unsafe Driving,non_passenger,False,BROOKLYN,181,Park Slope,Brooklyn,mapped
69827360,2026-07-24T22:24:46.000,Driver Complaint - Passenger,Refused Pick-Up,passenger,True,MANHATTAN,194,Randalls Island,Manhattan,mapped
69827361,2026-07-24T02:39:45.000,Driver Complaint - Passenger,Unsafe Driving,passenger,False,BROOKLYN,72,East Flatbush/Remsen Village,Brooklyn,mapped
69827490,2026-07-24T07:01:19.000,Driver Report - Non Passenger,Cell Phone Use,non_passenger,False,MANHATTAN,244,Washington Heights South,Manhattan,mapped
69827505,2026-07-24T19:15:47.000,Driver Complaint - Non Passenger,Unsafe Driving,non_passenger,False,MANHATTAN,48,Clinton East,Manhattan,mapped
69828816,2026-07-24T17:46:32.000,Driver Complaint - Passenger,Refused Pick-Up,passenger,True,BRONX,247,West Concourse,Bronx,mapped
69828817,2026-07-24T10:27:36.000,Driver Complaint - Passenger,Unsafe Driving,passenger,False,MANHATTAN,74,East Harlem North,Manhattan,mapped
69829003,2026-07-24T19:11:44.000,Driver Complaint - Non Passenger,Unsafe Driving,non_passenger,False,MANHATTAN,113,Greenwich Village North,Manhattan,mapped
69829004,2026-07-24T15:47:24.000,Driver Complaint - Non Passenger,Unsafe Driving,non_passenger,False,BROOKLYN,181,Park Slope,Brooklyn,mapped
69829005,2026-07-24T14:06:33.000,Driver Complaint - Non Passenger,Unsafe Driving,non_passenger,False,MANHATTAN,230,Times Sq/Theatre District,Manhattan,mapped
69830416,2026-07-24T01:58:51.000,Driver Complaint - Non Passenger,Unsafe Driving,non_passenger,False,MANHATTAN,125,Hudson Sq,Manhattan,mapped
69830417,2026-07-24T07:13:09.000,Driver Complaint - Non Passenger,Unsafe Driving,non_passenger,False,MANHATTAN,244,Washington Heights South,Manhattan,mapped
69831736,2026-07-24T16:49:44.000,Driver Complaint - Passenger,Denied Request,passenger,True,BRONX,182,Parkchester,Bronx,mapped
69831737,2026-07-24T13:03:01.000,Driver Complaint - Passenger,Denied Request,passenger,True,MANHATTAN,234,Union Sq,Manhattan,mapped
69831887,2026-07-24T18:27:25.000,Driver Complaint - Non Passenger,Unsafe Driving,non_passenger,False,BRONX,94,Fordham South,Bronx,mapped
69831888,2026-07-24T08:13:06.000,Driver Complaint - Non Passenger,Unsafe Driving,non_passenger,False,BROOKLYN,181,Park Slope,Brooklyn,mapped
69833040,2026-07-24T06:42:30.000,Driver Complaint - Passenger,Cell Phone Use,passenger,False,BRONX,81,Eastchester,Bronx,mapped
69833122,2026-07-24T22:34:48.000,Car Service Company Complaint,Fare/Tip/Receipt,passenger,False,QUEENS,132,JFK Airport,Queens,mapped
69833123,2026-07-24T13:23:17.000,Car Service Company Complaint,Unlicensed/Unauthorized,passenger,False,BRONX,174,Norwood,Bronx,mapped
69833124,2026-07-24T22:59:44.000,Driver Complaint - Non Passenger,Unsafe Driving,non_passenger,False,MANHATTAN,249,West Village,Manhattan,mapped
69834593,2026-07-24T04:15:02.000,Car Service Company Complaint,Fare/Tip/Receipt,passenger,False,Unspecified,,,,no_coordinates
69834594,2026-07-24T22:06:31.000,Driver Complaint - Passenger,License Not Displayed,passenger,False,QUEENS,132,JFK Airport,Queens,mapped
69834781,2026-07-24T17:35:54.000,Driver Complaint - Non Passenger,Unsafe Driving,non_passenger,False,BROOKLYN,181,Park Slope,Brooklyn,mapped
69834782,2026-07-24T16:16:30.000,Driver Complaint - Non Passenger,Unsafe Driving,non_passenger,False,BROOKLYN,37,Bushwick South,Brooklyn,mapped
69834783,2026-07-24T20:29:56.000,Driver Complaint - Non Passenger,Unsafe Driving,non_passenger,False,BROOKLYN,89,Flatbush/Ditmas Park,Brooklyn,mapped
69836087,2026-07-24T15:18:28.000,Car Service Company Complaint,Fare/Tip/Receipt,passenger,False,Unspecified,,,,no_coordinates
69836088,2026-07-24T08:15:49.000,Driver Complaint - Non Passenger,Unsafe Driving,non_passenger,False,BROOKLYN,62,Crown Heights South,Brooklyn,mapped
69836089,2026-07-25T01:35:56.000,Driver Complaint - Non Passenger,Unsafe Driving,non_passenger,False,MANHATTAN,249,West Village,Manhattan,mapped
69836090,2026-07-24T17:29:03.000,Driver Complaint - Non Passenger,Unsafe Driving,non_passenger,False,MANHATTAN,114,Greenwich Village South,Manhattan,mapped
69836252,2026-07-24T16:40:18.000,Driver Complaint - Non Passenger,Unsafe Driving,non_passenger,False,QUEENS,129,Jackson Heights,Queens,mapped
69836253,2026-07-24T08:17:13.000,Driver Complaint - Non Passenger,Unsafe Driving,non_passenger,False,BROOKLYN,25,Boerum Hill,Brooklyn,mapped
69836254,2026-07-24T07:08:32.000,Driver Complaint - Non Passenger,Unsafe Driving,non_passenger,False,BROOKLYN,97,Fort Greene,Brooklyn,mapped
69837479,2026-07-25T17:13:19.000,Driver Complaint - Non Passenger,Unsafe Driving,non_passenger,False,MANHATTAN,79,East Village,Manhattan,mapped
69837480,2026-07-25T18:04:29.000,Driver Complaint - Passenger,Refused Pick-Up,passenger,True,QUEENS,130,Jamaica,Queens,mapped
69837481,2026-07-26T00:14:33.000,Driver Complaint - Passenger,Unsafe Driving,passenger,False,MANHATTAN,186,Penn Station/Madison Sq West,Manhattan,mapped
69837669,2026-07-25T20:51:24.000,Driver Complaint - Non Passenger,Unsafe Driving,non_passenger,False,MANHATTAN,229,Sutton Place/Turtle Bay North,Manhattan,mapped
69837670,2026-07-25T15:59:25.000,Driver Complaint - Non Passenger,Unsafe Driving,non_passenger,False,QUEENS,216,South Ozone Park,Queens,mapped
69837671,2026-07-25T20:34:23.000,Driver Complaint - Non Passenger,Unsafe Driving,non_passenger,False,MANHATTAN,234,Union Sq,Manhattan,mapped
69837672,2026-07-25T20:28:19.000,Driver Complaint - Non Passenger,Unsafe Driving,non_passenger,False,MANHATTAN,90,Flatiron,Manhattan,mapped
69837673,2026-07-25T13:22:18.000,Driver Complaint - Non Passenger,Unsafe Driving,non_passenger,False,BROOKLYN,49,Clinton Hill,Brooklyn,mapped
69837674,2026-07-25T20:20:39.000,Driver Complaint - Non Passenger,Unsafe Driving,non_passenger,False,MANHATTAN,68,East Chelsea,Manhattan,mapped
69837675,2026-07-25T12:28:06.000,Driver Complaint - Non Passenger,Unsafe Driving,non_passenger,False,MANHATTAN,230,Times Sq/Theatre District,Manhattan,mapped
69838784,2026-07-25T16:01:12.000,Driver Complaint - Non Passenger,Unsafe Driving,non_passenger,False,BROOKLYN,63,Cypress Hills,Brooklyn,mapped
69838981,2026-07-25T13:04:36.000,Driver Complaint - Non Passenger,Unsafe Driving,non_passenger,False,BROOKLYN,228,Sunset Park West,Brooklyn,mapped
69838982,2026-07-25T13:30:28.000,Driver Complaint - Non Passenger,Unsafe Driving,non_passenger,False,BROOKLYN,49,Clinton Hill,Brooklyn,mapped
69838983,2026-07-25T13:27:11.000,Driver Complaint - Non Passenger,Unsafe Driving,non_passenger,False,BROOKLYN,17,Bedford,Brooklyn,mapped
69838984,2026-07-25T23:26:33.000,Driver Complaint - Non Passenger,Unsafe Driving,non_passenger,False,QUEENS,145,Long Island City/Hunters Point,Queens,mapped
69838985,2026-07-25T15:55:40.000,Driver Complaint - Non Passenger,Unsafe Driving,non_passenger,False,QUEENS,93,Flushing Meadows-Corona Park,Queens,mapped
69840355,2026-07-25T20:27:18.000,Driver Complaint - Non Passenger,Unsafe Driving,non_passenger,False,MANHATTAN,90,Flatiron,Manhattan,mapped
69840356,2026-07-25T19:59:19.000,Driver Complaint - Non Passenger,Unsafe Driving,non_passenger,False,MANHATTAN,170,Murray Hill,Manhattan,mapped
69840357,2026-07-25T12:47:32.000,Driver Complaint - Non Passenger,Unsafe Driving,non_passenger,False,BROOKLYN,25,Boerum Hill,Brooklyn,mapped
69840358,2026-07-25T20:18:39.000,Driver Complaint - Non Passenger,Unsafe Driving,non_passenger,False,MANHATTAN,170,Murray Hill,Manhattan,mapped
69840359,2026-07-25T13:07:36.000,Driver Complaint - Non Passenger,Unsafe Driving,non_passenger,False,BROOKLYN,181,Park Slope,Brooklyn,mapped
69841490,2026-07-26T01:05:51.000,Driver Complaint - Passenger,Fare/Tip/Receipt,passenger,False,QUEENS,132,JFK Airport,Queens,mapped
69841674,2026-07-25T22:07:59.000,Driver Complaint - Non Passenger,Unsafe Driving,non_passenger,False,STATEN ISLAND,,,,no_coordinates
69841687,2026-07-25T21:09:11.000,Driver Complaint - Non Passenger,Unsafe Driving,non_passenger,False,QUEENS,193,Queensbridge/Ravenswood,Queens,mapped
69841688,2026-07-25T19:03:08.000,Driver Complaint - Non Passenger,Unsafe Driving,non_passenger,False,MANHATTAN,236,Upper East Side North,Manhattan,mapped
69842819,2026-07-25T16:56:22.000,Driver Complaint - Passenger,Discourteous,passenger,False,BRONX,174,Norwood,Bronx,mapped
69842820,2026-07-25T08:44:29.000,Driver Complaint - Passenger,Discourteous,passenger,False,BROOKLYN,37,Bushwick South,Brooklyn,mapped
69843019,2026-07-25T23:08:55.000,Driver Complaint - Non Passenger,Unauthorized Pick-Up Location,non_passenger,False,BROOKLYN,256,Williamsburg (South Side),Brooklyn,mapped
69843020,2026-07-25T20:03:57.000,Driver Report - Non Passenger,Cell Phone Use,non_passenger,False,MANHATTAN,127,Inwood,Manhattan,mapped
69843033,2026-07-25T20:52:27.000,Driver Complaint - Non Passenger,Unsafe Driving,non_passenger,False,MANHATTAN,233,UN/Turtle Bay South,Manhattan,mapped
69843034,2026-07-25T20:49:58.000,Driver Complaint - Non Passenger,Unsafe Driving,non_passenger,False,MANHATTAN,233,UN/Turtle Bay South,Manhattan,mapped
69843035,2026-07-25T20:49:04.000,Driver Complaint - Non Passenger,Unsafe Driving,non_passenger,False,MANHATTAN,233,UN/Turtle Bay South,Manhattan,mapped
69843036,2026-07-25T20:15:57.000,Driver Complaint - Non Passenger,Unsafe Driving,non_passenger,False,MANHATTAN,107,Gramercy,Manhattan,mapped
69843037,2026-07-25T20:46:26.000,Driver Complaint - Non Passenger,Unsafe Driving,non_passenger,False,MANHATTAN,137,Kips Bay,Manhattan,mapped
69843038,2026-07-25T20:45:30.000,Driver Complaint - Non Passenger,Unsafe Driving,non_passenger,False,MANHATTAN,137,Kips Bay,Manhattan,mapped
69843039,2026-07-25T16:06:05.000,Driver Complaint - Non Passenger,Unsafe Driving,non_passenger,False,MANHATTAN,13,Battery Park City,Manhattan,mapped
69843040,2026-07-25T13:29:26.000,Driver Complaint - Non Passenger,Unsafe Driving,non_passenger,False,BROOKLYN,49,Clinton Hill,Brooklyn,mapped
69843041,2026-07-25T20:30:54.000,Driver Complaint - Non Passenger,Unsafe Driving,non_passenger,False,MANHATTAN,90,Flatiron,Manhattan,mapped
69843042,2026-07-25T20:26:15.000,Driver Complaint - Non Passenger,Unsafe Driving,non_passenger,False,MANHATTAN,107,Gramercy,Manhattan,mapped
69843043,2026-07-25T20:19:36.000,Driver Complaint - Non Passenger,Unsafe Driving,non_passenger,False,MANHATTAN,68,East Chelsea,Manhattan,mapped
69844250,2026-07-25T09:55:23.000,Driver Complaint - Non Passenger,Unsafe Driving,non_passenger,False,BROOKLYN,61,Crown Heights North,Brooklyn,mapped
69844251,2026-07-25T19:58:48.000,Driver Complaint - Passenger,Drop-Off Refused,passenger,False,QUEENS,121,Hillcrest/Pomonok,Queens,mapped
69844252,2026-07-25T16:02:27.000,Driver Complaint - Passenger,Fare/Tip/Receipt,passenger,False,QUEENS,253,Willets Point,Queens,mapped
69844425,2026-07-25T15:52:42.000,Driver Report - Non Passenger,Cell Phone Use,non_passenger,False,QUEENS,216,South Ozone Park,Queens,mapped
69844438,2026-07-25T20:55:05.000,Driver Complaint - Non Passenger,Unsafe Driving,non_passenger,False,MANHATTAN,107,Gramercy,Manhattan,mapped
69844439,2026-07-25T20:44:34.000,Driver Complaint - Non Passenger,Unsafe Driving,non_passenger,False,MANHATTAN,233,UN/Turtle Bay South,Manhattan,mapped
69844440,2026-07-25T20:39:22.000,Driver Complaint - Non Passenger,Unsafe Driving,non_passenger,False,MANHATTAN,137,Kips Bay,Manhattan,mapped
69844441,2026-07-25T20:36:51.000,Driver Complaint - Non Passenger,Unsafe Driving,non_passenger,False,MANHATTAN,234,Union Sq,Manhattan,mapped
69844442,2026-07-25T20:32:00.000,Driver Complaint - Non Passenger,Unsafe Driving,non_passenger,False,MANHATTAN,234,Union Sq,Manhattan,mapped
69845636,2026-07-25T10:43:27.000,Car Service Company Complaint,Fare/Tip/Receipt,passenger,False,Unspecified,,,,no_coordinates
69845637,2026-07-25T23:10:12.000,Driver Complaint - Non Passenger,Unsafe Driving,non_passenger,False,BRONX,46,City Island,Bronx,mapped
69845811,2026-07-25T20:43:24.000,Driver Complaint - Non Passenger,Unsafe Driving,non_passenger,False,MANHATTAN,229,Sutton Place/Turtle Bay North,Manhattan,mapped
69845812,2026-07-25T20:22:16.000,Driver Complaint - Non Passenger,Unsafe Driving,non_passenger,False,MANHATTAN,164,Midtown South,Manhattan,mapped
69845813,2026-07-25T18:57:29.000,Driver Complaint - Non Passenger,Unsafe Driving,non_passenger,False,MANHATTAN,237,Upper East Side South,Manhattan,mapped
69845814,2026-07-25T21:46:39.000,Driver Complaint - Non Passenger,Unsafe Driving,non_passenger,False,MANHATTAN,164,Midtown South,Manhattan,mapped
69845815,2026-07-25T21:43:35.000,Driver Complaint - Non Passenger,Unsafe Driving,non_passenger,False,MANHATTAN,164,Midtown South,Manhattan,mapped
69845816,2026-07-25T20:09:50.000,Driver Complaint - Non Passenger,Unsafe Driving,non_passenger,False,BROOKLYN,49,Clinton Hill,Brooklyn,mapped
69846907,2026-07-25T22:56:28.000,Driver Complaint - Passenger,Discourteous,passenger,False,QUEENS,132,JFK Airport,Queens,mapped
69847085,2026-07-25T20:56:23.000,Driver Complaint - Non Passenger,Unsafe Driving,non_passenger,False,BROOKLYN,181,Park Slope,Brooklyn,mapped
69847086,2026-07-25T20:54:04.000,Driver Complaint - Non Passenger,Unsafe Driving,non_passenger,False,MANHATTAN,233,UN/Turtle Bay South,Manhattan,mapped
69847087,2026-07-25T09:39:37.000,Driver Complaint - Non Passenger,Unsafe Driving,non_passenger,False,BROOKLYN,61,Crown Heights North,Brooklyn,mapped
69847088,2026-07-25T20:42:24.000,Driver Complaint - Non Passenger,Unsafe Driving,non_passenger,False,QUEENS,145,Long Island City/Hunters Point,Queens,mapped
69847089,2026-07-25T20:41:24.000,Driver Complaint - Non Passenger,Unsafe Driving,non_passenger,False,MANHATTAN,137,Kips Bay,Manhattan,mapped
69847090,2026-07-25T20:13:06.000,Driver Complaint - Non Passenger,Unsafe Driving,non_passenger,False,MANHATTAN,148,Lower East Side,Manhattan,mapped
69847091,2026-07-25T21:38:32.000,Driver Complaint - Non Passenger,Unsafe Driving,non_passenger,False,BROOKLYN,177,Ocean Hill,Brooklyn,mapped
69847092,2026-07-25T20:25:17.000,Driver Complaint - Non Passenger,Unsafe Driving,non_passenger,False,MANHATTAN,107,Gramercy,Manhattan,mapped
69848253,2026-07-26T20:39:08.000,Driver Complaint - Passenger,Discourteous,passenger,False,MANHATTAN,231,TriBeCa/Civic Center,Manhattan,mapped
69848254,2026-07-26T16:28:00.000,Driver Complaint - Passenger,Fare/Tip/Receipt,passenger,False,QUEENS,132,JFK Airport,Queens,mapped
69848508,2026-07-26T21:24:51.000,Driver Complaint - Non Passenger,Unsafe Driving,non_passenger,False,MANHATTAN,229,Sutton Place/Turtle Bay North,Manhattan,mapped
69848509,2026-07-26T21:22:50.000,Driver Complaint - Non Passenger,Unsafe Driving,non_passenger,False,MANHATTAN,229,Sutton Place/Turtle Bay North,Manhattan,mapped
69848510,2026-07-26T20:50:15.000,Driver Complaint - Non Passenger,Unsafe Driving,non_passenger,False,MANHATTAN,142,Lincoln Square East,Manhattan,mapped
69848511,2026-07-26T21:48:49.000,Driver Complaint - Non Passenger,Unsafe Driving,non_passenger,False,MANHATTAN,162,Midtown East,Manhattan,mapped
69849634,2026-07-26T18:18:06.000,Driver Complaint - Non Passenger,Unsafe Driving,non_passenger,False,MANHATTAN,144,Little Italy/NoLiTa,Manhattan,mapped
69849635,2026-07-26T12:04:30.000,Driver Complaint - Non Passenger,Unsafe Driving,non_passenger,False,BROOKLYN,228,Sunset Park West,Brooklyn,mapped
69849636,2026-07-26T22:59:51.000,Driver Complaint - Passenger,Refused Pick-Up,passenger,True,BROOKLYN,49,Clinton Hill,Brooklyn,mapped
69849895,2026-07-26T20:28:30.000,Driver Complaint - Non Passenger,Unsafe Driving,non_passenger,False,MANHATTAN,162,Midtown East,Manhattan,mapped
69849896,2026-07-26T22:05:24.000,Driver Complaint - Non Passenger,Unsafe Driving,non_passenger,False,BROOKLYN,112,Greenpoint,Brooklyn,mapped
69849897,2026-07-26T21:58:42.000,Driver Complaint - Non Passenger,Unsafe Driving,non_passenger,False,QUEENS,145,Long Island City/Hunters Point,Queens,mapped
69851069,2026-07-26T15:45:47.000,Car Service Company Complaint,Fare/Tip/Receipt,passenger,False,QUEENS,132,JFK Airport,Queens,mapped
69851344,2026-07-26T12:06:52.000,Driver Complaint - Non Passenger,Unsafe Driving,non_passenger,False,MANHATTAN,170,Murray Hill,Manhattan,mapped
69852824,2026-07-26T22:16:47.000,Driver Complaint - Non Passenger,Unsafe Driving,non_passenger,False,BROOKLYN,112,Greenpoint,Brooklyn,mapped
69852825,2026-07-26T11:13:11.000,Driver Complaint - Non Passenger,Unsafe Driving,non_passenger,False,MANHATTAN,50,Clinton West,Manhattan,mapped
69853934,2026-07-26T21:53:52.000,Driver Complaint - Non Passenger,Unsafe Driving,non_passenger,False,Unspecified,,,,no_coordinates
69853935,2026-07-26T17:02:20.000,Driver Complaint - Non Passenger,Unsafe Driving,non_passenger,False,MANHATTAN,148,Lower East Side,Manhattan,mapped
69854179,2026-07-26T17:21:00.000,Driver Complaint - Non Passenger,Unsafe Driving,non_passenger,False,BROOKLYN,37,Bushwick South,Brooklyn,mapped
69854180,2026-07-26T22:13:52.000,Driver Complaint - Non Passenger,Unsafe Driving,non_passenger,False,BROOKLYN,112,Greenpoint,Brooklyn,mapped
69854181,2026-07-26T22:01:40.000,Driver Complaint - Non Passenger,Unsafe Driving,non_passenger,False,BROOKLYN,112,Greenpoint,Brooklyn,mapped
69854182,2026-07-26T19:30:55.000,Driver Complaint - Non Passenger,Unsafe Driving,non_passenger,False,Unspecified,,,,no_coordinates
69855302,2026-07-26T15:34:32.000,Car Service Company Complaint,Discourteous,passenger,False,BRONX,248,West Farms/Bronx River,Bronx,mapped
69855303,2026-07-26T21:31:11.000,Driver Complaint - Non Passenger,Unsafe Driving,non_passenger,False,Unspecified,,,,no_coordinates
69855304,2026-07-26T15:53:21.000,Driver Complaint - Non Passenger,Unsafe Driving,non_passenger,False,MANHATTAN,151,Manhattan Valley,Manhattan,mapped
69855305,2026-07-26T15:33:57.000,Driver Complaint - Passenger,Discourteous,passenger,False,BRONX,248,West Farms/Bronx River,Bronx,mapped
69855541,2026-07-26T20:47:03.000,Driver Complaint - Non Passenger,Unsafe Driving,non_passenger,False,MANHATTAN,142,Lincoln Square East,Manhattan,mapped
69855542,2026-07-26T21:51:27.000,Driver Complaint - Non Passenger,Unsafe Driving,non_passenger,False,MANHATTAN,234,Union Sq,Manhattan,mapped
69855543,2026-07-26T19:57:06.000,Driver Complaint - Non Passenger,Unsafe Driving,non_passenger,False,MANHATTAN,41,Central Harlem,Manhattan,mapped
69855544,2026-07-26T13:34:00.000,Driver Complaint - Non Passenger,Unsafe Driving,non_passenger,False,BROOKLYN,22,Bensonhurst West,Brooklyn,mapped
69856701,2026-07-26T10:29:17.000,Driver Complaint - Non Passenger,Unsafe Driving,non_passenger,False,QUEENS,98,Fresh Meadows,Queens,mapped
69856971,2026-07-26T21:27:19.000,Driver Complaint - Non Passenger,Unsafe Driving,non_passenger,False,MANHATTAN,229,Sutton Place/Turtle Bay North,Manhattan,mapped
69856972,2026-07-26T17:50:31.000,Driver Complaint - Non Passenger,Unsafe Driving,non_passenger,False,MANHATTAN,79,East Village,Manhattan,mapped
69856973,2026-07-26T22:11:23.000,Driver Complaint - Non Passenger,Unsafe Driving,non_passenger,False,BROOKLYN,112,Greenpoint,Brooklyn,mapped
69856974,2026-07-26T21:53:10.000,Driver Complaint - Non Passenger,Unsafe Driving,non_passenger,False,MANHATTAN,107,Gramercy,Manhattan,mapped
69856975,2026-07-26T20:52:14.000,Driver Complaint - Non Passenger,Unsafe Driving,non_passenger,False,MANHATTAN,50,Clinton West,Manhattan,mapped
69857107,2026-07-27T00:56:57.000,Driver Complaint - Passenger,Unclean Condition/Odor,passenger,False,QUEENS,138,LaGuardia Airport,Queens,mapped
69858397,2026-07-26T12:02:48.000,Driver Complaint - Non Passenger,Unsafe Driving,non_passenger,False,BRONX,182,Parkchester,Bronx,mapped
69858398,2026-07-26T22:08:46.000,Driver Complaint - Non Passenger,Unsafe Driving,non_passenger,False,BROOKLYN,112,Greenpoint,Brooklyn,mapped
69858399,2026-07-26T21:55:41.000,Driver Complaint - Non Passenger,Unsafe Driving,non_passenger,False,MANHATTAN,170,Murray Hill,Manhattan,mapped
69858400,2026-07-26T21:19:54.000,Driver Complaint - Non Passenger,Unsafe Driving,non_passenger,False,MANHATTAN,50,Clinton West,Manhattan,mapped
69859517,2026-07-27T19:56:24.000,Car Service Company Complaint,Service Delay/No Show,passenger,True,Unspecified,,,,no_coordinates
69859518,2026-07-27T12:16:56.000,Driver Complaint - Non Passenger,Unsafe Driving,non_passenger,False,MANHATTAN,127,Inwood,Manhattan,mapped
69859519,2026-07-27T09:31:29.000,Driver Complaint - Non Passenger,Unsafe Driving,non_passenger,False,MANHATTAN,113,Greenwich Village North,Manhattan,mapped
69859692,2026-07-27T20:55:56.000,Driver Complaint - Non Passenger,Cell Phone Use,non_passenger,False,BROOKLYN,177,Ocean Hill,Brooklyn,mapped
69861052,2026-07-27T17:55:17.000,Driver Complaint - Non Passenger,Unsafe Driving,non_passenger,False,MANHATTAN,142,Lincoln Square East,Manhattan,mapped
69861053,2026-07-27T11:24:29.000,Driver Complaint - Non Passenger,Unsafe Driving,non_passenger,False,MANHATTAN,68,East Chelsea,Manhattan,mapped
69862297,2026-07-27T08:44:37.000,Driver Complaint - Non Passenger,Unsafe Driving,non_passenger,False,BROOKLYN,112,Greenpoint,Brooklyn,mapped
69862298,2026-07-27T20:36:08.000,Driver Complaint - Passenger,Drop-Off Refused,passenger,False,MANHATTAN,107,Gramercy,Manhattan,mapped
69862453,2026-07-27T16:52:11.000,Driver Complaint - Non Passenger,Unsafe Driving,non_passenger,False,MANHATTAN,239,Upper West Side South,Manhattan,mapped
69863670,2026-07-27T17:43:06.000,Car Service Company Complaint,Unlicensed/Unauthorized,passenger,False,QUEENS,216,South Ozone Park,Queens,mapped
69863787,2026-07-27T16:36:59.000,Driver Report - Non Passenger,Cell Phone Use,non_passenger,False,MANHATTAN,239,Upper West Side South,Manhattan,mapped
69863788,2026-07-27T16:45:19.000,Driver Complaint - Non Passenger,Unsafe Driving,non_passenger,False,QUEENS,138,LaGuardia Airport,Queens,mapped
69863806,2026-07-27T12:47:58.000,Driver Complaint - Non Passenger,Unsafe Driving,non_passenger,False,QUEENS,260,Woodside,Queens,mapped
69863807,2026-07-27T19:11:34.000,Driver Complaint - Non Passenger,Unsafe Driving,non_passenger,False,QUEENS,226,Sunnyside,Queens,mapped
69863808,2026-07-27T16:43:41.000,Driver Complaint - Non Passenger,Unsafe Driving,non_passenger,False,MANHATTAN,239,Upper West Side South,Manhattan,mapped
69865042,2026-07-27T17:23:56.000,Driver Complaint - Non Passenger,Unsafe Driving,non_passenger,False,BROOKLYN,76,East New York,Brooklyn,mapped
69865043,2026-07-27T12:16:00.000,Driver Complaint - Non Passenger,Unsafe Driving,non_passenger,False,MANHATTAN,232,Two Bridges/Seward Park,Manhattan,mapped
69865194,2026-07-27T15:05:27.000,Driver Complaint - Non Passenger,Unsafe Driving,non_passenger,False,BROOKLYN,33,Brooklyn Heights,Brooklyn,mapped
69865195,2026-07-27T11:21:11.000,Driver Complaint - Non Passenger,Unsafe Driving,non_passenger,False,MANHATTAN,100,Garment District,Manhattan,mapped
69865196,2026-07-27T10:05:37.000,Driver Complaint - Non Passenger,Unsafe Driving,non_passenger,False,MANHATTAN,87,Financial District North,Manhattan,mapped
69865197,2026-07-27T17:15:24.000,Driver Complaint - Non Passenger,Unsafe Driving,non_passenger,False,MANHATTAN,239,Upper West Side South,Manhattan,mapped
69866396,2026-07-27T13:16:46.000,Driver Complaint - Non Passenger,Unsafe Driving,non_passenger,False,MANHATTAN,148,Lower East Side,Manhattan,mapped
69866397,2026-07-27T17:40:09.000,Driver Complaint - Passenger,Refused Pick-Up,passenger,True,BROOKLYN,76,East New York,Brooklyn,mapped
69866508,2026-07-27T21:45:50.000,Driver Complaint - Non Passenger,Unauthorized Pick-Up Location,non_passenger,False,BROOKLYN,112,Greenpoint,Brooklyn,mapped
69866528,2026-07-27T18:07:30.000,Driver Complaint - Non Passenger,Unsafe Driving,non_passenger,False,BRONX,136,Kingsbridge Heights,Bronx,mapped
69866529,2026-07-27T16:41:06.000,Driver Complaint - Non Passenger,Unsafe Driving,non_passenger,False,QUEENS,95,Forest Hills,Queens,mapped
69867763,2026-07-27T16:52:07.000,Car Service Company Complaint,Unlicensed/Unauthorized,passenger,False,Unspecified,,,,no_coordinates
69867764,2026-07-27T15:29:59.000,Driver Complaint - Non Passenger,Unsafe Driving,non_passenger,False,BRONX,168,Mott Haven/Port Morris,Bronx,mapped
69867883,2026-07-27T21:46:47.000,Driver Complaint - Non Passenger,Unauthorized Pick-Up Location,non_passenger,False,BROOKLYN,112,Greenpoint,Brooklyn,mapped
69867884,2026-07-27T13:47:24.000,Driver Complaint - Non Passenger,Unsafe Driving,non_passenger,False,MANHATTAN,246,West Chelsea/Hudson Yards,Manhattan,mapped
69867909,2026-07-27T11:19:25.000,Driver Complaint - Non Passenger,Unsafe Driving,non_passenger,False,MANHATTAN,246,West Chelsea/Hudson Yards,Manhattan,mapped
69867910,2026-07-27T12:37:42.000,Driver Complaint - Non Passenger,Unsafe Driving,non_passenger,False,QUEENS,101,Glen Oaks,Queens,mapped
69867911,2026-07-27T16:41:30.000,Driver Complaint - Non Passenger,Unsafe Driving,non_passenger,False,QUEENS,132,JFK Airport,Queens,mapped
69869188,2026-07-27T12:18:31.000,Driver Complaint - Non Passenger,Unsafe Driving,non_passenger,False,MANHATTAN,127,Inwood,Manhattan,mapped
69869334,2026-07-27T15:22:16.000,Driver Complaint - Non Passenger,Unsafe Driving,non_passenger,False,MANHATTAN,229,Sutton Place/Turtle Bay North,Manhattan,mapped
69869335,2026-07-27T18:19:22.000,Driver Complaint - Non Passenger,Unsafe Driving,non_passenger,False,BRONX,18,Bedford Park,Bronx,mapped
69870803,2026-07-28T16:13:48.000,Driver Complaint - Non Passenger,Unauthorized Pick-Up Location,non_passenger,False,QUEENS,179,Old Astoria,Queens,mapped
69870824,2026-07-28T20:09:58.000,Driver Complaint - Non Passenger,Unsafe Driving,non_passenger,False,MANHATTAN,164,Midtown South,Manhattan,mapped
69870825,2026-07-28T19:59:54.000,Driver Complaint - Non Passenger,Unsafe Driving,non_passenger,False,MANHATTAN,234,Union Sq,Manhattan,mapped
69870826,2026-07-28T22:12:17.000,Driver Complaint - Non Passenger,Unsafe Driving,non_passenger,False,BROOKLYN,49,Clinton Hill,Brooklyn,mapped
69870827,2026-07-28T21:48:12.000,Driver Complaint - Non Passenger,Unsafe Driving,non_passenger,False,BROOKLYN,112,Greenpoint,Brooklyn,mapped
69870828,2026-07-28T21:08:09.000,Driver Complaint - Non Passenger,Unsafe Driving,non_passenger,False,BROOKLYN,112,Greenpoint,Brooklyn,mapped
69870829,2026-07-28T16:44:43.000,Driver Complaint - Non Passenger,Unsafe Driving,non_passenger,False,MANHATTAN,164,Midtown South,Manhattan,mapped
69870830,2026-07-29T01:07:46.000,Driver Complaint - Non Passenger,Unsafe Driving,non_passenger,False,QUEENS,226,Sunnyside,Queens,mapped
69870831,2026-07-28T20:39:55.000,Driver Complaint - Non Passenger,Unsafe Driving,non_passenger,False,MANHATTAN,234,Union Sq,Manhattan,mapped
69870832,2026-07-28T13:39:40.000,Driver Complaint - Non Passenger,Unsafe Driving,non_passenger,False,BRONX,168,Mott Haven/Port Morris,Bronx,mapped
69872187,2026-07-28T16:03:55.000,Driver Complaint - Passenger,Fare/Tip/Receipt,passenger,False,QUEENS,132,JFK Airport,Queens,mapped
69872273,2026-07-28T18:45:16.000,Driver Complaint - Non Passenger,Unauthorized Pick-Up Location,non_passenger,False,BROOKLYN,22,Bensonhurst West,Brooklyn,mapped
69872300,2026-07-28T20:10:55.000,Driver Complaint - Non Passenger,Unsafe Driving,non_passenger,False,MANHATTAN,164,Midtown South,Manhattan,mapped
69872301,2026-07-28T20:07:59.000,Driver Complaint - Non Passenger,Unsafe Driving,non_passenger,False,MANHATTAN,186,Penn Station/Madison Sq West,Manhattan,mapped
69872302,2026-07-28T20:04:42.000,Driver Complaint - Non Passenger,Unsafe Driving,non_passenger,False,MANHATTAN,186,Penn Station/Madison Sq West,Manhattan,mapped
69872303,2026-07-28T19:21:22.000,Driver Complaint - Non Passenger,Unsafe Driving,non_passenger,False,QUEENS,129,Jackson Heights,Queens,mapped
69872304,2026-07-28T21:44:59.000,Driver Complaint - Non Passenger,Unsafe Driving,non_passenger,False,BROOKLYN,112,Greenpoint,Brooklyn,mapped
69872305,2026-07-28T21:41:52.000,Driver Complaint - Non Passenger,Unsafe Driving,non_passenger,False,BROOKLYN,112,Greenpoint,Brooklyn,mapped
69872306,2026-07-28T19:38:04.000,Driver Complaint - Non Passenger,Unsafe Driving,non_passenger,False,MANHATTAN,233,UN/Turtle Bay South,Manhattan,mapped
69872307,2026-07-28T22:33:26.000,Driver Complaint - Non Passenger,Unsafe Driving,non_passenger,False,MANHATTAN,233,UN/Turtle Bay South,Manhattan,mapped
69872308,2026-07-28T21:16:33.000,Driver Complaint - Non Passenger,Unsafe Driving,non_passenger,False,BROOKLYN,112,Greenpoint,Brooklyn,mapped
69872309,2026-07-28T12:00:28.000,Driver Complaint - Non Passenger,Unsafe Driving,non_passenger,False,BROOKLYN,65,Downtown Brooklyn/MetroTech,Brooklyn,mapped
69872310,2026-07-28T20:31:32.000,Driver Complaint - Non Passenger,Unsafe Driving,non_passenger,False,MANHATTAN,113,Greenwich Village North,Manhattan,mapped
69872311,2026-07-28T20:28:39.000,Driver Complaint - Non Passenger,Unsafe Driving,non_passenger,False,MANHATTAN,231,TriBeCa/Civic Center,Manhattan,mapped
69872312,2026-07-28T20:14:40.000,Driver Complaint - Non Passenger,Unsafe Driving,non_passenger,False,MANHATTAN,170,Murray Hill,Manhattan,mapped
69872313,2026-07-28T15:37:54.000,Driver Complaint - Non Passenger,Unsafe Driving,non_passenger,False,MANHATTAN,148,Lower East Side,Manhattan,mapped
69872314,2026-07-28T19:29:52.000,Driver Complaint - Non Passenger,Unsafe Driving,non_passenger,False,MANHATTAN,162,Midtown East,Manhattan,mapped
69873662,2026-07-28T13:10:52.000,Driver Complaint - Passenger,Discourteous,passenger,False,BROOKLYN,66,DUMBO/Vinegar Hill,Brooklyn,mapped
69873746,2026-07-28T16:09:12.000,Driver Complaint - Non Passenger,Unauthorized Pick-Up Location,non_passenger,False,QUEENS,223,Steinway,Queens,mapped
69873769,2026-07-28T20:08:55.000,Driver Complaint - Non Passenger,Unsafe Driving,non_passenger,False,MANHATTAN,186,Penn Station/Madison Sq West,Manhattan,mapped
69873770,2026-07-28T19:49:29.000,Driver Complaint - Non Passenger,Unsafe Driving,non_passenger,False,MANHATTAN,113,Greenwich Village North,Manhattan,mapped
69873771,2026-07-28T22:08:15.000,Driver Complaint - Non Passenger,Unsafe Driving,non_passenger,False,BROOKLYN,112,Greenpoint,Brooklyn,mapped
69873772,2026-07-28T22:00:31.000,Driver Complaint - Non Passenger,Unsafe Driving,non_passenger,False,BROOKLYN,112,Greenpoint,Brooklyn,mapped
69873773,2026-07-28T21:36:01.000,Driver Complaint - Non Passenger,Unsafe Driving,non_passenger,False,BROOKLYN,112,Greenpoint,Brooklyn,mapped
69873774,2026-07-28T21:11:32.000,Driver Complaint - Non Passenger,Unsafe Driving,non_passenger,False,BROOKLYN,112,Greenpoint,Brooklyn,mapped
69873775,2026-07-28T16:45:35.000,Driver Complaint - Non Passenger,Unsafe Driving,non_passenger,False,MANHATTAN,90,Flatiron,Manhattan,mapped
69873776,2026-07-28T19:36:53.000,Driver Complaint - Non Passenger,Unsafe Driving,non_passenger,False,MANHATTAN,162,Midtown East,Manhattan,mapped
69873777,2026-07-28T19:35:59.000,Driver Complaint - Non Passenger,Unsafe Driving,non_passenger,False,MANHATTAN,162,Midtown East,Manhattan,mapped
69873778,2026-07-28T15:58:19.000,Driver Complaint - Non Passenger,Unsafe Driving,non_passenger,False,MANHATTAN,148,Lower East Side,Manhattan,mapped
69873779,2026-07-28T22:23:54.000,Driver Complaint - Non Passenger,Unsafe Driving,non_passenger,False,BROOKLYN,112,Greenpoint,Brooklyn,mapped
69873780,2026-07-28T22:18:52.000,Driver Complaint - Non Passenger,Unsafe Driving,non_passenger,False,BROOKLYN,112,Greenpoint,Brooklyn,mapped
69873781,2026-07-28T20:37:27.000,Driver Complaint - Non Passenger,Unsafe Driving,non_passenger,False,MANHATTAN,234,Union Sq,Manhattan,mapped
69873782,2026-07-28T20:36:03.000,Driver Complaint - Non Passenger,Unsafe Driving,non_passenger,False,MANHATTAN,79,East Village,Manhattan,mapped
69873783,2026-07-28T20:26:32.000,Driver Complaint - Non Passenger,Unsafe Driving,non_passenger,False,MANHATTAN,231,TriBeCa/Civic Center,Manhattan,mapped
69873784,2026-07-28T20:22:59.000,Driver Complaint - Non Passenger,Unsafe Driving,non_passenger,False,MANHATTAN,125,Hudson Sq,Manhattan,mapped
69873785,2026-07-28T15:41:29.000,Driver Complaint - Non Passenger,Unsafe Driving,non_passenger,False,MANHATTAN,148,Lower East Side,Manhattan,mapped
69873786,2026-07-28T10:28:16.000,Driver Complaint - Non Passenger,Unsafe Driving,non_passenger,False,QUEENS,132,JFK Airport,Queens,mapped
69875143,2026-07-28T16:10:56.000,Driver Complaint - Passenger,Unsafe Driving,passenger,False,MANHATTAN,88,Financial District South,Manhattan,mapped
69875255,2026-07-28T21:53:11.000,Driver Complaint - Non Passenger,Unsafe Driving,non_passenger,False,BROOKLYN,112,Greenpoint,Brooklyn,mapped
69875256,2026-07-28T19:44:18.000,Driver Complaint - Non Passenger,Unsafe Driving,non_passenger,False,MANHATTAN,162,Midtown East,Manhattan,mapped
69875257,2026-07-28T19:39:02.000,Driver Complaint - Non Passenger,Unsafe Driving,non_passenger,False,MANHATTAN,162,Midtown East,Manhattan,mapped
69875258,2026-07-28T19:34:00.000,Driver Complaint - Non Passenger,Unsafe Driving,non_passenger,False,MANHATTAN,162,Midtown East,Manhattan,mapped
69875259,2026-07-28T22:32:31.000,Driver Complaint - Non Passenger,Unsafe Driving,non_passenger,False,MANHATTAN,148,Lower East Side,Manhattan,mapped
69875260,2026-07-28T22:31:31.000,Driver Complaint - Non Passenger,Unsafe Driving,non_passenger,False,MANHATTAN,137,Kips Bay,Manhattan,mapped
69875261,2026-07-28T22:15:50.000,Driver Complaint - Non Passenger,Unsafe Driving,non_passenger,False,BROOKLYN,112,Greenpoint,Brooklyn,mapped
69875262,2026-07-28T20:43:20.000,Driver Complaint - Non Passenger,Unsafe Driving,non_passenger,False,MANHATTAN,90,Flatiron,Manhattan,mapped
69875263,2026-07-28T20:40:52.000,Driver Complaint - Non Passenger,Unsafe Driving,non_passenger,False,MANHATTAN,234,Union Sq,Manhattan,mapped
69876686,2026-07-28T10:25:56.000,Driver Complaint - Non Passenger,Unsafe Driving,non_passenger,False,BRONX,78,East Tremont,Bronx,mapped
69876687,2026-07-28T21:03:27.000,Driver Complaint - Non Passenger,Unsafe Driving,non_passenger,False,BROOKLYN,112,Greenpoint,Brooklyn,mapped
69876688,2026-07-28T20:11:50.000,Driver Complaint - Non Passenger,Unsafe Driving,non_passenger,False,MANHATTAN,170,Murray Hill,Manhattan,mapped
69876689,2026-07-28T20:07:04.000,Driver Complaint - Non Passenger,Unsafe Driving,non_passenger,False,MANHATTAN,186,Penn Station/Madison Sq West,Manhattan,mapped
69876690,2026-07-28T20:02:12.000,Driver Complaint - Non Passenger,Unsafe Driving,non_passenger,False,MANHATTAN,234,Union Sq,Manhattan,mapped
69876691,2026-07-28T22:03:00.000,Driver Complaint - Non Passenger,Unsafe Driving,non_passenger,False,BROOKLYN,112,Greenpoint,Brooklyn,mapped
69876692,2026-07-28T19:41:31.000,Driver Complaint - Non Passenger,Unsafe Driving,non_passenger,False,MANHATTAN,162,Midtown East,Manhattan,mapped
69876693,2026-07-28T19:34:56.000,Driver Complaint - Non Passenger,Unsafe Driving,non_passenger,False,MANHATTAN,162,Midtown East,Manhattan,mapped
69876694,2026-07-28T22:26:11.000,Driver Complaint - Non Passenger,Unsafe Driving,non_passenger,False,BROOKLYN,112,Greenpoint,Brooklyn,mapped
69876695,2026-07-28T21:26:40.000,Driver Complaint - Non Passenger,Unsafe Driving,non_passenger,False,BROOKLYN,112,Greenpoint,Brooklyn,mapped
69876696,2026-07-28T20:25:36.000,Driver Complaint - Non Passenger,Unsafe Driving,non_passenger,False,MANHATTAN,231,TriBeCa/Civic Center,Manhattan,mapped
69876697,2026-07-28T20:18:25.000,Driver Complaint - Non Passenger,Unsafe Driving,non_passenger,False,MANHATTAN,170,Murray Hill,Manhattan,mapped
69876698,2026-07-28T20:14:00.000,Driver Complaint - Non Passenger,Unsafe Driving,non_passenger,False,QUEENS,260,Woodside,Queens,mapped
69877999,2026-07-28T15:40:40.000,Driver Complaint - Passenger,Unsafe Driving,passenger,False,MANHATTAN,140,Lenox Hill East,Manhattan,mapped
69878194,2026-07-28T20:05:39.000,Driver Complaint - Non Passenger,Unsafe Driving,non_passenger,False,MANHATTAN,186,Penn Station/Madison Sq West,Manhattan,mapped
69878195,2026-07-28T19:47:35.000,Driver Complaint - Non Passenger,Unsafe Driving,non_passenger,False,MANHATTAN,113,Greenwich Village North,Manhattan,mapped
69878196,2026-07-28T22:05:20.000,Driver Complaint - Non Passenger,Unsafe Driving,non_passenger,False,BROOKLYN,112,Greenpoint,Brooklyn,mapped
69878197,2026-07-28T21:56:49.000,Driver Complaint - Non Passenger,Unsafe Driving,non_passenger,False,BROOKLYN,112,Greenpoint,Brooklyn,mapped
69878198,2026-07-28T19:43:22.000,Driver Complaint - Non Passenger,Unsafe Driving,non_passenger,False,MANHATTAN,233,UN/Turtle Bay South,Manhattan,mapped
69878199,2026-07-28T19:32:27.000,Driver Complaint - Non Passenger,Unsafe Driving,non_passenger,False,MANHATTAN,162,Midtown East,Manhattan,mapped
69878200,2026-07-28T16:47:07.000,Driver Complaint - Non Passenger,Unsafe Driving,non_passenger,False,MANHATTAN,113,Greenwich Village North,Manhattan,mapped
69878201,2026-07-28T21:23:47.000,Driver Complaint - Non Passenger,Unsafe Driving,non_passenger,False,BROOKLYN,112,Greenpoint,Brooklyn,mapped
69878202,2026-07-28T15:46:50.000,Driver Complaint - Non Passenger,Unsafe Driving,non_passenger,False,MANHATTAN,79,East Village,Manhattan,mapped
69878203,2026-07-28T20:33:49.000,Driver Complaint - Non Passenger,Unsafe Driving,non_passenger,False,MANHATTAN,79,East Village,Manhattan,mapped
69878204,2026-07-28T20:30:34.000,Driver Complaint - Non Passenger,Unsafe Driving,non_passenger,False,MANHATTAN,158,Meatpacking/West Village West,Manhattan,mapped
69878205,2026-07-28T20:29:34.000,Driver Complaint - Non Passenger,Unsafe Driving,non_passenger,False,MANHATTAN,231,TriBeCa/Civic Center,Manhattan,mapped
69878206,2026-07-28T20:20:41.000,Driver Complaint - Non Passenger,Unsafe Driving,non_passenger,False,MANHATTAN,125,Hudson Sq,Manhattan,mapped
69878207,2026-07-28T20:19:21.000,Driver Complaint - Non Passenger,Unsafe Driving,non_passenger,False,MANHATTAN,249,West Village,Manhattan,mapped
69878208,2026-07-28T20:16:46.000,Driver Complaint - Non Passenger,Unsafe Driving,non_passenger,False,MANHATTAN,170,Murray Hill,Manhattan,mapped
69878209,2026-07-28T19:27:58.000,Driver Complaint - Non Passenger,Unsafe Driving,non_passenger,False,MANHATTAN,88,Financial District South,Manhattan,mapped
69878210,2026-07-28T15:50:59.000,Driver Complaint - Non Passenger,Unsafe Driving,non_passenger,False,MANHATTAN,148,Lower East Side,Manhattan,mapped
69879582,2026-07-28T13:23:54.000,Driver Complaint - Passenger,Unsafe Driving,passenger,False,BROOKLYN,181,Park Slope,Brooklyn,mapped
69879674,2026-07-28T19:57:26.000,Driver Complaint - Non Passenger,Unsafe Driving,non_passenger,False,MANHATTAN,107,Gramercy,Manhattan,mapped
69879675,2026-07-28T19:56:28.000,Driver Complaint - Non Passenger,Unsafe Driving,non_passenger,False,MANHATTAN,113,Greenwich Village North,Manhattan,mapped
69879676,2026-07-28T19:53:45.000,Driver Complaint - Non Passenger,Unsafe Driving,non_passenger,False,MANHATTAN,113,Greenwich Village North,Manhattan,mapped
69879677,2026-07-28T19:52:51.000,Driver Complaint - Non Passenger,Unsafe Driving,non_passenger,False,MANHATTAN,79,East Village,Manhattan,mapped
69879678,2026-07-28T19:23:15.000,Driver Complaint - Non Passenger,Unsafe Driving,non_passenger,False,QUEENS,129,Jackson Heights,Queens,mapped
69879679,2026-07-28T21:50:49.000,Driver Complaint - Non Passenger,Unsafe Driving,non_passenger,False,BROOKLYN,112,Greenpoint,Brooklyn,mapped
69879680,2026-07-28T21:33:40.000,Driver Complaint - Non Passenger,Unsafe Driving,non_passenger,False,BROOKLYN,112,Greenpoint,Brooklyn,mapped
69879681,2026-07-28T22:28:59.000,Driver Complaint - Non Passenger,Unsafe Driving,non_passenger,False,BROOKLYN,112,Greenpoint,Brooklyn,mapped
69879682,2026-07-28T20:44:19.000,Driver Complaint - Non Passenger,Unsafe Driving,non_passenger,False,MANHATTAN,90,Flatiron,Manhattan,mapped
69881005,2026-07-28T17:14:34.000,Car Service Company Complaint,Unlicensed/Unauthorized,passenger,False,QUEENS,173,North Corona,Queens,mapped
69881006,2026-07-28T18:04:47.000,Driver Complaint - Non Passenger,Unsafe Driving,non_passenger,False,MANHATTAN,151,Manhattan Valley,Manhattan,mapped
69881007,2026-07-28T05:36:23.000,Driver Complaint - Passenger,Refused Pick-Up,passenger,True,MANHATTAN,68,East Chelsea,Manhattan,mapped
69881104,2026-07-28T20:00:49.000,Driver Complaint - Non Passenger,Unsafe Driving,non_passenger,False,MANHATTAN,234,Union Sq,Manhattan,mapped
69881105,2026-07-28T19:58:59.000,Driver Complaint - Non Passenger,Unsafe Driving,non_passenger,False,MANHATTAN,90,Flatiron,Manhattan,mapped
69881106,2026-07-28T21:38:24.000,Driver Complaint - Non Passenger,Unsafe Driving,non_passenger,False,BROOKLYN,112,Greenpoint,Brooklyn,mapped
69881107,2026-07-28T19:42:26.000,Driver Complaint - Non Passenger,Unsafe Driving,non_passenger,False,MANHATTAN,162,Midtown East,Manhattan,mapped
69881108,2026-07-28T19:40:00.000,Driver Complaint - Non Passenger,Unsafe Driving,non_passenger,False,MANHATTAN,162,Midtown East,Manhattan,mapped
69881109,2026-07-28T21:29:41.000,Driver Complaint - Non Passenger,Unsafe Driving,non_passenger,False,BROOKLYN,112,Greenpoint,Brooklyn,mapped
69881110,2026-07-28T22:21:13.000,Driver Complaint - Non Passenger,Unsafe Driving,non_passenger,False,BROOKLYN,112,Greenpoint,Brooklyn,mapped
69881111,2026-07-28T20:45:15.000,Driver Complaint - Non Passenger,Unsafe Driving,non_passenger,False,MANHATTAN,90,Flatiron,Manhattan,mapped
69881112,2026-07-28T21:20:20.000,Driver Complaint - Non Passenger,Unsafe Driving,non_passenger,False,BROOKLYN,112,Greenpoint,Brooklyn,mapped
69881113,2026-07-28T20:23:56.000,Driver Complaint - Non Passenger,Unsafe Driving,non_passenger,False,MANHATTAN,125,Hudson Sq,Manhattan,mapped
69881114,2026-07-28T20:15:50.000,Driver Complaint - Non Passenger,Unsafe Driving,non_passenger,False,MANHATTAN,170,Murray Hill,Manhattan,mapped
69882395,2026-07-29T11:23:41.000,Driver Complaint - Non Passenger,Unsafe Driving,non_passenger,False,MANHATTAN,148,Lower East Side,Manhattan,mapped
69882396,2026-07-29T22:15:28.000,Driver Complaint - Non Passenger,Unsafe Driving,non_passenger,False,MANHATTAN,263,Yorkville West,Manhattan,mapped
69882518,2026-07-29T10:43:29.000,Driver Complaint - Non Passenger,Unsafe Driving,non_passenger,False,MANHATTAN,100,Garment District,Manhattan,mapped
69882519,2026-07-29T11:23:43.000,Driver Complaint - Non Passenger,Unsafe Driving,non_passenger,False,MANHATTAN,113,Greenwich Village North,Manhattan,mapped
69882520,2026-07-29T15:01:53.000,Driver Complaint - Non Passenger,Unsafe Driving,non_passenger,False,MANHATTAN,79,East Village,Manhattan,mapped
69882521,2026-07-29T20:07:25.000,Driver Complaint - Non Passenger,Unsafe Driving,non_passenger,False,MANHATTAN,233,UN/Turtle Bay South,Manhattan,mapped
69882522,2026-07-29T20:06:11.000,Driver Complaint - Non Passenger,Unsafe Driving,non_passenger,False,MANHATTAN,233,UN/Turtle Bay South,Manhattan,mapped
69883810,2026-07-29T12:04:12.000,Car Service Company Complaint,Unlicensed/Unauthorized,passenger,False,BROOKLYN,76,East New York,Brooklyn,mapped
69883811,2026-07-29T19:35:43.000,Driver Complaint - Non Passenger,Unsafe Driving,non_passenger,False,BROOKLYN,112,Greenpoint,Brooklyn,mapped
69883812,2026-07-29T08:51:21.000,Driver Complaint - Passenger,Denied Request,passenger,True,BROOKLYN,21,Bensonhurst East,Brooklyn,mapped
69883937,2026-07-29T12:55:13.000,Driver Complaint - Non Passenger,Unsafe Driving,non_passenger,False,QUEENS,28,Briarwood/Jamaica Hills,Queens,mapped
69883938,2026-07-29T19:51:01.000,Driver Complaint - Non Passenger,Unsafe Driving,non_passenger,False,MANHATTAN,186,Penn Station/Madison Sq West,Manhattan,mapped
69883939,2026-07-29T19:48:59.000,Driver Complaint - Non Passenger,Unsafe Driving,non_passenger,False,MANHATTAN,186,Penn Station/Madison Sq West,Manhattan,mapped
69883940,2026-07-29T17:52:13.000,Driver Complaint - Non Passenger,Unsafe Driving,non_passenger,False,BROOKLYN,181,Park Slope,Brooklyn,mapped
69883941,2026-07-29T11:26:26.000,Driver Complaint - Non Passenger,Unsafe Driving,non_passenger,False,MANHATTAN,113,Greenwich Village North,Manhattan,mapped
69883942,2026-07-29T17:45:33.000,Driver Complaint - Non Passenger,Unsafe Driving,non_passenger,False,MANHATTAN,237,Upper East Side South,Manhattan,mapped
69883943,2026-07-29T16:56:01.000,Driver Complaint - Non Passenger,Unsafe Driving,non_passenger,False,MANHATTAN,148,Lower East Side,Manhattan,mapped
69885075,2026-07-29T15:52:39.000,Driver Complaint - Passenger,Service Delay/No Show,passenger,True,BROOKLYN,217,South Williamsburg,Brooklyn,mapped
69885282,2026-07-29T21:00:07.000,Driver Complaint - Non Passenger,Unauthorized Pick-Up Location,non_passenger,False,BROOKLYN,22,Bensonhurst West,Brooklyn,mapped
69885297,2026-07-29T19:53:30.000,Driver Complaint - Non Passenger,Unsafe Driving,non_passenger,False,MANHATTAN,186,Penn Station/Madison Sq West,Manhattan,mapped
69885298,2026-07-29T18:02:13.000,Driver Complaint - Non Passenger,Unsafe Driving,non_passenger,False,BROOKLYN,181,Park Slope,Brooklyn,mapped
69886523,2026-07-29T11:21:06.000,Driver Complaint - Non Passenger,Unsafe Driving,non_passenger,False,MANHATTAN,148,Lower East Side,Manhattan,mapped
69886524,2026-07-29T12:23:51.000,Driver Complaint - Non Passenger,Unsafe Driving,non_passenger,False,MANHATTAN,88,Financial District South,Manhattan,mapped
69886525,2026-07-29T03:24:27.000,Driver Complaint - Passenger,Fare/Tip/Receipt,passenger,False,QUEENS,132,JFK Airport,Queens,mapped
69886526,2026-07-29T11:38:12.000,Driver Complaint - Passenger,Refused Pick-Up,passenger,True,BROOKLYN,55,Coney Island,Brooklyn,mapped
69886634,2026-07-29T22:31:07.000,Driver Complaint - Non Passenger,Unsafe Driving,non_passenger,False,QUEENS,216,South Ozone Park,Queens,mapped
69886635,2026-07-29T11:20:27.000,Driver Complaint - Non Passenger,Unsafe Driving,non_passenger,False,MANHATTAN,113,Greenwich Village North,Manhattan,mapped
69886636,2026-07-29T19:58:30.000,Driver Complaint - Non Passenger,Unsafe Driving,non_passenger,False,BROOKLYN,52,Cobble Hill,Brooklyn,mapped
69886637,2026-07-29T13:53:44.000,Driver Complaint - Non Passenger,Unsafe Driving,non_passenger,False,MANHATTAN,13,Battery Park City,Manhattan,mapped
69887882,2026-07-29T10:41:26.000,Car Service Company Complaint,Unlicensed/Unauthorized,passenger,False,BROOKLYN,61,Crown Heights North,Brooklyn,mapped
69887996,2026-07-29T16:06:10.000,Driver Complaint - Non Passenger,Unsafe Driving,non_passenger,False,MANHATTAN,68,East Chelsea,Manhattan,mapped
69887997,2026-07-30T01:47:50.000,Driver Complaint - Non Passenger,Unsafe Driving,non_passenger,False,MANHATTAN,162,Midtown East,Manhattan,mapped
69889154,2026-07-29T15:59:21.000,Driver Complaint - Passenger,Service Delay/No Show,passenger,True,BROOKLYN,217,South Williamsburg,Brooklyn,mapped
69889254,2026-07-29T11:32:38.000,Driver Complaint - Passenger,Refused Pick-Up,passenger,True,BROOKLYN,165,Midwood,Brooklyn,mapped
69889381,2026-07-29T10:38:34.000,Driver Complaint - Non Passenger,Unsafe Driving,non_passenger,False,MANHATTAN,114,Greenwich Village South,Manhattan,mapped
69889382,2026-07-29T20:08:51.000,Driver Complaint - Non Passenger,Unsafe Driving,non_passenger,False,MANHATTAN,233,UN/Turtle Bay South,Manhattan,mapped
69889383,2026-07-29T20:05:10.000,Driver Complaint - Non Passenger,Unsafe Driving,non_passenger,False,MANHATTAN,246,West Chelsea/Hudson Yards,Manhattan,mapped
69889384,2026-07-29T16:08:56.000,Driver Complaint - Non Passenger,Unsafe Driving,non_passenger,False,BROOKLYN,66,DUMBO/Vinegar Hill,Brooklyn,mapped
69890733,2026-07-29T23:08:32.000,Car Service Company Complaint,Fare/Tip/Receipt,passenger,False,QUEENS,135,Kew Gardens Hills,Queens,mapped
69890734,2026-07-29T23:14:30.000,Driver Complaint - Non Passenger,Unsafe Driving,non_passenger,False,MANHATTAN,163,Midtown North,Manhattan,mapped
69890735,2026-07-29T20:17:33.000,Driver Complaint - Non Passenger,Unsafe Driving,non_passenger,False,MANHATTAN,237,Upper East Side South,Manhattan,mapped
69890736,2026-07-29T09:50:12.000,Driver Complaint - Passenger,Denied Request,passenger,True,BROOKLYN,55,Coney Island,Brooklyn,mapped
69890737,2026-07-29T22:53:10.000,Driver Complaint - Passenger,Fare/Tip/Receipt,passenger,False,MANHATTAN,246,West Chelsea/Hudson Yards,Manhattan,mapped
69890860,2026-07-29T20:00:09.000,Driver Complaint - Non Passenger,Unsafe Driving,non_passenger,False,BRONX,168,Mott Haven/Port Morris,Bronx,mapped
69890883,2026-07-29T18:06:35.000,Driver Complaint - Non Passenger,Unsafe Driving,non_passenger,False,QUEENS,146,Long Island City/Queens Plaza,Queens,mapped
69890884,2026-07-29T08:49:10.000,Driver Complaint - Non Passenger,Unsafe Driving,non_passenger,False,MANHATTAN,162,Midtown East,Manhattan,mapped
69892161,2026-07-29T16:38:55.000,Driver Complaint - Passenger,Discourteous,passenger,False,MANHATTAN,116,Hamilton Heights,Manhattan,mapped
69892270,2026-07-29T19:55:02.000,Driver Complaint - Non Passenger,Unsafe Driving,non_passenger,False,MANHATTAN,164,Midtown South,Manhattan,mapped
69892271,2026-07-29T20:03:25.000,Driver Complaint - Non Passenger,Unsafe Driving,non_passenger,False,MANHATTAN,170,Murray Hill,Manhattan,mapped
69892272,2026-07-29T18:23:36.000,Driver Complaint - Non Passenger,Unsafe Driving,non_passenger,False,QUEENS,223,Steinway,Queens,mapped
69892273,2026-07-29T18:16:17.000,Driver Complaint - Non Passenger,Unsafe Driving,non_passenger,False,BRONX,18,Bedford Park,Bronx,mapped
69892274,2026-07-29T15:49:28.000,Driver Complaint - Non Passenger,Unsafe Driving,non_passenger,False,BRONX,248,West Farms/Bronx River,Bronx,mapped
69892778,2026-07-30T12:03:40.000,Driver Complaint - Non Passenger,Unsafe Driving,non_passenger,False,BROOKLYN,189,Prospect Heights,Brooklyn,mapped
69892780,2026-07-30T09:00:08.000,Driver Complaint - Non Passenger,Unsafe Driving,non_passenger,False,QUEENS,132,JFK Airport,Queens,mapped
69893215,2026-07-30T10:52:41.000,Driver Complaint - Non Passenger,Unsafe Driving,non_passenger,False,BROOKLYN,97,Fort Greene,Brooklyn,mapped
69893216,2026-07-30T10:55:43.000,Driver Complaint - Non Passenger,Unsafe Driving,non_passenger,False,BROOKLYN,97,Fort Greene,Brooklyn,mapped
69893217,2026-07-30T10:58:24.000,Driver Complaint - Non Passenger,Unsafe Driving,non_passenger,False,MANHATTAN,90,Flatiron,Manhattan,mapped
69893661,2026-07-30T11:53:09.000,Driver Complaint - Non Passenger,Unsafe Driving,non_passenger,False,BROOKLYN,25,Boerum Hill,Brooklyn,mapped
69893662,2026-07-30T11:57:14.000,Driver Complaint - Non Passenger,Unsafe Driving,non_passenger,False,BROOKLYN,181,Park Slope,Brooklyn,mapped
69893663,2026-07-30T11:59:36.000,Driver Complaint - Non Passenger,Unsafe Driving,non_passenger,False,MANHATTAN,107,Gramercy,Manhattan,mapped
69893664,2026-07-30T12:01:09.000,Driver Complaint - Non Passenger,Unsafe Driving,non_passenger,False,BROOKLYN,49,Clinton Hill,Brooklyn,mapped
69893665,2026-07-30T12:06:02.000,Driver Complaint - Non Passenger,Unsafe Driving,non_passenger,False,MANHATTAN,113,Greenwich Village North,Manhattan,mapped
69893666,2026-07-30T06:22:33.000,Driver Complaint - Non Passenger,Unsafe Driving,non_passenger,False,MANHATTAN,90,Flatiron,Manhattan,mapped
69894102,2026-07-30T12:51:27.000,Car Service Company Complaint,Fare/Tip/Receipt,passenger,False,MANHATTAN,45,Chinatown,Manhattan,mapped
69894516,2026-07-30T11:54:14.000,Driver Complaint - Non Passenger,Unsafe Driving,non_passenger,False,BROOKLYN,25,Boerum Hill,Brooklyn,mapped
69894517,2026-07-30T06:38:12.000,Driver Complaint - Non Passenger,Unsafe Driving,non_passenger,False,MANHATTAN,186,Penn Station/Madison Sq West,Manhattan,mapped
69894518,2026-07-30T06:35:46.000,Driver Complaint - Non Passenger,Unsafe Driving,non_passenger,False,MANHATTAN,48,Clinton East,Manhattan,mapped
69894519,2026-07-30T08:11:09.000,Driver Complaint - Non Passenger,Unsafe Driving,non_passenger,False,MANHATTAN,68,East Chelsea,Manhattan,mapped
69894520,2026-07-30T12:11:31.000,Driver Complaint - Non Passenger,Unsafe Driving,non_passenger,False,BROOKLYN,97,Fort Greene,Brooklyn,mapped
69894521,2026-07-30T10:49:18.000,Driver Complaint - Non Passenger,Unsafe Driving,non_passenger,False,BROOKLYN,189,Prospect Heights,Brooklyn,mapped
69894522,2026-07-30T12:58:36.000,Driver Complaint - Passenger,Fare/Tip/Receipt,passenger,False,QUEENS,138,LaGuardia Airport,Queens,mapped
69894944,2026-07-30T10:52:23.000,Driver Complaint - Non Passenger,Unsafe Driving,non_passenger,False,MANHATTAN,43,Central Park,Manhattan,mapped
69894945,2026-07-30T06:32:48.000,Driver Complaint - Non Passenger,Unsafe Driving,non_passenger,False,MANHATTAN,48,Clinton East,Manhattan,mapped
69894946,2026-07-30T09:24:31.000,Driver Complaint - Non Passenger,Unsafe Driving,non_passenger,False,BROOKLYN,181,Park Slope,Brooklyn,mapped
69894947,2026-07-30T11:50:25.000,Driver Complaint - Non Passenger,Unsafe Driving,non_passenger,False,BROOKLYN,49,Clinton Hill,Brooklyn,mapped
69894948,2026-07-30T11:13:50.000,Driver Complaint - Non Passenger,Unsafe Driving,non_passenger,False,QUEENS,132,JFK Airport,Queens,mapped
69895368,2026-07-30T12:09:20.000,Driver Complaint - Non Passenger,Unsafe Driving,non_passenger,False,MANHATTAN,113,Greenwich Village North,Manhattan,mapped
69895370,2026-07-30T08:49:44.000,Driver Complaint - Non Passenger,Unsafe Driving,non_passenger,False,QUEENS,132,JFK Airport,Queens,mapped
69895815,2026-07-30T06:18:24.000,Driver Complaint - Non Passenger,Unsafe Driving,non_passenger,False,MANHATTAN,90,Flatiron,Manhattan,mapped
69896367,2026-07-30T13:11:40.000,Driver Complaint - Non Passenger,Unsafe Driving,non_passenger,False,MANHATTAN,233,UN/Turtle Bay South,Manhattan,mapped
69896368,2026-07-30T15:57:30.000,Driver Complaint - Non Passenger,Unsafe Driving,non_passenger,False,MANHATTAN,68,East Chelsea,Manhattan,mapped
69896373,2026-07-30T20:35:59.000,Car Service Company Complaint,Service Delay/No Show,passenger,True,BRONX,208,Schuylerville/Edgewater Park,Bronx,mapped
69897252,2026-07-30T17:44:29.000,Driver Complaint - Non Passenger,Unsafe Driving,non_passenger,False,BROOKLYN,97,Fort Greene,Brooklyn,mapped
69897253,2026-07-31T00:28:16.000,Driver Complaint - Non Passenger,Unsafe Driving,non_passenger,False,BROOKLYN,65,Downtown Brooklyn/MetroTech,Brooklyn,mapped
69897254,2026-07-30T17:34:02.000,Driver Complaint - Non Passenger,Unsafe Driving,non_passenger,False,BROOKLYN,149,Madison,Brooklyn,mapped
69897255,2026-07-30T16:06:55.000,Driver Complaint - Passenger,Fare/Tip/Receipt,passenger,False,MANHATTAN,74,East Harlem North,Manhattan,mapped
69897256,2026-07-30T13:47:47.000,Driver Complaint - Passenger,Discourteous,passenger,False,BROOKLYN,76,East New York,Brooklyn,mapped
69897257,2026-07-30T23:56:33.000,Car Service Company Complaint,Unlicensed/Unauthorized,passenger,False,BROOKLYN,37,Bushwick South,Brooklyn,mapped
69898192,2026-07-30T14:13:11.000,Driver Complaint - Non Passenger,Unsafe Driving,non_passenger,False,QUEENS,7,Astoria,Queens,mapped
69899050,2026-07-30T17:41:14.000,Driver Complaint - Non Passenger,Unsafe Driving,non_passenger,False,BROOKLYN,62,Crown Heights South,Brooklyn,mapped
69899051,2026-07-30T17:47:35.000,Driver Complaint - Non Passenger,Unsafe Driving,non_passenger,False,BROOKLYN,65,Downtown Brooklyn/MetroTech,Brooklyn,mapped
69899052,2026-07-30T17:38:29.000,Driver Complaint - Non Passenger,Unsafe Driving,non_passenger,False,BROOKLYN,61,Crown Heights North,Brooklyn,mapped
69899053,2026-07-31T00:30:26.000,Driver Complaint - Non Passenger,Unsafe Driving,non_passenger,False,BROOKLYN,25,Boerum Hill,Brooklyn,mapped
69899054,2026-07-30T22:04:15.000,Driver Complaint - Non Passenger,Unsafe Driving,non_passenger,False,MANHATTAN,,,,no_coordinates
69899055,2026-07-30T21:51:26.000,Driver Complaint - Non Passenger,Unauthorized Pick-Up Location,non_passenger,False,BROOKLYN,22,Bensonhurst West,Brooklyn,mapped
69899057,2026-07-30T16:48:55.000,Driver Complaint - Passenger,Refused Pick-Up,passenger,True,MANHATTAN,152,Manhattanville,Manhattan,mapped
69899058,2026-07-30T19:14:53.000,Driver Complaint - Passenger,Discourteous,passenger,False,QUEENS,138,LaGuardia Airport,Queens,mapped
69899059,2026-07-30T23:53:05.000,Car Service Company Complaint,Unlicensed/Unauthorized,passenger,False,QUEENS,132,JFK Airport,Queens,mapped
69899950,2026-07-31T00:33:28.000,Driver Complaint - Non Passenger,Unsafe Driving,non_passenger,False,BROOKLYN,65,Downtown Brooklyn/MetroTech,Brooklyn,mapped
69899953,2026-07-30T17:44:38.000,Driver Complaint - Passenger,Refused Pick-Up,passenger,True,MANHATTAN,170,Murray Hill,Manhattan,mapped
69899954,2026-07-30T15:56:28.000,Car Service Company Complaint,Fare/Tip/Receipt,passenger,False,MANHATTAN,186,Penn Station/Madison Sq West,Manhattan,mapped
69900834,2026-07-30T19:39:07.000,Driver Complaint - Non Passenger,Unsafe Driving,non_passenger,False,BROOKLYN,22,Bensonhurst West,Brooklyn,mapped
69901732,2026-07-30T18:15:46.000,Driver Complaint - Non Passenger,Unsafe Driving,non_passenger,False,BRONX,18,Bedford Park,Bronx,mapped
69901733,2026-07-30T17:45:56.000,Driver Complaint - Non Passenger,Unsafe Driving,non_passenger,False,BROOKLYN,97,Fort Greene,Brooklyn,mapped
69901734,2026-07-31T00:19:51.000,Driver Complaint - Non Passenger,Unsafe Driving,non_passenger,False,MANHATTAN,79,East Village,Manhattan,mapped
69901735,2026-07-30T18:58:20.000,Driver Complaint - Non Passenger,Unsafe Driving,non_passenger,False,MANHATTAN,211,SoHo,Manhattan,mapped
69901740,2026-07-30T22:47:56.000,Driver Complaint - Non Passenger,Unsafe Driving,non_passenger,False,MANHATTAN,13,Battery Park City,Manhattan,mapped
69901741,2026-07-30T20:43:55.000,Driver Complaint - Non Passenger,Unsafe Driving,non_passenger,False,QUEENS,198,Ridgewood,Queens,mapped
69902685,2026-07-30T17:52:21.000,Driver Complaint - Non Passenger,Unsafe Driving,non_passenger,False,STATEN ISLAND,23,Bloomfield/Emerson Hill,Staten Island,mapped
69902686,2026-07-30T19:33:38.000,Driver Complaint - Non Passenger,Unsafe Driving,non_passenger,False,QUEENS,56,Corona,Queens,mapped
69903924,2026-07-31T17:51:07.000,Driver Complaint - Non Passenger,Unsafe Driving,non_passenger,False,BROOKLYN,49,Clinton Hill,Brooklyn,mapped
69905352,2026-07-31T20:00:56.000,Driver Complaint - Non Passenger,Unsafe Driving,non_passenger,False,QUEENS,129,Jackson Heights,Queens,mapped
69905353,2026-07-31T12:13:00.000,Driver Complaint - Non Passenger,Unsafe Driving,non_passenger,False,MANHATTAN,142,Lincoln Square East,Manhattan,mapped
69905355,2026-07-31T15:41:32.000,Driver Complaint - Passenger,Discourteous,passenger,False,MANHATTAN,229,Sutton Place/Turtle Bay North,Manhattan,mapped
69905356,2026-07-31T13:04:57.000,Car Service Company Complaint,Fare/Tip/Receipt,passenger,False,MANHATTAN,100,Garment District,Manhattan,mapped
69906775,2026-07-31T09:56:09.000,Driver Complaint - Non Passenger,Unsafe Driving,non_passenger,False,BROOKLYN,65,Downtown Brooklyn/MetroTech,Brooklyn,mapped
69906776,2026-07-31T13:04:26.000,Driver Complaint - Passenger,Unsafe Driving,passenger,False,BROOKLYN,89,Flatbush/Ditmas Park,Brooklyn,mapped
69908281,2026-07-31T10:26:31.000,Driver Complaint - Non Passenger,Unsafe Driving,non_passenger,False,MANHATTAN,148,Lower East Side,Manhattan,mapped
69908282,2026-07-31T08:25:35.000,Driver Complaint - Non Passenger,Unauthorized Pick-Up Location,non_passenger,False,QUEENS,7,Astoria,Queens,mapped
69908283,2026-07-31T18:03:04.000,Driver Complaint - Non Passenger,Unauthorized Pick-Up Location,non_passenger,False,BROOKLYN,22,Bensonhurst West,Brooklyn,mapped
69909762,2026-07-31T20:34:35.000,Driver Complaint - Non Passenger,Unsafe Driving,non_passenger,False,MANHATTAN,45,Chinatown,Manhattan,mapped
69909763,2026-07-31T08:25:42.000,Driver Complaint - Non Passenger,Unsafe Driving,non_passenger,False,MANHATTAN,158,Meatpacking/West Village West,Manhattan,mapped
69909767,2026-07-31T16:49:01.000,Car Service Company Complaint,Unlicensed/Unauthorized,passenger,False,QUEENS,138,LaGuardia Airport,Queens,mapped
69909768,2026-07-31T12:26:07.000,Car Service Company Complaint,Unlicensed/Unauthorized,passenger,False,QUEENS,131,Jamaica Estates,Queens,mapped
69909769,2026-07-31T14:53:46.000,Driver Complaint - Passenger,Combined Pickups,passenger,False,BRONX,220,Spuyten Duyvil/Kingsbridge,Bronx,mapped
69911190,2026-07-31T10:40:16.000,Driver Complaint - Non Passenger,Cell Phone Use,non_passenger,False,BROOKLYN,210,Sheepshead Bay,Brooklyn,mapped
69911195,2026-07-31T22:57:06.000,Driver Complaint - Passenger,Refused Pick-Up,passenger,True,MANHATTAN,164,Midtown South,Manhattan,mapped
69911196,2026-07-31T21:10:01.000,Driver Complaint - Passenger,Fare/Tip/Receipt,passenger,False,QUEENS,132,JFK Airport,Queens,mapped
69911197,2026-07-31T16:15:27.000,Driver Complaint - Non Passenger,Unsafe Driving,non_passenger,False,MANHATTAN,144,Little Italy/NoLiTa,Manhattan,mapped
69912682,2026-07-31T18:14:53.000,Driver Complaint - Non Passenger,Unsafe Driving,non_passenger,False,BRONX,18,Bedford Park,Bronx,mapped
69912684,2026-07-31T14:07:42.000,Driver Complaint - Passenger,Fare/Tip/Receipt,passenger,False,QUEENS,138,LaGuardia Airport,Queens,mapped
69912685,2026-07-31T18:08:13.000,Driver Complaint - Non Passenger,Unsafe Driving,non_passenger,False,BROOKLYN,256,Williamsburg (South Side),Brooklyn,mapped
69912686,2026-07-31T23:16:09.000,Driver Complaint - Non Passenger,Unsafe Driving,non_passenger,False,MANHATTAN,236,Upper East Side North,Manhattan,mapped
69914070,2026-07-31T11:34:21.000,Driver Complaint - Non Passenger,Unsafe Driving,non_passenger,False,MANHATTAN,141,Lenox Hill West,Manhattan,mapped
69914071,2026-07-31T12:01:53.000,Driver Complaint - Non Passenger,Unsafe Driving,non_passenger,False,MANHATTAN,234,Union Sq,Manhattan,mapped
69914072,2026-07-31T11:57:50.000,Driver Complaint - Non Passenger,Unsafe Driving,non_passenger,False,MANHATTAN,107,Gramercy,Manhattan,mapped
