"ride_id","hvfhs_license_num","request_datetime","on_scene_datetime","pickup_datetime","dropoff_datetime","pickup_zone_id","pickup_zone","pickup_borough","dropoff_zone_id","dropoff_zone","dropoff_borough","trip_miles","trip_duration_min","request_to_pickup_min","request_to_on_scene_min","on_scene_to_pickup_min","on_scene_status","validation_status","in_kpi_population","in_stage_population","in_zone_population","request_on_whole_minute","trip_time_mismatch","request_hour","request_weekday","is_weekend","time_period","weather_hour","temperature_c","precipitation_mm","wind_speed_kmh","precip_band"
0,"HV0003",2026-07-01 00:19:27.000000,2026-07-01 00:24:38.000000,2026-07-01 00:24:48.000000,2026-07-01 00:43:58.000000,13,"Battery Park City","Manhattan",181,"Park Slope","Brooklyn",6.79,19.166666,5.35,5.1833334,0.16666667,"observed","valid",true,true,true,false,false,0,2,false,"overnight_00_05",2026-07-01 00:00:00.000000,26.8,0,12.6,"dry"
1,"HV0003",2026-07-01 00:47:24.000000,2026-07-01 00:56:07.000000,2026-07-01 00:56:36.000000,2026-07-01 01:12:14.000000,82,"Elmhurst","Queens",179,"Old Astoria","Queens",3.49,15.633333,9.2,8.716666,0.48333332,"observed","valid",true,true,true,false,false,0,2,false,"overnight_00_05",2026-07-01 00:00:00.000000,26.8,0,12.6,"dry"
2,"HV0005",2026-07-01 00:50:18.000000,2026-07-01 00:53:03.000000,2026-07-01 00:53:07.000000,2026-07-01 01:35:34.000000,76,"East New York","Brooklyn",112,"Greenpoint","Brooklyn",18.157,42.45,2.8166666,2.75,0.06666667,"observed","valid",true,true,true,false,false,0,2,false,"overnight_00_05",2026-07-01 00:00:00.000000,26.8,0,12.6,"dry"
3,"HV0005",2026-07-01 00:33:28.000000,2026-07-01 00:36:13.000000,2026-07-01 00:36:16.000000,2026-07-01 00:41:13.000000,17,"Bedford","Brooklyn",49,"Clinton Hill","Brooklyn",1.086,4.95,2.8,2.75,0.05,"observed","valid",true,true,true,false,false,0,2,false,"overnight_00_05",2026-07-01 00:00:00.000000,26.8,0,12.6,"dry"
4,"HV0003",2026-07-01 00:13:17.000000,2026-07-01 00:16:17.000000,2026-07-01 00:16:31.000000,2026-07-01 00:26:23.000000,79,"East Village","Manhattan",164,"Midtown South","Manhattan",1.36,9.866667,3.2333333,3,0.23333333,"observed","valid",true,true,true,false,false,0,2,false,"overnight_00_05",2026-07-01 00:00:00.000000,26.8,0,12.6,"dry"
5,"HV0005",2026-07-01 00:33:04.000000,2026-07-01 00:39:07.000000,2026-07-01 00:44:06.000000,2026-07-01 00:51:15.000000,78,"East Tremont","Bronx",60,"Crotona Park East","Bronx",1.327,7.15,11.033334,6.05,4.983333,"observed","valid",true,true,true,false,true,0,2,false,"overnight_00_05",2026-07-01 00:00:00.000000,26.8,0,12.6,"dry"
6,"HV0003",2026-07-01 00:32:20.000000,2026-07-01 00:32:43.000000,2026-07-01 00:34:43.000000,2026-07-01 00:47:45.000000,186,"Penn Station/Madison Sq West","Manhattan",79,"East Village","Manhattan",1.9,13.033334,2.3833334,0.38333333,2,"observed","valid",true,true,true,false,false,0,2,false,"overnight_00_05",2026-07-01 00:00:00.000000,26.8,0,12.6,"dry"
7,"HV0003",2026-07-01 00:41:50.000000,2026-07-01 00:45:58.000000,2026-07-01 00:45:58.000000,2026-07-01 00:58:38.000000,48,"Clinton East","Manhattan",265,"Outside of NYC","N/A",3.23,12.666667,4.133333,4.133333,0,"same_as_pickup","valid",true,false,true,false,false,0,2,false,"overnight_00_05",2026-07-01 00:00:00.000000,26.8,0,12.6,"dry"
8,"HV0003",2026-07-01 00:28:49.000000,2026-07-01 00:30:36.000000,2026-07-01 00:30:55.000000,2026-07-01 00:38:27.000000,238,"Upper West Side North","Manhattan",166,"Morningside Heights","Manhattan",1.43,7.5333333,2.1,1.7833333,0.31666666,"observed","valid",true,true,true,false,false,0,2,false,"overnight_00_05",2026-07-01 00:00:00.000000,26.8,0,12.6,"dry"
9,"HV0003",2026-06-30 23:58:56.000000,2026-07-01 00:14:58.000000,2026-07-01 00:15:29.000000,2026-07-01 00:33:31.000000,179,"Old Astoria","Queens",260,"Woodside","Queens",2.44,18.033333,16.55,16.033333,0.51666665,"observed","valid",true,true,true,false,false,23,1,false,"evening_20_23",2026-06-30 23:00:00.000000,27.9,0,13.3,"dry"
10,"HV0005",2026-07-01 01:14:42.000000,2026-07-01 01:16:31.000000,2026-07-01 01:16:48.000000,2026-07-01 01:21:53.000000,92,"Flushing","Queens",192,"Queensboro Hill","Queens",1.018,5.0833335,2.1,1.8166667,0.28333333,"observed","valid",true,true,true,false,false,1,2,false,"overnight_00_05",2026-07-01 01:00:00.000000,26.1,0,11.4,"dry"
11,"HV0005",2026-07-01 01:01:22.000000,2026-07-01 01:03:52.000000,2026-07-01 01:04:46.000000,2026-07-01 01:28:44.000000,50,"Clinton West","Manhattan",243,"Washington Heights North","Manhattan",8.963,23.966667,3.4,2.5,0.9,"observed","valid",true,true,true,false,false,1,2,false,"overnight_00_05",2026-07-01 01:00:00.000000,26.1,0,11.4,"dry"
12,"HV0005",2026-07-01 01:47:56.000000,2026-07-01 01:53:07.000000,2026-07-01 01:53:49.000000,2026-07-01 02:02:51.000000,235,"University Heights/Morris Heights","Bronx",47,"Claremont/Bathgate","Bronx",1.778,9.033334,5.883333,5.1833334,0.7,"observed","valid",true,true,true,false,false,1,2,false,"overnight_00_05",2026-07-01 01:00:00.000000,26.1,0,11.4,"dry"
13,"HV0003",2026-07-01 01:05:16.000000,2026-07-01 01:18:11.000000,2026-07-01 01:18:55.000000,2026-07-01 01:28:34.000000,127,"Inwood","Manhattan",119,"Highbridge","Bronx",1.8,9.65,13.65,12.916667,0.73333335,"observed","valid",true,true,true,false,false,1,2,false,"overnight_00_05",2026-07-01 01:00:00.000000,26.1,0,11.4,"dry"
14,"HV0005",2026-07-01 00:56:15.000000,2026-07-01 01:01:22.000000,2026-07-01 01:01:31.000000,2026-07-01 01:07:59.000000,7,"Astoria","Queens",223,"Steinway","Queens",1.283,6.4666667,5.266667,5.116667,0.15,"observed","valid",true,true,true,false,false,0,2,false,"overnight_00_05",2026-07-01 00:00:00.000000,26.8,0,12.6,"dry"
15,"HV0003",2026-07-01 01:15:24.000000,2026-07-01 01:19:47.000000,2026-07-01 01:19:52.000000,2026-07-01 01:27:28.000000,161,"Midtown Center","Manhattan",48,"Clinton East","Manhattan",0.93,7.6,4.4666667,4.383333,0.083333336,"observed","valid",true,true,true,false,false,1,2,false,"overnight_00_05",2026-07-01 01:00:00.000000,26.1,0,11.4,"dry"
16,"HV0005",2026-07-01 01:36:01.000000,2026-07-01 01:40:59.000000,2026-07-01 01:44:50.000000,2026-07-01 02:04:32.000000,168,"Mott Haven/Port Morris","Bronx",208,"Schuylerville/Edgewater Park","Bronx",7.364,19.7,8.816667,4.9666667,3.85,"observed","valid",true,true,true,false,true,1,2,false,"overnight_00_05",2026-07-01 01:00:00.000000,26.1,0,11.4,"dry"
17,"HV0005",2026-07-01 01:30:51.000000,2026-07-01 01:32:24.000000,2026-07-01 01:33:27.000000,2026-07-01 01:48:37.000000,56,"Corona","Queens",134,"Kew Gardens","Queens",5.473,15.166667,2.6,1.55,1.05,"observed","valid",true,true,true,false,false,1,2,false,"overnight_00_05",2026-07-01 01:00:00.000000,26.1,0,11.4,"dry"
18,"HV0005",2026-07-01 02:28:20.000000,2026-07-01 02:32:16.000000,2026-07-01 02:33:16.000000,2026-07-01 02:39:56.000000,226,"Sunnyside","Queens",260,"Woodside","Queens",0.985,6.6666665,4.9333334,3.9333334,1,"observed","valid",true,true,true,false,false,2,2,false,"overnight_00_05",2026-07-01 02:00:00.000000,25.7,0,10.6,"dry"
19,"HV0003",2026-07-01 02:20:49.000000,2026-07-01 02:23:25.000000,2026-07-01 02:23:25.000000,2026-07-01 02:34:35.000000,230,"Times Sq/Theatre District","Manhattan",233,"UN/Turtle Bay South","Manhattan",1.91,11.166667,2.6,2.6,0,"same_as_pickup","valid",true,false,true,false,false,2,2,false,"overnight_00_05",2026-07-01 02:00:00.000000,25.7,0,10.6,"dry"
20,"HV0003",2026-07-01 03:35:53.000000,2026-07-01 03:40:07.000000,2026-07-01 03:40:53.000000,2026-07-01 03:53:08.000000,132,"JFK Airport","Queens",10,"Baisley Park","Queens",3.91,12.25,5,4.233333,0.76666665,"observed","valid",true,true,true,false,false,3,2,false,"overnight_00_05",2026-07-01 03:00:00.000000,24.8,0.4,10.9,"light_rain"
21,"HV0003",2026-07-01 03:23:22.000000,2026-07-01 03:25:33.000000,2026-07-01 03:27:00.000000,2026-07-01 03:50:28.000000,234,"Union Sq","Manhattan",14,"Bay Ridge","Brooklyn",10.93,23.466667,3.6333334,2.1833334,1.45,"observed","valid",true,true,true,false,false,3,2,false,"overnight_00_05",2026-07-01 03:00:00.000000,24.8,0.4,10.9,"light_rain"
22,"HV0003",2026-07-01 03:38:35.000000,2026-07-01 03:41:36.000000,2026-07-01 03:42:23.000000,2026-07-01 03:49:07.000000,218,"Springfield Gardens North","Queens",132,"JFK Airport","Queens",2.62,6.733333,3.8,3.0166667,0.78333336,"observed","valid",true,true,true,false,false,3,2,false,"overnight_00_05",2026-07-01 03:00:00.000000,24.8,0.4,10.9,"light_rain"
23,"HV0003",2026-07-01 03:56:56.000000,2026-07-01 03:59:53.000000,2026-07-01 04:00:19.000000,2026-07-01 04:06:51.000000,198,"Ridgewood","Queens",37,"Bushwick South","Brooklyn",1.22,6.5333333,3.3833334,2.95,0.43333334,"observed","valid",true,true,true,false,false,3,2,false,"overnight_00_05",2026-07-01 03:00:00.000000,24.8,0.4,10.9,"light_rain"
24,"HV0003",2026-07-01 04:24:11.000000,2026-07-01 04:37:22.000000,2026-07-01 04:39:23.000000,2026-07-01 05:03:38.000000,196,"Rego Park","Queens",244,"Washington Heights South","Manhattan",13.3,24.25,15.2,13.183333,2.0166667,"observed","valid",true,true,true,false,false,4,2,false,"overnight_00_05",2026-07-01 04:00:00.000000,23.8,0.1,9.5,"light_rain"
25,"HV0003",2026-07-01 03:51:39.000000,2026-07-01 04:04:31.000000,2026-07-01 04:05:00.000000,2026-07-01 04:37:18.000000,74,"East Harlem North","Manhattan",61,"Crown Heights North","Brooklyn",13.99,32.3,13.35,12.866667,0.48333332,"observed","valid",true,true,true,false,false,3,2,false,"overnight_00_05",2026-07-01 03:00:00.000000,24.8,0.4,10.9,"light_rain"
26,"HV0003",2026-07-01 04:43:32.000000,2026-07-01 04:47:53.000000,2026-07-01 04:48:03.000000,2026-07-01 04:55:41.000000,126,"Hunts Point","Bronx",126,"Hunts Point","Bronx",1.38,7.633333,4.516667,4.35,0.16666667,"observed","valid",true,true,true,false,false,4,2,false,"overnight_00_05",2026-07-01 04:00:00.000000,23.8,0.1,9.5,"light_rain"
27,"HV0003",2026-07-01 05:10:17.000000,2026-07-01 05:15:35.000000,2026-07-01 05:15:40.000000,2026-07-01 05:21:51.000000,234,"Union Sq","Manhattan",68,"East Chelsea","Manhattan",1.29,6.1833334,5.383333,5.3,0.083333336,"observed","valid",true,true,true,false,false,5,2,false,"overnight_00_05",2026-07-01 05:00:00.000000,24.1,0,10.8,"dry"
28,"HV0005",2026-07-01 05:47:06.000000,2026-07-01 05:48:34.000000,2026-07-01 05:48:38.000000,2026-07-01 05:54:49.000000,242,"Van Nest/Morris Park","Bronx",78,"East Tremont","Bronx",1.239,6.1833334,1.5333333,1.4666667,0.06666667,"observed","valid",true,true,true,false,false,5,2,false,"overnight_00_05",2026-07-01 05:00:00.000000,24.1,0,10.8,"dry"
29,"HV0003",2026-07-01 05:44:11.000000,2026-07-01 05:52:04.000000,2026-07-01 05:54:05.000000,2026-07-01 06:05:59.000000,213,"Soundview/Castle Hill","Bronx",183,"Pelham Bay","Bronx",4.66,11.9,9.9,7.883333,2.0166667,"observed","valid",true,true,true,false,false,5,2,false,"overnight_00_05",2026-07-01 05:00:00.000000,24.1,0,10.8,"dry"
30,"HV0003",2026-07-01 05:00:42.000000,2026-07-01 05:02:20.000000,2026-07-01 05:02:21.000000,2026-07-01 05:07:07.000000,134,"Kew Gardens","Queens",134,"Kew Gardens","Queens",0.91,4.766667,1.65,1.6333333,0.016666668,"observed","valid",true,true,true,false,false,5,2,false,"overnight_00_05",2026-07-01 05:00:00.000000,24.1,0,10.8,"dry"
31,"HV0003",2026-07-01 05:31:34.000000,2026-07-01 05:35:30.000000,2026-07-01 05:36:18.000000,2026-07-01 05:56:23.000000,185,"Pelham Parkway","Bronx",138,"LaGuardia Airport","Queens",11,20.083334,4.733333,3.9333334,0.8,"observed","valid",true,true,true,false,false,5,2,false,"overnight_00_05",2026-07-01 05:00:00.000000,24.1,0,10.8,"dry"
32,"HV0003",2026-07-01 06:30:09.000000,2026-07-01 06:36:13.000000,2026-07-01 06:37:02.000000,2026-07-01 06:47:37.000000,121,"Hillcrest/Pomonok","Queens",28,"Briarwood/Jamaica Hills","Queens",2.11,10.583333,6.883333,6.0666666,0.81666666,"observed","valid",true,true,true,false,false,6,2,false,"am_peak_06_09",2026-07-01 06:00:00.000000,23.8,0,11.7,"dry"
33,"HV0003",2026-07-01 06:18:10.000000,2026-07-01 06:18:48.000000,2026-07-01 06:20:48.000000,2026-07-01 06:32:11.000000,7,"Astoria","Queens",7,"Astoria","Queens",0.84,11.383333,2.6333334,0.6333333,2,"observed","valid",true,true,true,false,false,6,2,false,"am_peak_06_09",2026-07-01 06:00:00.000000,23.8,0,11.7,"dry"
34,"HV0003",2026-07-01 06:45:54.000000,2026-07-01 06:49:34.000000,2026-07-01 06:49:34.000000,2026-07-01 06:59:00.000000,216,"South Ozone Park","Queens",130,"Jamaica","Queens",2.34,9.433333,3.6666667,3.6666667,0,"same_as_pickup","valid",true,false,true,false,false,6,2,false,"am_peak_06_09",2026-07-01 06:00:00.000000,23.8,0,11.7,"dry"
35,"HV0003",2026-07-01 06:37:00.000000,2026-07-01 06:41:22.000000,2026-07-01 06:43:22.000000,2026-07-01 06:58:06.000000,55,"Coney Island","Brooklyn",11,"Bath Beach","Brooklyn",4.14,14.733334,6.366667,4.366667,2,"observed","valid",true,true,true,true,false,6,2,false,"am_peak_06_09",2026-07-01 06:00:00.000000,23.8,0,11.7,"dry"
36,"HV0005",2026-07-01 06:40:05.000000,2026-07-01 06:41:42.000000,2026-07-01 06:43:04.000000,2026-07-01 06:50:14.000000,215,"South Jamaica","Queens",130,"Jamaica","Queens",1.265,7.1666665,2.9833333,1.6166667,1.3666667,"observed","valid",true,true,true,false,false,6,2,false,"am_peak_06_09",2026-07-01 06:00:00.000000,23.8,0,11.7,"dry"
37,"HV0003",2026-07-01 06:56:14.000000,2026-07-01 06:57:55.000000,2026-07-01 06:58:49.000000,2026-07-01 07:24:06.000000,116,"Hamilton Heights","Manhattan",170,"Murray Hill","Manhattan",7.49,25.283333,2.5833333,1.6833333,0.9,"observed","valid",true,true,true,false,false,6,2,false,"am_peak_06_09",2026-07-01 06:00:00.000000,23.8,0,11.7,"dry"
38,"HV0003",2026-07-01 05:56:42.000000,2026-07-01 06:00:30.000000,2026-07-01 06:00:45.000000,2026-07-01 06:41:45.000000,36,"Bushwick North","Brooklyn",132,"JFK Airport","Queens",10.8,41,4.05,3.8,0.25,"observed","valid",true,true,true,false,false,5,2,false,"overnight_00_05",2026-07-01 05:00:00.000000,24.1,0,10.8,"dry"
39,"HV0003",2026-07-01 06:41:51.000000,2026-07-01 06:45:04.000000,2026-07-01 06:47:04.000000,2026-07-01 06:56:47.000000,116,"Hamilton Heights","Manhattan",41,"Central Harlem","Manhattan",2.13,9.716666,5.2166667,3.2166667,2,"observed","valid",true,true,true,false,false,6,2,false,"am_peak_06_09",2026-07-01 06:00:00.000000,23.8,0,11.7,"dry"
40,"HV0003",2026-07-01 06:46:38.000000,2026-07-01 06:49:43.000000,2026-07-01 06:50:37.000000,2026-07-01 07:00:19.000000,72,"East Flatbush/Remsen Village","Brooklyn",35,"Brownsville","Brooklyn",1.61,9.7,3.9833333,3.0833333,0.9,"observed","valid",true,true,true,false,false,6,2,false,"am_peak_06_09",2026-07-01 06:00:00.000000,23.8,0,11.7,"dry"
41,"HV0003",2026-07-01 06:34:48.000000,2026-07-01 06:52:16.000000,2026-07-01 06:54:16.000000,2026-07-01 07:17:38.000000,90,"Flatiron","Manhattan",140,"Lenox Hill East","Manhattan",5.25,23.366667,19.466667,17.466667,2,"observed","valid",true,true,true,false,false,6,2,false,"am_peak_06_09",2026-07-01 06:00:00.000000,23.8,0,11.7,"dry"
42,"HV0003",2026-07-01 06:09:34.000000,2026-07-01 06:10:42.000000,2026-07-01 06:12:42.000000,2026-07-01 06:21:07.000000,55,"Coney Island","Brooklyn",21,"Bensonhurst East","Brooklyn",2.98,8.416667,3.1333334,1.1333333,2,"observed","valid",true,true,true,false,false,6,2,false,"am_peak_06_09",2026-07-01 06:00:00.000000,23.8,0,11.7,"dry"
43,"HV0003",2026-07-01 06:38:01.000000,2026-07-01 06:38:38.000000,2026-07-01 06:39:14.000000,2026-07-01 07:06:07.000000,161,"Midtown Center","Manhattan",138,"LaGuardia Airport","Queens",7.6,26.883333,1.2166667,0.6166667,0.6,"observed","valid",true,true,true,false,false,6,2,false,"am_peak_06_09",2026-07-01 06:00:00.000000,23.8,0,11.7,"dry"
44,"HV0003",2026-07-01 07:00:57.000000,2026-07-01 07:02:59.000000,2026-07-01 07:03:37.000000,2026-07-01 07:08:46.000000,187,"Port Richmond","Staten Island",23,"Bloomfield/Emerson Hill","Staten Island",2.34,5.15,2.6666667,2.0333333,0.6333333,"observed","valid",true,true,true,false,false,7,2,false,"am_peak_06_09",2026-07-01 07:00:00.000000,24.5,0,11.4,"dry"
45,"HV0003",2026-07-01 07:41:38.000000,2026-07-01 07:42:26.000000,2026-07-01 07:44:27.000000,2026-07-01 07:52:53.000000,249,"West Village","Manhattan",90,"Flatiron","Manhattan",0.95,8.433333,2.8166666,0.8,2.0166667,"observed","valid",true,true,true,false,false,7,2,false,"am_peak_06_09",2026-07-01 07:00:00.000000,24.5,0,11.4,"dry"
46,"HV0003",2026-07-01 07:30:12.000000,2026-07-01 07:33:16.000000,2026-07-01 07:35:11.000000,2026-07-01 07:44:13.000000,237,"Upper East Side South","Manhattan",230,"Times Sq/Theatre District","Manhattan",1.57,9.033334,4.983333,3.0666666,1.9166666,"observed","valid",true,true,true,false,false,7,2,false,"am_peak_06_09",2026-07-01 07:00:00.000000,24.5,0,11.4,"dry"
47,"HV0003",2026-07-01 07:20:16.000000,2026-07-01 07:22:24.000000,2026-07-01 07:22:44.000000,2026-07-01 07:33:14.000000,164,"Midtown South","Manhattan",68,"East Chelsea","Manhattan",0.83,10.5,2.4666667,2.1333334,0.33333334,"observed","valid",true,true,true,false,false,7,2,false,"am_peak_06_09",2026-07-01 07:00:00.000000,24.5,0,11.4,"dry"
48,"HV0003",2026-07-01 07:06:20.000000,2026-07-01 07:06:33.000000,2026-07-01 07:10:12.000000,2026-07-01 07:45:37.000000,68,"East Chelsea","Manhattan",138,"LaGuardia Airport","Queens",10.32,35.416668,3.8666666,0.21666667,3.65,"observed","valid",true,true,true,false,false,7,2,false,"am_peak_06_09",2026-07-01 07:00:00.000000,24.5,0,11.4,"dry"
49,"HV0003",2026-07-01 07:32:33.000000,2026-07-01 07:36:28.000000,2026-07-01 07:38:30.000000,2026-07-01 08:18:38.000000,129,"Jackson Heights","Queens",39,"Canarsie","Brooklyn",14.37,40.133335,5.95,3.9166667,2.0333333,"observed","valid",true,true,true,false,false,7,2,false,"am_peak_06_09",2026-07-01 07:00:00.000000,24.5,0,11.4,"dry"
50,"HV0003",2026-07-01 07:38:06.000000,2026-07-01 07:50:56.000000,2026-07-01 07:52:57.000000,2026-07-01 08:08:14.000000,169,"Mount Hope","Bronx",127,"Inwood","Manhattan",2.43,15.283334,14.85,12.833333,2.0166667,"observed","valid",true,true,true,false,false,7,2,false,"am_peak_06_09",2026-07-01 07:00:00.000000,24.5,0,11.4,"dry"
51,"HV0003",2026-07-01 07:38:04.000000,2026-07-01 07:41:12.000000,2026-07-01 07:41:23.000000,2026-07-01 07:53:17.000000,127,"Inwood","Manhattan",116,"Hamilton Heights","Manhattan",3.31,11.9,3.3166666,3.1333334,0.18333334,"observed","valid",true,true,true,false,false,7,2,false,"am_peak_06_09",2026-07-01 07:00:00.000000,24.5,0,11.4,"dry"
52,"HV0003",2026-07-01 07:34:50.000000,2026-07-01 07:39:28.000000,2026-07-01 07:40:06.000000,2026-07-01 07:47:08.000000,78,"East Tremont","Bronx",60,"Crotona Park East","Bronx",1.69,7.0333333,5.266667,4.633333,0.6333333,"observed","valid",true,true,true,false,false,7,2,false,"am_peak_06_09",2026-07-01 07:00:00.000000,24.5,0,11.4,"dry"
53,"HV0003",2026-07-01 07:14:52.000000,2026-07-01 07:17:13.000000,2026-07-01 07:17:27.000000,2026-07-01 07:30:54.000000,183,"Pelham Bay","Bronx",53,"College Point","Queens",6.02,13.45,2.5833333,2.35,0.23333333,"observed","valid",true,true,true,false,false,7,2,false,"am_peak_06_09",2026-07-01 07:00:00.000000,24.5,0,11.4,"dry"
54,"HV0005",2026-07-01 07:11:42.000000,2026-07-01 07:14:59.000000,2026-07-01 07:15:13.000000,2026-07-01 07:54:54.000000,89,"Flatbush/Ditmas Park","Brooklyn",48,"Clinton East","Manhattan",10.012,39.683334,3.5166667,3.2833333,0.23333333,"observed","valid",true,true,true,false,false,7,2,false,"am_peak_06_09",2026-07-01 07:00:00.000000,24.5,0,11.4,"dry"
55,"HV0003",2026-07-01 07:53:48.000000,2026-07-01 07:57:18.000000,2026-07-01 07:57:24.000000,2026-07-01 08:02:47.000000,112,"Greenpoint","Brooklyn",80,"East Williamsburg","Brooklyn",0.83,5.383333,3.6,3.5,0.1,"observed","valid",true,true,true,false,false,7,2,false,"am_peak_06_09",2026-07-01 07:00:00.000000,24.5,0,11.4,"dry"
56,"HV0003",2026-07-01 07:45:40.000000,2026-07-01 07:48:36.000000,2026-07-01 07:49:23.000000,2026-07-01 08:12:57.000000,170,"Murray Hill","Manhattan",138,"LaGuardia Airport","Queens",9.05,23.566668,3.7166667,2.9333334,0.78333336,"observed","valid",true,true,true,false,false,7,2,false,"am_peak_06_09",2026-07-01 07:00:00.000000,24.5,0,11.4,"dry"
57,"HV0005",2026-07-01 07:04:36.000000,2026-07-01 07:11:19.000000,2026-07-01 07:11:20.000000,2026-07-01 07:14:56.000000,35,"Brownsville","Brooklyn",35,"Brownsville","Brooklyn",0.465,3.6,6.733333,6.7166667,0.016666668,"observed","valid",true,true,true,false,false,7,2,false,"am_peak_06_09",2026-07-01 07:00:00.000000,24.5,0,11.4,"dry"
58,"HV0003",2026-07-01 07:43:23.000000,2026-07-01 07:46:15.000000,2026-07-01 07:46:15.000000,2026-07-01 08:02:52.000000,247,"West Concourse","Bronx",126,"Hunts Point","Bronx",5.24,16.616667,2.8666666,2.8666666,0,"same_as_pickup","valid",true,false,true,false,false,7,2,false,"am_peak_06_09",2026-07-01 07:00:00.000000,24.5,0,11.4,"dry"
59,"HV0003",2026-07-01 07:20:23.000000,2026-07-01 07:21:27.000000,2026-07-01 07:23:27.000000,2026-07-01 07:27:44.000000,170,"Murray Hill","Manhattan",107,"Gramercy","Manhattan",0.29,4.2833333,3.0666666,1.0666667,2,"observed","valid",true,true,true,false,false,7,2,false,"am_peak_06_09",2026-07-01 07:00:00.000000,24.5,0,11.4,"dry"
60,"HV0003",2026-07-01 07:26:19.000000,2026-07-01 07:29:03.000000,2026-07-01 07:29:22.000000,2026-07-01 07:40:13.000000,85,"Erasmus","Brooklyn",188,"Prospect-Lefferts Gardens","Brooklyn",1.32,10.85,3.05,2.7333333,0.31666666,"observed","valid",true,true,true,false,false,7,2,false,"am_peak_06_09",2026-07-01 07:00:00.000000,24.5,0,11.4,"dry"
61,"HV0003",2026-07-01 07:17:14.000000,2026-07-01 07:27:06.000000,2026-07-01 07:27:15.000000,2026-07-01 08:12:24.000000,95,"Forest Hills","Queens",7,"Astoria","Queens",7.49,45.15,10.016666,9.866667,0.15,"observed","valid",true,true,true,false,false,7,2,false,"am_peak_06_09",2026-07-01 07:00:00.000000,24.5,0,11.4,"dry"
62,"HV0003",2026-07-01 08:03:49.000000,2026-07-01 08:06:38.000000,2026-07-01 08:07:35.000000,2026-07-01 08:16:33.000000,205,"Saint Albans","Queens",205,"Saint Albans","Queens",1.65,8.966666,3.7666667,2.8166666,0.95,"observed","valid",true,true,true,false,false,8,2,false,"am_peak_06_09",2026-07-01 08:00:00.000000,25.2,0,9.9,"dry"
63,"HV0003",2026-07-01 08:13:17.000000,2026-07-01 08:22:18.000000,2026-07-01 08:22:47.000000,2026-07-01 09:23:22.000000,223,"Steinway","Queens",265,"Outside of NYC","N/A",23.58,60.583332,9.5,9.016666,0.48333332,"observed","valid",true,true,true,false,false,8,2,false,"am_peak_06_09",2026-07-01 08:00:00.000000,25.2,0,9.9,"dry"
64,"HV0003",2026-07-01 08:31:53.000000,2026-07-01 08:33:11.000000,2026-07-01 08:33:21.000000,2026-07-01 08:48:29.000000,177,"Ocean Hill","Brooklyn",76,"East New York","Brooklyn",2.23,15.133333,1.4666667,1.3,0.16666667,"observed","valid",true,true,true,false,false,8,2,false,"am_peak_06_09",2026-07-01 08:00:00.000000,25.2,0,9.9,"dry"
65,"HV0005",2026-07-01 08:41:35.000000,2026-07-01 08:45:56.000000,2026-07-01 08:46:16.000000,2026-07-01 08:48:53.000000,169,"Mount Hope","Bronx",169,"Mount Hope","Bronx",0.426,2.6166666,4.6833334,4.35,0.33333334,"observed","valid",true,true,true,false,false,8,2,false,"am_peak_06_09",2026-07-01 08:00:00.000000,25.2,0,9.9,"dry"
66,"HV0005",2026-07-01 08:45:59.000000,2026-07-01 08:51:32.000000,2026-07-01 08:51:54.000000,2026-07-01 09:02:52.000000,61,"Crown Heights North","Brooklyn",17,"Bedford","Brooklyn",2.385,10.966666,5.9166665,5.55,0.36666667,"observed","valid",true,true,true,false,false,8,2,false,"am_peak_06_09",2026-07-01 08:00:00.000000,25.2,0,9.9,"dry"
67,"HV0005",2026-07-01 08:16:27.000000,2026-07-01 08:18:06.000000,2026-07-01 08:18:32.000000,2026-07-01 10:10:11.000000,90,"Flatiron","Manhattan",1,"Newark Airport","EWR",14.058,111.65,2.0833333,1.65,0.43333334,"observed","valid",true,true,true,false,false,8,2,false,"am_peak_06_09",2026-07-01 08:00:00.000000,25.2,0,9.9,"dry"
68,"HV0003",2026-07-01 08:42:38.000000,2026-07-01 08:47:28.000000,2026-07-01 08:49:19.000000,2026-07-01 09:00:43.000000,208,"Schuylerville/Edgewater Park","Bronx",250,"Westchester Village/Unionport","Bronx",3.13,11.4,6.6833334,4.8333335,1.85,"observed","valid",true,true,true,false,false,8,2,false,"am_peak_06_09",2026-07-01 08:00:00.000000,25.2,0,9.9,"dry"
69,"HV0005",2026-07-01 08:50:17.000000,2026-07-01 08:51:43.000000,2026-07-01 08:52:51.000000,2026-07-01 09:07:54.000000,246,"West Chelsea/Hudson Yards","Manhattan",261,"World Trade Center","Manhattan",3.534,15.05,2.5666666,1.4333333,1.1333333,"observed","valid",true,true,true,false,false,8,2,false,"am_peak_06_09",2026-07-01 08:00:00.000000,25.2,0,9.9,"dry"
70,"HV0003",2026-07-01 08:16:39.000000,2026-07-01 08:20:47.000000,2026-07-01 08:20:47.000000,2026-07-01 08:25:40.000000,40,"Carroll Gardens","Brooklyn",25,"Boerum Hill","Brooklyn",0.8,4.883333,4.133333,4.133333,0,"same_as_pickup","valid",true,false,true,false,false,8,2,false,"am_peak_06_09",2026-07-01 08:00:00.000000,25.2,0,9.9,"dry"
71,"HV0003",2026-07-01 08:16:40.000000,2026-07-01 08:17:07.000000,2026-07-01 08:20:17.000000,2026-07-01 09:18:17.000000,237,"Upper East Side South","Manhattan",132,"JFK Airport","Queens",17.2,58,3.6166666,0.45,3.1666667,"observed","valid",true,true,true,false,false,8,2,false,"am_peak_06_09",2026-07-01 08:00:00.000000,25.2,0,9.9,"dry"
72,"HV0005",2026-07-01 07:59:23.000000,2026-07-01 08:01:36.000000,2026-07-01 08:01:38.000000,2026-07-01 08:16:47.000000,233,"UN/Turtle Bay South","Manhattan",186,"Penn Station/Madison Sq West","Manhattan",1.629,15.15,2.25,2.2166667,0.033333335,"observed","valid",true,true,true,false,false,7,2,false,"am_peak_06_09",2026-07-01 07:00:00.000000,24.5,0,11.4,"dry"
73,"HV0005",2026-07-01 08:04:58.000000,2026-07-01 08:06:28.000000,2026-07-01 08:07:21.000000,2026-07-01 08:19:13.000000,158,"Meatpacking/West Village West","Manhattan",246,"West Chelsea/Hudson Yards","Manhattan",1.985,11.866667,2.3833334,1.5,0.8833333,"observed","valid",true,true,true,false,false,8,2,false,"am_peak_06_09",2026-07-01 08:00:00.000000,25.2,0,9.9,"dry"
74,"HV0005",2026-07-01 08:41:49.000000,2026-07-01 08:45:16.000000,2026-07-01 08:45:17.000000,2026-07-01 09:03:59.000000,193,"Queensbridge/Ravenswood","Queens",138,"LaGuardia Airport","Queens",5.617,18.7,3.4666667,3.45,0.016666668,"observed","valid",true,true,true,false,false,8,2,false,"am_peak_06_09",2026-07-01 08:00:00.000000,25.2,0,9.9,"dry"
75,"HV0003",2026-07-01 08:26:43.000000,2026-07-01 08:30:27.000000,2026-07-01 08:31:29.000000,2026-07-01 08:47:37.000000,168,"Mott Haven/Port Morris","Bronx",60,"Crotona Park East","Bronx",2.43,16.133333,4.766667,3.7333333,1.0333333,"observed","valid",true,true,true,false,false,8,2,false,"am_peak_06_09",2026-07-01 08:00:00.000000,25.2,0,9.9,"dry"
76,"HV0005",2026-07-01 08:42:46.000000,2026-07-01 08:46:59.000000,2026-07-01 08:51:04.000000,2026-07-01 09:18:38.000000,189,"Prospect Heights","Brooklyn",112,"Greenpoint","Brooklyn",4.816,27.566668,8.3,4.2166667,4.0833335,"observed","valid",true,true,true,false,true,8,2,false,"am_peak_06_09",2026-07-01 08:00:00.000000,25.2,0,9.9,"dry"
77,"HV0003",2026-07-01 08:41:38.000000,2026-07-01 08:54:28.000000,2026-07-01 08:54:41.000000,2026-07-01 09:18:28.000000,189,"Prospect Heights","Brooklyn",72,"East Flatbush/Remsen Village","Brooklyn",4.2,23.783333,13.05,12.833333,0.21666667,"observed","valid",true,true,true,false,false,8,2,false,"am_peak_06_09",2026-07-01 08:00:00.000000,25.2,0,9.9,"dry"
78,"HV0003",2026-07-01 08:42:25.000000,2026-07-01 08:44:13.000000,2026-07-01 08:44:13.000000,2026-07-01 09:07:02.000000,89,"Flatbush/Ditmas Park","Brooklyn",188,"Prospect-Lefferts Gardens","Brooklyn",1.4,22.816668,1.8,1.8,0,"same_as_pickup","valid",true,false,true,false,false,8,2,false,"am_peak_06_09",2026-07-01 08:00:00.000000,25.2,0,9.9,"dry"
79,"HV0003",2026-07-01 08:55:45.000000,2026-07-01 08:58:08.000000,2026-07-01 08:59:31.000000,2026-07-01 09:14:45.000000,69,"East Concourse/Concourse Village","Bronx",42,"Central Harlem North","Manhattan",2.12,15.233334,3.7666667,2.3833334,1.3833333,"observed","valid",true,true,true,false,false,8,2,false,"am_peak_06_09",2026-07-01 08:00:00.000000,25.2,0,9.9,"dry"
80,"HV0003",2026-07-01 08:28:22.000000,2026-07-01 08:33:10.000000,2026-07-01 08:34:26.000000,2026-07-01 08:59:37.000000,17,"Bedford","Brooklyn",40,"Carroll Gardens","Brooklyn",4.19,25.183332,6.0666666,4.8,1.2666667,"observed","valid",true,true,true,false,false,8,2,false,"am_peak_06_09",2026-07-01 08:00:00.000000,25.2,0,9.9,"dry"
81,"HV0003",2026-07-01 08:16:11.000000,2026-07-01 08:19:29.000000,2026-07-01 08:21:30.000000,2026-07-01 08:57:23.000000,248,"West Farms/Bronx River","Bronx",216,"South Ozone Park","Queens",15.17,35.883335,5.3166666,3.3,2.0166667,"observed","valid",true,true,true,false,false,8,2,false,"am_peak_06_09",2026-07-01 08:00:00.000000,25.2,0,9.9,"dry"
82,"HV0005",2026-07-01 09:37:08.000000,2026-07-01 09:42:36.000000,2026-07-01 09:42:37.000000,2026-07-01 10:22:37.000000,65,"Downtown Brooklyn/MetroTech","Brooklyn",164,"Midtown South","Manhattan",4.6,40,5.483333,5.4666667,0.016666668,"observed","valid",true,true,true,false,false,9,2,false,"am_peak_06_09",2026-07-01 09:00:00.000000,26.8,0,9.6,"dry"
83,"HV0005",2026-07-01 09:27:34.000000,2026-07-01 09:34:09.000000,2026-07-01 09:34:13.000000,2026-07-01 09:46:09.000000,22,"Bensonhurst West","Brooklyn",22,"Bensonhurst West","Brooklyn",1.932,11.933333,6.65,6.5833335,0.06666667,"observed","valid",true,true,true,false,false,9,2,false,"am_peak_06_09",2026-07-01 09:00:00.000000,26.8,0,9.6,"dry"
84,"HV0003",2026-07-01 09:01:26.000000,2026-07-01 09:04:08.000000,2026-07-01 09:05:30.000000,2026-07-01 09:09:18.000000,246,"West Chelsea/Hudson Yards","Manhattan",68,"East Chelsea","Manhattan",0.68,3.8,4.0666666,2.7,1.3666667,"observed","valid",true,true,true,false,false,9,2,false,"am_peak_06_09",2026-07-01 09:00:00.000000,26.8,0,9.6,"dry"
85,"HV0005",2026-07-01 09:07:41.000000,2026-07-01 09:12:04.000000,2026-07-01 09:12:50.000000,2026-07-01 09:39:03.000000,43,"Central Park","Manhattan",88,"Financial District South","Manhattan",7.759,26.216667,5.15,4.383333,0.76666665,"observed","valid",true,true,true,false,false,9,2,false,"am_peak_06_09",2026-07-01 09:00:00.000000,26.8,0,9.6,"dry"
86,"HV0005",2026-07-01 09:34:44.000000,2026-07-01 09:35:14.000000,2026-07-01 09:36:36.000000,2026-07-01 09:47:45.000000,82,"Elmhurst","Queens",82,"Elmhurst","Queens",1.808,11.15,1.8666667,0.5,1.3666667,"observed","valid",true,true,true,false,false,9,2,false,"am_peak_06_09",2026-07-01 09:00:00.000000,26.8,0,9.6,"dry"
87,"HV0003",2026-07-01 09:21:56.000000,2026-07-01 09:28:55.000000,2026-07-01 09:30:52.000000,2026-07-01 10:30:06.000000,132,"JFK Airport","Queens",48,"Clinton East","Manhattan",14.62,59.233334,8.933333,6.983333,1.95,"observed","valid",true,true,true,false,false,9,2,false,"am_peak_06_09",2026-07-01 09:00:00.000000,26.8,0,9.6,"dry"
88,"HV0003",2026-07-01 09:53:45.000000,2026-07-01 09:57:44.000000,2026-07-01 09:59:45.000000,2026-07-01 10:08:00.000000,25,"Boerum Hill","Brooklyn",25,"Boerum Hill","Brooklyn",0.35,8.25,6,3.9833333,2.0166667,"observed","valid",true,true,true,false,false,9,2,false,"am_peak_06_09",2026-07-01 09:00:00.000000,26.8,0,9.6,"dry"
89,"HV0005",2026-07-01 09:46:46.000000,2026-07-01 09:50:20.000000,2026-07-01 09:51:18.000000,2026-07-01 09:59:58.000000,62,"Crown Heights South","Brooklyn",61,"Crown Heights North","Brooklyn",1.112,8.666667,4.5333333,3.5666666,0.96666664,"observed","valid",true,true,true,false,false,9,2,false,"am_peak_06_09",2026-07-01 09:00:00.000000,26.8,0,9.6,"dry"
90,"HV0005",2026-07-01 09:44:32.000000,2026-07-01 09:48:55.000000,2026-07-01 09:48:57.000000,2026-07-01 10:00:03.000000,133,"Kensington","Brooklyn",26,"Borough Park","Brooklyn",1.484,11.1,4.4166665,4.383333,0.033333335,"observed","valid",true,true,true,false,false,9,2,false,"am_peak_06_09",2026-07-01 09:00:00.000000,26.8,0,9.6,"dry"
91,"HV0003",2026-07-01 09:15:00.000000,2026-07-01 08:57:26.000000,2026-07-01 09:15:06.000000,2026-07-01 09:30:46.000000,90,"Flatiron","Manhattan",164,"Midtown South","Manhattan",1.58,15.666667,0.1,-17.566668,17.666666,"before_request","valid",true,false,true,true,false,9,2,false,"am_peak_06_09",2026-07-01 09:00:00.000000,26.8,0,9.6,"dry"
92,"HV0005",2026-07-01 09:01:19.000000,2026-07-01 09:02:13.000000,2026-07-01 09:09:12.000000,2026-07-01 09:54:46.000000,138,"LaGuardia Airport","Queens",228,"Sunset Park West","Brooklyn",13.018,45.566666,7.883333,0.9,6.983333,"observed","valid",true,true,true,false,true,9,2,false,"am_peak_06_09",2026-07-01 09:00:00.000000,26.8,0,9.6,"dry"
93,"HV0003",2026-07-01 09:15:07.000000,2026-07-01 09:25:22.000000,2026-07-01 09:25:29.000000,2026-07-01 10:11:54.000000,138,"LaGuardia Airport","Queens",230,"Times Sq/Theatre District","Manhattan",9.19,46.416668,10.366667,10.25,0.11666667,"observed","valid",true,true,true,false,false,9,2,false,"am_peak_06_09",2026-07-01 09:00:00.000000,26.8,0,9.6,"dry"
94,"HV0005",2026-07-01 09:34:18.000000,2026-07-01 09:39:39.000000,2026-07-01 09:40:52.000000,2026-07-01 10:39:46.000000,138,"LaGuardia Airport","Queens",265,"Outside of NYC","N/A",18.163,58.9,6.5666666,5.35,1.2166667,"observed","valid",true,true,true,false,false,9,2,false,"am_peak_06_09",2026-07-01 09:00:00.000000,26.8,0,9.6,"dry"
95,"HV0003",2026-07-01 08:59:26.000000,2026-07-01 09:03:08.000000,2026-07-01 09:04:05.000000,2026-07-01 09:10:05.000000,208,"Schuylerville/Edgewater Park","Bronx",250,"Westchester Village/Unionport","Bronx",1.54,6,4.65,3.7,0.95,"observed","valid",true,true,true,false,false,8,2,false,"am_peak_06_09",2026-07-01 08:00:00.000000,25.2,0,9.9,"dry"
96,"HV0003",2026-07-01 09:54:29.000000,2026-07-01 09:58:12.000000,2026-07-01 09:58:28.000000,2026-07-01 10:07:47.000000,76,"East New York","Brooklyn",76,"East New York","Brooklyn",1.77,9.316667,3.9833333,3.7166667,0.26666668,"observed","valid",true,true,true,false,false,9,2,false,"am_peak_06_09",2026-07-01 09:00:00.000000,26.8,0,9.6,"dry"
97,"HV0003",2026-07-01 08:52:45.000000,2026-07-01 09:00:16.000000,2026-07-01 09:00:22.000000,2026-07-01 09:34:41.000000,66,"DUMBO/Vinegar Hill","Brooklyn",161,"Midtown Center","Manhattan",7.12,34.316666,7.616667,7.516667,0.1,"observed","valid",true,true,true,false,false,8,2,false,"am_peak_06_09",2026-07-01 08:00:00.000000,25.2,0,9.9,"dry"
98,"HV0003",2026-07-01 10:51:20.000000,2026-07-01 10:53:34.000000,2026-07-01 10:55:36.000000,2026-07-01 11:41:01.000000,198,"Ridgewood","Queens",76,"East New York","Brooklyn",6.68,45.416668,4.266667,2.2333333,2.0333333,"observed","valid",true,true,true,false,false,10,2,false,"midday_10_15",2026-07-01 10:00:00.000000,28.9,0,8.6,"dry"
99,"HV0003",2026-07-01 10:23:55.000000,2026-07-01 10:27:15.000000,2026-07-01 10:27:49.000000,2026-07-01 10:54:55.000000,48,"Clinton East","Manhattan",1,"Newark Airport","EWR",16.29,27.1,3.9,3.3333333,0.56666666,"observed","valid",true,true,true,false,false,10,2,false,"midday_10_15",2026-07-01 10:00:00.000000,28.9,0,8.6,"dry"
100,"HV0003",2026-07-01 10:50:05.000000,2026-07-01 10:50:48.000000,2026-07-01 10:51:23.000000,2026-07-01 11:27:21.000000,148,"Lower East Side","Manhattan",138,"LaGuardia Airport","Queens",10.59,35.966667,1.3,0.71666664,0.5833333,"observed","valid",true,true,true,false,false,10,2,false,"midday_10_15",2026-07-01 10:00:00.000000,28.9,0,8.6,"dry"
101,"HV0005",2026-07-01 10:40:41.000000,2026-07-01 10:42:34.000000,2026-07-01 10:45:59.000000,2026-07-01 11:03:55.000000,68,"East Chelsea","Manhattan",68,"East Chelsea","Manhattan",1.172,17.933332,5.3,1.8833333,3.4166667,"observed","valid",true,true,true,false,true,10,2,false,"midday_10_15",2026-07-01 10:00:00.000000,28.9,0,8.6,"dry"
102,"HV0003",2026-07-01 10:22:30.000000,2026-07-01 10:26:18.000000,2026-07-01 10:26:46.000000,2026-07-01 10:34:04.000000,62,"Crown Heights South","Brooklyn",72,"East Flatbush/Remsen Village","Brooklyn",1.57,7.3,4.266667,3.8,0.46666667,"observed","valid",true,true,true,false,false,10,2,false,"midday_10_15",2026-07-01 10:00:00.000000,28.9,0,8.6,"dry"
103,"HV0005",2026-07-01 10:02:51.000000,2026-07-01 10:08:28.000000,2026-07-01 10:08:44.000000,2026-07-01 10:14:02.000000,259,"Woodlawn/Wakefield","Bronx",259,"Woodlawn/Wakefield","Bronx",1.178,5.3,5.883333,5.616667,0.26666668,"observed","valid",true,true,true,false,false,10,2,false,"midday_10_15",2026-07-01 10:00:00.000000,28.9,0,8.6,"dry"
104,"HV0003",2026-07-01 11:00:00.000000,2026-07-01 10:48:29.000000,2026-07-01 10:49:16.000000,2026-07-01 11:09:41.000000,66,"DUMBO/Vinegar Hill","Brooklyn",138,"LaGuardia Airport","Queens",10.76,20.416666,-10.733334,-11.516666,0.78333336,"before_request","pickup_before_request",false,false,false,true,false,11,2,false,"midday_10_15",2026-07-01 11:00:00.000000,30.9,0,7.3,"dry"
105,"HV0005",2026-07-01 10:14:31.000000,2026-07-01 10:16:55.000000,2026-07-01 10:21:50.000000,2026-07-01 10:42:52.000000,143,"Lincoln Square West","Manhattan",114,"Greenwich Village South","Manhattan",4.995,21.033333,7.3166666,2.4,4.9166665,"observed","valid",true,true,true,false,true,10,2,false,"midday_10_15",2026-07-01 10:00:00.000000,28.9,0,8.6,"dry"
106,"HV0003",2026-07-01 10:47:53.000000,2026-07-01 10:50:31.000000,2026-07-01 10:52:55.000000,2026-07-01 10:58:00.000000,185,"Pelham Parkway","Bronx",183,"Pelham Bay","Bronx",1.13,5.0833335,5.0333333,2.6333334,2.4,"observed","valid",true,true,true,false,false,10,2,false,"midday_10_15",2026-07-01 10:00:00.000000,28.9,0,8.6,"dry"
107,"HV0003",2026-07-01 10:25:56.000000,2026-07-01 10:26:36.000000,2026-07-01 10:38:59.000000,2026-07-01 11:10:30.000000,140,"Lenox Hill East","Manhattan",74,"East Harlem North","Manhattan",3.33,31.516666,13.05,0.6666667,12.383333,"observed","valid",true,true,true,false,false,10,2,false,"midday_10_15",2026-07-01 10:00:00.000000,28.9,0,8.6,"dry"
108,"HV0005",2026-07-01 11:07:22.000000,2026-07-01 11:10:09.000000,2026-07-01 11:11:38.000000,2026-07-01 11:17:36.000000,21,"Bensonhurst East","Brooklyn",55,"Coney Island","Brooklyn",1.547,5.9666667,4.266667,2.7833333,1.4833333,"observed","valid",true,true,true,false,false,11,2,false,"midday_10_15",2026-07-01 11:00:00.000000,30.9,0,7.3,"dry"
109,"HV0005",2026-07-01 11:53:52.000000,2026-07-01 11:54:57.000000,2026-07-01 11:57:34.000000,2026-07-01 12:49:21.000000,234,"Union Sq","Manhattan",138,"LaGuardia Airport","Queens",11.731,51.783333,3.7,1.0833334,2.6166666,"observed","valid",true,true,true,false,false,11,2,false,"midday_10_15",2026-07-01 11:00:00.000000,30.9,0,7.3,"dry"
110,"HV0005",2026-07-01 11:29:46.000000,2026-07-01 11:30:54.000000,2026-07-01 11:31:07.000000,2026-07-01 11:49:55.000000,158,"Meatpacking/West Village West","Manhattan",144,"Little Italy/NoLiTa","Manhattan",1.833,18.8,1.35,1.1333333,0.21666667,"observed","valid",true,true,true,false,false,11,2,false,"midday_10_15",2026-07-01 11:00:00.000000,30.9,0,7.3,"dry"
111,"HV0003",2026-07-01 11:04:31.000000,2026-07-01 11:08:53.000000,2026-07-01 11:09:27.000000,2026-07-01 11:26:37.000000,225,"Stuyvesant Heights","Brooklyn",35,"Brownsville","Brooklyn",2.44,17.166666,4.9333334,4.366667,0.56666666,"observed","valid",true,true,true,false,false,11,2,false,"midday_10_15",2026-07-01 11:00:00.000000,30.9,0,7.3,"dry"
112,"HV0003",2026-07-01 11:00:05.000000,2026-07-01 11:03:58.000000,2026-07-01 11:03:58.000000,2026-07-01 11:08:45.000000,37,"Bushwick South","Brooklyn",37,"Bushwick South","Brooklyn",0.7,4.7833333,3.8833334,3.8833334,0,"same_as_pickup","valid",true,false,true,false,false,11,2,false,"midday_10_15",2026-07-01 11:00:00.000000,30.9,0,7.3,"dry"
113,"HV0003",2026-07-01 11:12:26.000000,2026-07-01 11:13:30.000000,2026-07-01 11:14:31.000000,2026-07-01 11:29:46.000000,144,"Little Italy/NoLiTa","Manhattan",249,"West Village","Manhattan",1.96,15.25,2.0833333,1.0666667,1.0166667,"observed","valid",true,true,true,false,false,11,2,false,"midday_10_15",2026-07-01 11:00:00.000000,30.9,0,7.3,"dry"
114,"HV0003",2026-07-01 11:46:28.000000,2026-07-01 11:50:32.000000,2026-07-01 11:50:34.000000,2026-07-01 11:55:25.000000,244,"Washington Heights South","Manhattan",243,"Washington Heights North","Manhattan",0.7,4.85,4.1,4.0666666,0.033333335,"observed","valid",true,true,true,false,false,11,2,false,"midday_10_15",2026-07-01 11:00:00.000000,30.9,0,7.3,"dry"
115,"HV0003",2026-07-01 11:54:15.000000,2026-07-01 11:58:06.000000,2026-07-01 11:59:34.000000,2026-07-01 12:26:03.000000,50,"Clinton West","Manhattan",186,"Penn Station/Madison Sq West","Manhattan",1.87,26.483334,5.3166666,3.85,1.4666667,"observed","valid",true,true,true,false,false,11,2,false,"midday_10_15",2026-07-01 11:00:00.000000,30.9,0,7.3,"dry"
116,"HV0003",2026-07-01 11:31:47.000000,2026-07-01 11:35:49.000000,2026-07-01 11:37:49.000000,2026-07-01 12:04:12.000000,213,"Soundview/Castle Hill","Bronx",138,"LaGuardia Airport","Queens",9.87,26.383333,6.0333333,4.0333333,2,"observed","valid",true,true,true,false,false,11,2,false,"midday_10_15",2026-07-01 11:00:00.000000,30.9,0,7.3,"dry"
117,"HV0003",2026-07-01 11:19:30.000000,2026-07-01 11:22:05.000000,2026-07-01 11:24:05.000000,2026-07-01 11:34:25.000000,164,"Midtown South","Manhattan",90,"Flatiron","Manhattan",1.26,10.333333,4.5833335,2.5833333,2,"observed","valid",true,true,true,false,false,11,2,false,"midday_10_15",2026-07-01 11:00:00.000000,30.9,0,7.3,"dry"
118,"HV0003",2026-07-01 11:28:34.000000,2026-07-01 11:30:33.000000,2026-07-01 11:32:34.000000,2026-07-01 12:11:48.000000,68,"East Chelsea","Manhattan",138,"LaGuardia Airport","Queens",10.26,39.233334,4,1.9833333,2.0166667,"observed","valid",true,true,true,false,false,11,2,false,"midday_10_15",2026-07-01 11:00:00.000000,30.9,0,7.3,"dry"
119,"HV0003",2026-07-01 11:37:15.000000,2026-07-01 11:39:18.000000,2026-07-01 11:39:34.000000,2026-07-01 11:55:59.000000,229,"Sutton Place/Turtle Bay North","Manhattan",43,"Central Park","Manhattan",1.82,16.416666,2.3166666,2.05,0.26666668,"observed","valid",true,true,true,false,false,11,2,false,"midday_10_15",2026-07-01 11:00:00.000000,30.9,0,7.3,"dry"
120,"HV0003",2026-07-01 10:58:52.000000,2026-07-01 11:02:47.000000,2026-07-01 11:03:17.000000,2026-07-01 11:13:02.000000,254,"Williamsbridge/Olinville","Bronx",3,"Allerton/Pelham Gardens","Bronx",1.82,9.75,4.4166665,3.9166667,0.5,"observed","valid",true,true,true,false,false,10,2,false,"midday_10_15",2026-07-01 10:00:00.000000,28.9,0,8.6,"dry"
121,"HV0003",2026-07-01 11:44:11.000000,2026-07-01 11:46:24.000000,2026-07-01 11:48:23.000000,2026-07-01 12:11:59.000000,155,"Marine Park/Mill Basin","Brooklyn",85,"Erasmus","Brooklyn",3.45,23.6,4.2,2.2166667,1.9833333,"observed","valid",true,true,true,false,false,11,2,false,"midday_10_15",2026-07-01 11:00:00.000000,30.9,0,7.3,"dry"
122,"HV0003",2026-07-01 12:27:28.000000,2026-07-01 12:31:50.000000,2026-07-01 12:31:50.000000,2026-07-01 12:51:16.000000,39,"Canarsie","Brooklyn",89,"Flatbush/Ditmas Park","Brooklyn",3.38,19.433332,4.366667,4.366667,0,"same_as_pickup","valid",true,false,true,false,false,12,2,false,"midday_10_15",2026-07-01 12:00:00.000000,32.7,0,6.2,"dry"
123,"HV0003",2026-07-01 12:29:57.000000,2026-07-01 12:34:14.000000,2026-07-01 12:35:42.000000,2026-07-01 12:41:26.000000,92,"Flushing","Queens",92,"Flushing","Queens",0.51,5.733333,5.75,4.2833333,1.4666667,"observed","valid",true,true,true,false,false,12,2,false,"midday_10_15",2026-07-01 12:00:00.000000,32.7,0,6.2,"dry"
124,"HV0005",2026-07-01 12:52:14.000000,2026-07-01 12:55:16.000000,2026-07-01 12:57:12.000000,2026-07-01 13:01:28.000000,14,"Bay Ridge","Brooklyn",14,"Bay Ridge","Brooklyn",0.731,4.266667,4.9666667,3.0333333,1.9333333,"observed","valid",true,true,true,false,false,12,2,false,"midday_10_15",2026-07-01 12:00:00.000000,32.7,0,6.2,"dry"
125,"HV0003",2026-07-01 12:57:02.000000,2026-07-01 12:57:54.000000,2026-07-01 12:59:55.000000,2026-07-01 13:24:53.000000,68,"East Chelsea","Manhattan",13,"Battery Park City","Manhattan",3.83,24.966667,2.8833334,0.8666667,2.0166667,"observed","valid",true,true,true,false,false,12,2,false,"midday_10_15",2026-07-01 12:00:00.000000,32.7,0,6.2,"dry"
126,"HV0003",2026-07-01 12:33:22.000000,2026-07-01 12:35:58.000000,2026-07-01 12:37:59.000000,2026-07-01 12:50:37.000000,136,"Kingsbridge Heights","Bronx",20,"Belmont","Bronx",1.67,12.633333,4.616667,2.6,2.0166667,"observed","valid",true,true,true,false,false,12,2,false,"midday_10_15",2026-07-01 12:00:00.000000,32.7,0,6.2,"dry"
127,"HV0003",2026-07-01 12:02:24.000000,2026-07-01 12:04:15.000000,2026-07-01 12:07:57.000000,2026-07-01 12:23:06.000000,100,"Garment District","Manhattan",230,"Times Sq/Theatre District","Manhattan",0.41,15.15,5.55,1.85,3.7,"observed","valid",true,true,true,false,false,12,2,false,"midday_10_15",2026-07-01 12:00:00.000000,32.7,0,6.2,"dry"
128,"HV0005",2026-07-01 12:39:53.000000,2026-07-01 12:44:45.000000,2026-07-01 12:44:51.000000,2026-07-01 13:21:32.000000,186,"Penn Station/Madison Sq West","Manhattan",244,"Washington Heights South","Manhattan",8.016,36.683334,4.9666667,4.866667,0.1,"observed","valid",true,true,true,false,false,12,2,false,"midday_10_15",2026-07-01 12:00:00.000000,32.7,0,6.2,"dry"
129,"HV0005",2026-07-01 13:00:32.000000,2026-07-01 13:02:25.000000,2026-07-01 13:04:52.000000,2026-07-01 13:14:09.000000,260,"Woodside","Queens",226,"Sunnyside","Queens",1.889,9.283334,4.3333335,1.8833333,2.45,"observed","valid",true,true,true,false,false,13,2,false,"midday_10_15",2026-07-01 13:00:00.000000,34.4,0,5.9,"dry"
130,"HV0003",2026-07-01 13:30:41.000000,2026-07-01 13:31:53.000000,2026-07-01 13:33:53.000000,2026-07-01 13:44:15.000000,65,"Downtown Brooklyn/MetroTech","Brooklyn",52,"Cobble Hill","Brooklyn",1.19,10.366667,3.2,1.2,2,"observed","valid",true,true,true,false,false,13,2,false,"midday_10_15",2026-07-01 13:00:00.000000,34.4,0,5.9,"dry"
131,"HV0003",2026-07-01 13:04:24.000000,2026-07-01 13:09:10.000000,2026-07-01 13:10:06.000000,2026-07-01 14:10:23.000000,249,"West Village","Manhattan",132,"JFK Airport","Queens",18.42,60.283333,5.7,4.766667,0.93333334,"observed","valid",true,true,true,false,false,13,2,false,"midday_10_15",2026-07-01 13:00:00.000000,34.4,0,5.9,"dry"
132,"HV0005",2026-07-01 13:21:33.000000,2026-07-01 13:23:46.000000,2026-07-01 13:23:58.000000,2026-07-01 13:31:58.000000,210,"Sheepshead Bay","Brooklyn",210,"Sheepshead Bay","Brooklyn",1.836,8,2.4166667,2.2166667,0.2,"observed","valid",true,true,true,false,false,13,2,false,"midday_10_15",2026-07-01 13:00:00.000000,34.4,0,5.9,"dry"
133,"HV0003",2026-07-01 13:43:51.000000,2026-07-01 13:44:52.000000,2026-07-01 13:44:59.000000,2026-07-01 14:14:16.000000,80,"East Williamsburg","Brooklyn",223,"Steinway","Queens",6.65,29.283333,1.1333333,1.0166667,0.11666667,"observed","valid",true,true,true,false,false,13,2,false,"midday_10_15",2026-07-01 13:00:00.000000,34.4,0,5.9,"dry"
134,"HV0003",2026-07-01 13:17:53.000000,2026-07-01 13:21:42.000000,2026-07-01 13:21:42.000000,2026-07-01 13:28:44.000000,14,"Bay Ridge","Brooklyn",14,"Bay Ridge","Brooklyn",1.15,7.0333333,3.8166666,3.8166666,0,"same_as_pickup","valid",true,false,true,false,false,13,2,false,"midday_10_15",2026-07-01 13:00:00.000000,34.4,0,5.9,"dry"
135,"HV0005",2026-07-01 13:17:45.000000,2026-07-01 13:21:30.000000,2026-07-01 13:22:13.000000,2026-07-01 13:57:22.000000,189,"Prospect Heights","Brooklyn",138,"LaGuardia Airport","Queens",11.512,35.15,4.4666667,3.75,0.71666664,"observed","valid",true,true,true,false,false,13,2,false,"midday_10_15",2026-07-01 13:00:00.000000,34.4,0,5.9,"dry"
136,"HV0003",2026-07-01 13:41:07.000000,2026-07-01 13:43:53.000000,2026-07-01 13:44:07.000000,2026-07-01 14:07:43.000000,213,"Soundview/Castle Hill","Bronx",194,"Randalls Island","Manhattan",6.51,23.6,3,2.7666667,0.23333333,"observed","valid",true,true,true,false,false,13,2,false,"midday_10_15",2026-07-01 13:00:00.000000,34.4,0,5.9,"dry"
137,"HV0005",2026-07-01 13:55:12.000000,2026-07-01 13:58:55.000000,2026-07-01 13:59:01.000000,2026-07-01 14:30:08.000000,14,"Bay Ridge","Brooklyn",55,"Coney Island","Brooklyn",8.159,31.116667,3.8166666,3.7166667,0.1,"observed","valid",true,true,true,false,false,13,2,false,"midday_10_15",2026-07-01 13:00:00.000000,34.4,0,5.9,"dry"
138,"HV0003",2026-07-01 13:44:38.000000,2026-07-01 13:48:16.000000,2026-07-01 13:50:17.000000,2026-07-01 13:58:04.000000,181,"Park Slope","Brooklyn",257,"Windsor Terrace","Brooklyn",0.81,7.7833333,5.65,3.6333334,2.0166667,"observed","valid",true,true,true,false,false,13,2,false,"midday_10_15",2026-07-01 13:00:00.000000,34.4,0,5.9,"dry"
139,"HV0003",2026-07-01 13:45:56.000000,2026-07-01 13:47:04.000000,2026-07-01 13:49:04.000000,2026-07-01 14:10:41.000000,33,"Brooklyn Heights","Brooklyn",181,"Park Slope","Brooklyn",2.52,21.616667,3.1333334,1.1333333,2,"observed","valid",true,true,true,false,false,13,2,false,"midday_10_15",2026-07-01 13:00:00.000000,34.4,0,5.9,"dry"
140,"HV0005",2026-07-01 13:06:00.000000,2026-07-01 13:09:39.000000,2026-07-01 13:10:09.000000,2026-07-01 13:29:01.000000,119,"Highbridge","Bronx",60,"Crotona Park East","Bronx",2.682,18.866667,4.15,3.65,0.5,"observed","valid",true,true,true,true,false,13,2,false,"midday_10_15",2026-07-01 13:00:00.000000,34.4,0,5.9,"dry"
141,"HV0003",2026-07-01 13:14:06.000000,2026-07-01 13:17:10.000000,2026-07-01 13:18:12.000000,2026-07-01 13:28:33.000000,81,"Eastchester","Bronx",51,"Co-Op City","Bronx",2.03,10.35,4.1,3.0666666,1.0333333,"observed","valid",true,true,true,false,false,13,2,false,"midday_10_15",2026-07-01 13:00:00.000000,34.4,0,5.9,"dry"
142,"HV0003",2026-07-01 13:08:32.000000,2026-07-01 13:14:56.000000,2026-07-01 13:16:57.000000,2026-07-01 13:34:36.000000,62,"Crown Heights South","Brooklyn",49,"Clinton Hill","Brooklyn",2.09,17.65,8.416667,6.4,2.0166667,"observed","valid",true,true,true,false,false,13,2,false,"midday_10_15",2026-07-01 13:00:00.000000,34.4,0,5.9,"dry"
143,"HV0003",2026-07-01 13:52:03.000000,2026-07-01 14:04:11.000000,2026-07-01 14:05:18.000000,2026-07-01 14:22:09.000000,195,"Red Hook","Brooklyn",181,"Park Slope","Brooklyn",2.08,16.85,13.25,12.133333,1.1166667,"observed","valid",true,true,true,false,false,13,2,false,"midday_10_15",2026-07-01 13:00:00.000000,34.4,0,5.9,"dry"
144,"HV0003",2026-07-01 14:18:11.000000,2026-07-01 14:20:01.000000,2026-07-01 14:20:16.000000,2026-07-01 14:28:02.000000,223,"Steinway","Queens",223,"Steinway","Queens",1.07,7.766667,2.0833333,1.8333334,0.25,"observed","valid",true,true,true,false,false,14,2,false,"midday_10_15",2026-07-01 14:00:00.000000,35.4,0,6,"dry"
145,"HV0005",2026-07-01 14:19:14.000000,2026-07-01 14:25:07.000000,2026-07-01 14:29:01.000000,2026-07-01 14:33:18.000000,74,"East Harlem North","Manhattan",74,"East Harlem North","Manhattan",0.464,4.2833333,9.783334,5.883333,3.9,"observed","valid",true,true,true,false,true,14,2,false,"midday_10_15",2026-07-01 14:00:00.000000,35.4,0,6,"dry"
146,"HV0003",2026-07-01 14:32:03.000000,2026-07-01 14:36:24.000000,2026-07-01 14:38:24.000000,2026-07-01 14:53:02.000000,95,"Forest Hills","Queens",138,"LaGuardia Airport","Queens",4.5,14.633333,6.35,4.35,2,"observed","valid",true,true,true,false,false,14,2,false,"midday_10_15",2026-07-01 14:00:00.000000,35.4,0,6,"dry"
147,"HV0003",2026-07-01 14:23:22.000000,2026-07-01 14:26:44.000000,2026-07-01 14:26:44.000000,2026-07-01 14:32:13.000000,217,"South Williamsburg","Brooklyn",256,"Williamsburg (South Side)","Brooklyn",0.66,5.483333,3.3666666,3.3666666,0,"same_as_pickup","valid",true,false,true,false,false,14,2,false,"midday_10_15",2026-07-01 14:00:00.000000,35.4,0,6,"dry"
148,"HV0005",2026-07-01 14:34:59.000000,2026-07-01 14:38:49.000000,2026-07-01 14:39:06.000000,2026-07-01 15:15:40.000000,226,"Sunnyside","Queens",106,"Gowanus","Brooklyn",6.139,36.566666,4.116667,3.8333333,0.28333333,"observed","valid",true,true,true,false,false,14,2,false,"midday_10_15",2026-07-01 14:00:00.000000,35.4,0,6,"dry"
149,"HV0003",2026-07-01 13:58:24.000000,2026-07-01 14:03:20.000000,2026-07-01 14:04:03.000000,2026-07-01 14:15:16.000000,185,"Pelham Parkway","Bronx",174,"Norwood","Bronx",2.6,11.216666,5.65,4.9333334,0.71666664,"observed","valid",true,true,true,false,false,13,2,false,"midday_10_15",2026-07-01 13:00:00.000000,34.4,0,5.9,"dry"
150,"HV0005",2026-07-01 13:58:36.000000,2026-07-01 14:05:08.000000,2026-07-01 14:05:52.000000,2026-07-01 14:44:31.000000,136,"Kingsbridge Heights","Bronx",68,"East Chelsea","Manhattan",11.638,38.65,7.266667,6.5333333,0.73333335,"observed","valid",true,true,true,false,false,13,2,false,"midday_10_15",2026-07-01 13:00:00.000000,34.4,0,5.9,"dry"
151,"HV0003",2026-07-01 14:01:11.000000,2026-07-01 14:04:17.000000,2026-07-01 14:04:17.000000,2026-07-01 14:29:11.000000,50,"Clinton West","Manhattan",69,"East Concourse/Concourse Village","Bronx",9.68,24.9,3.1,3.1,0,"same_as_pickup","valid",true,false,true,false,false,14,2,false,"midday_10_15",2026-07-01 14:00:00.000000,35.4,0,6,"dry"
152,"HV0003",2026-07-01 14:49:49.000000,2026-07-01 14:53:01.000000,2026-07-01 14:54:28.000000,2026-07-01 15:10:11.000000,89,"Flatbush/Ditmas Park","Brooklyn",227,"Sunset Park East","Brooklyn",1.82,15.716666,4.65,3.2,1.45,"observed","valid",true,true,true,false,false,14,2,false,"midday_10_15",2026-07-01 14:00:00.000000,35.4,0,6,"dry"
153,"HV0003",2026-07-01 14:27:50.000000,2026-07-01 14:29:25.000000,2026-07-01 14:30:34.000000,2026-07-01 14:56:56.000000,106,"Gowanus","Brooklyn",144,"Little Italy/NoLiTa","Manhattan",4.23,26.366667,2.7333333,1.5833334,1.15,"observed","valid",true,true,true,false,false,14,2,false,"midday_10_15",2026-07-01 14:00:00.000000,35.4,0,6,"dry"
154,"HV0003",2026-07-01 14:43:47.000000,2026-07-01 14:46:46.000000,2026-07-01 14:46:49.000000,2026-07-01 14:56:16.000000,114,"Greenwich Village South","Manhattan",90,"Flatiron","Manhattan",1.42,9.45,3.0333333,2.9833333,0.05,"observed","valid",true,true,true,false,false,14,2,false,"midday_10_15",2026-07-01 14:00:00.000000,35.4,0,6,"dry"
155,"HV0003",2026-07-01 14:25:00.000000,2026-07-01 14:25:59.000000,2026-07-01 14:26:03.000000,2026-07-01 14:44:48.000000,145,"Long Island City/Hunters Point","Queens",260,"Woodside","Queens",4.76,18.75,1.05,0.98333335,0.06666667,"observed","valid",true,true,true,true,false,14,2,false,"midday_10_15",2026-07-01 14:00:00.000000,35.4,0,6,"dry"
156,"HV0003",2026-07-01 13:53:02.000000,2026-07-01 14:01:26.000000,2026-07-01 14:01:55.000000,2026-07-01 14:57:51.000000,143,"Lincoln Square West","Manhattan",138,"LaGuardia Airport","Queens",13.08,55.933334,8.883333,8.4,0.48333332,"observed","valid",true,true,true,false,false,13,2,false,"midday_10_15",2026-07-01 13:00:00.000000,34.4,0,5.9,"dry"
157,"HV0003",2026-07-01 14:13:52.000000,2026-07-01 14:16:00.000000,2026-07-01 14:17:08.000000,2026-07-01 14:40:13.000000,147,"Longwood","Bronx",20,"Belmont","Bronx",3.09,23.083334,3.2666667,2.1333334,1.1333333,"observed","valid",true,true,true,false,false,14,2,false,"midday_10_15",2026-07-01 14:00:00.000000,35.4,0,6,"dry"
158,"HV0005",2026-07-01 14:18:10.000000,2026-07-01 14:18:56.000000,2026-07-01 14:22:56.000000,2026-07-01 14:36:23.000000,171,"Murray Hill-Queens","Queens",253,"Willets Point","Queens",2.42,13.45,4.766667,0.76666665,4,"observed","valid",true,true,true,false,true,14,2,false,"midday_10_15",2026-07-01 14:00:00.000000,35.4,0,6,"dry"
159,"HV0005",2026-07-01 14:14:40.000000,2026-07-01 14:19:56.000000,2026-07-01 14:20:00.000000,2026-07-01 14:36:11.000000,97,"Fort Greene","Brooklyn",65,"Downtown Brooklyn/MetroTech","Brooklyn",1.957,16.183332,5.3333335,5.266667,0.06666667,"observed","valid",true,true,true,false,false,14,2,false,"midday_10_15",2026-07-01 14:00:00.000000,35.4,0,6,"dry"
160,"HV0003",2026-07-01 13:57:17.000000,2026-07-01 14:07:54.000000,2026-07-01 14:08:10.000000,2026-07-01 14:10:30.000000,62,"Crown Heights South","Brooklyn",188,"Prospect-Lefferts Gardens","Brooklyn",0.55,2.3333333,10.883333,10.616667,0.26666668,"observed","valid",true,true,true,false,false,13,2,false,"midday_10_15",2026-07-01 13:00:00.000000,34.4,0,5.9,"dry"
161,"HV0003",2026-07-01 14:32:09.000000,2026-07-01 14:36:23.000000,2026-07-01 14:38:24.000000,2026-07-01 14:48:30.000000,217,"South Williamsburg","Brooklyn",17,"Bedford","Brooklyn",0.9,10.1,6.25,4.233333,2.0166667,"observed","valid",true,true,true,false,false,14,2,false,"midday_10_15",2026-07-01 14:00:00.000000,35.4,0,6,"dry"
162,"HV0003",2026-07-01 14:30:09.000000,2026-07-01 14:30:47.000000,2026-07-01 14:32:49.000000,2026-07-01 14:47:22.000000,244,"Washington Heights South","Manhattan",169,"Mount Hope","Bronx",2.48,14.55,2.6666667,0.6333333,2.0333333,"observed","valid",true,true,true,false,false,14,2,false,"midday_10_15",2026-07-01 14:00:00.000000,35.4,0,6,"dry"
163,"HV0003",2026-07-01 14:09:41.000000,2026-07-01 14:15:06.000000,2026-07-01 14:17:07.000000,2026-07-01 15:08:29.000000,76,"East New York","Brooklyn",168,"Mott Haven/Port Morris","Bronx",16.96,51.366665,7.4333334,5.4166665,2.0166667,"observed","valid",true,true,true,false,false,14,2,false,"midday_10_15",2026-07-01 14:00:00.000000,35.4,0,6,"dry"
164,"HV0005",2026-07-01 15:01:29.000000,2026-07-01 15:08:16.000000,2026-07-01 15:09:14.000000,2026-07-01 15:42:37.000000,245,"West Brighton","Staten Island",118,"Heartland Village/Todt Hill","Staten Island",6.734,33.383335,7.75,6.7833333,0.96666664,"observed","valid",true,true,true,false,false,15,2,false,"midday_10_15",2026-07-01 15:00:00.000000,32.8,0,12.9,"dry"
165,"HV0003",2026-07-01 15:24:21.000000,2026-07-01 15:24:37.000000,2026-07-01 15:25:17.000000,2026-07-01 15:33:18.000000,17,"Bedford","Brooklyn",256,"Williamsburg (South Side)","Brooklyn",1.01,8.016666,0.93333334,0.26666668,0.6666667,"observed","valid",true,true,true,false,false,15,2,false,"midday_10_15",2026-07-01 15:00:00.000000,32.8,0,12.9,"dry"
166,"HV0003",2026-07-01 15:46:12.000000,2026-07-01 15:50:09.000000,2026-07-01 15:50:31.000000,2026-07-01 16:04:18.000000,115,"Grymes Hill/Clifton","Staten Island",206,"Saint George/New Brighton","Staten Island",2.81,13.783334,4.3166666,3.95,0.36666667,"observed","valid",true,true,true,false,false,15,2,false,"midday_10_15",2026-07-01 15:00:00.000000,32.8,0,12.9,"dry"
167,"HV0003",2026-07-01 15:12:04.000000,2026-07-01 15:13:12.000000,2026-07-01 15:13:29.000000,2026-07-01 15:24:30.000000,142,"Lincoln Square East","Manhattan",141,"Lenox Hill West","Manhattan",1.95,11.016666,1.4166666,1.1333333,0.28333333,"observed","valid",true,true,true,false,false,15,2,false,"midday_10_15",2026-07-01 15:00:00.000000,32.8,0,12.9,"dry"
168,"HV0005",2026-07-01 15:18:51.000000,2026-07-01 15:23:40.000000,2026-07-01 15:24:21.000000,2026-07-01 15:32:59.000000,243,"Washington Heights North","Manhattan",244,"Washington Heights South","Manhattan",1.199,8.633333,5.5,4.8166666,0.68333334,"observed","valid",true,true,true,false,false,15,2,false,"midday_10_15",2026-07-01 15:00:00.000000,32.8,0,12.9,"dry"
169,"HV0003",2026-07-01 15:23:01.000000,2026-07-01 15:26:28.000000,2026-07-01 15:27:54.000000,2026-07-01 15:59:42.000000,54,"Columbia Street","Brooklyn",210,"Sheepshead Bay","Brooklyn",7.99,31.8,4.883333,3.45,1.4333333,"observed","valid",true,true,true,false,false,15,2,false,"midday_10_15",2026-07-01 15:00:00.000000,32.8,0,12.9,"dry"
170,"HV0005",2026-07-01 15:49:14.000000,2026-07-01 15:51:57.000000,2026-07-01 15:54:38.000000,2026-07-01 16:01:13.000000,33,"Brooklyn Heights","Brooklyn",33,"Brooklyn Heights","Brooklyn",0.785,6.5833335,5.4,2.7166667,2.6833334,"observed","valid",true,true,true,false,false,15,2,false,"midday_10_15",2026-07-01 15:00:00.000000,32.8,0,12.9,"dry"
171,"HV0005",2026-07-01 14:55:15.000000,2026-07-01 15:03:23.000000,2026-07-01 15:03:35.000000,2026-07-01 15:19:57.000000,126,"Hunts Point","Bronx",213,"Soundview/Castle Hill","Bronx",1.609,16.366667,8.333333,8.133333,0.2,"observed","valid",true,true,true,false,false,14,2,false,"midday_10_15",2026-07-01 14:00:00.000000,35.4,0,6,"dry"
172,"HV0003",2026-07-01 15:13:18.000000,2026-07-01 15:16:06.000000,2026-07-01 15:16:35.000000,2026-07-01 15:40:37.000000,82,"Elmhurst","Queens",226,"Sunnyside","Queens",3.75,24.033333,3.2833333,2.8,0.48333332,"observed","valid",true,true,true,false,false,15,2,false,"midday_10_15",2026-07-01 15:00:00.000000,32.8,0,12.9,"dry"
173,"HV0005",2026-07-01 15:49:02.000000,2026-07-01 15:53:01.000000,2026-07-01 15:56:16.000000,2026-07-01 16:15:11.000000,61,"Crown Heights North","Brooklyn",188,"Prospect-Lefferts Gardens","Brooklyn",2.252,18.916666,7.233333,3.9833333,3.25,"observed","valid",true,true,true,false,true,15,2,false,"midday_10_15",2026-07-01 15:00:00.000000,32.8,0,12.9,"dry"
174,"HV0003",2026-07-01 15:41:22.000000,2026-07-01 15:52:14.000000,2026-07-01 15:53:00.000000,2026-07-01 16:03:59.000000,93,"Flushing Meadows-Corona Park","Queens",92,"Flushing","Queens",0.87,10.983334,11.633333,10.866667,0.76666665,"observed","valid",true,true,true,false,false,15,2,false,"midday_10_15",2026-07-01 15:00:00.000000,32.8,0,12.9,"dry"
175,"HV0003",2026-07-01 15:40:58.000000,2026-07-01 15:43:41.000000,2026-07-01 15:44:00.000000,2026-07-01 16:02:29.000000,166,"Morningside Heights","Manhattan",237,"Upper East Side South","Manhattan",3.55,18.483334,3.0333333,2.7166667,0.31666666,"observed","valid",true,true,true,false,false,15,2,false,"midday_10_15",2026-07-01 15:00:00.000000,32.8,0,12.9,"dry"
176,"HV0003",2026-07-01 15:31:41.000000,2026-07-01 15:33:05.000000,2026-07-01 15:35:05.000000,2026-07-01 15:59:54.000000,41,"Central Harlem","Manhattan",159,"Melrose South","Bronx",2.54,24.816668,3.4,1.4,2,"observed","valid",true,true,true,false,false,15,2,false,"midday_10_15",2026-07-01 15:00:00.000000,32.8,0,12.9,"dry"
177,"HV0003",2026-07-01 16:35:18.000000,2026-07-01 16:43:36.000000,2026-07-01 16:43:37.000000,2026-07-01 17:00:08.000000,263,"Yorkville West","Manhattan",142,"Lincoln Square East","Manhattan",2.84,16.516666,8.316667,8.3,0.016666668,"observed","valid",true,true,true,false,false,16,2,false,"pm_peak_16_19",2026-07-01 16:00:00.000000,32.6,0.3,11.3,"light_rain"
178,"HV0005",2026-07-01 16:19:16.000000,2026-07-01 16:20:13.000000,2026-07-01 16:20:35.000000,2026-07-01 16:35:05.000000,74,"East Harlem North","Manhattan",229,"Sutton Place/Turtle Bay North","Manhattan",3.852,14.5,1.3166667,0.95,0.36666667,"observed","valid",true,true,true,false,false,16,2,false,"pm_peak_16_19",2026-07-01 16:00:00.000000,32.6,0.3,11.3,"light_rain"
179,"HV0003",2026-07-01 16:49:41.000000,2026-07-01 16:56:22.000000,2026-07-01 16:56:22.000000,2026-07-01 17:06:00.000000,182,"Parkchester","Bronx",248,"West Farms/Bronx River","Bronx",0.94,9.633333,6.6833334,6.6833334,0,"same_as_pickup","valid",true,false,true,false,false,16,2,false,"pm_peak_16_19",2026-07-01 16:00:00.000000,32.6,0.3,11.3,"light_rain"
180,"HV0003",2026-07-01 16:29:06.000000,2026-07-01 16:31:16.000000,2026-07-01 16:31:56.000000,2026-07-01 16:38:35.000000,145,"Long Island City/Hunters Point","Queens",145,"Long Island City/Hunters Point","Queens",0.86,6.65,2.8333333,2.1666667,0.6666667,"observed","valid",true,true,true,false,false,16,2,false,"pm_peak_16_19",2026-07-01 16:00:00.000000,32.6,0.3,11.3,"light_rain"
181,"HV0003",2026-07-01 15:58:08.000000,2026-07-01 15:59:34.000000,2026-07-01 16:01:13.000000,2026-07-01 16:14:03.000000,229,"Sutton Place/Turtle Bay North","Manhattan",229,"Sutton Place/Turtle Bay North","Manhattan",0.55,12.833333,3.0833333,1.4333333,1.65,"observed","valid",true,true,true,false,false,15,2,false,"midday_10_15",2026-07-01 15:00:00.000000,32.8,0,12.9,"dry"
182,"HV0003",2026-07-01 16:51:39.000000,2026-07-01 16:57:46.000000,2026-07-01 16:58:17.000000,2026-07-01 18:38:57.000000,37,"Bushwick South","Brooklyn",265,"Outside of NYC","N/A",24.72,100.666664,6.633333,6.116667,0.51666665,"observed","valid",true,true,true,false,false,16,2,false,"pm_peak_16_19",2026-07-01 16:00:00.000000,32.6,0.3,11.3,"light_rain"
183,"HV0003",2026-07-01 16:05:35.000000,2026-07-01 16:13:54.000000,2026-07-01 16:14:08.000000,2026-07-01 16:27:41.000000,134,"Kew Gardens","Queens",138,"LaGuardia Airport","Queens",6.42,13.55,8.55,8.316667,0.23333333,"observed","valid",true,true,true,false,false,16,2,false,"pm_peak_16_19",2026-07-01 16:00:00.000000,32.6,0.3,11.3,"light_rain"
184,"HV0003",2026-07-01 16:49:22.000000,2026-07-01 16:53:14.000000,2026-07-01 16:54:31.000000,2026-07-01 17:14:38.000000,155,"Marine Park/Mill Basin","Brooklyn",77,"East New York/Pennsylvania Avenue","Brooklyn",3.78,20.116667,5.15,3.8666666,1.2833333,"observed","valid",true,true,true,false,false,16,2,false,"pm_peak_16_19",2026-07-01 16:00:00.000000,32.6,0.3,11.3,"light_rain"
185,"HV0005",2026-07-01 16:26:46.000000,2026-07-01 16:28:37.000000,2026-07-01 16:32:33.000000,2026-07-01 16:37:08.000000,219,"Springfield Gardens South","Queens",218,"Springfield Gardens North","Queens",0.968,4.5833335,5.7833333,1.85,3.9333334,"observed","valid",true,true,true,false,true,16,2,false,"pm_peak_16_19",2026-07-01 16:00:00.000000,32.6,0.3,11.3,"light_rain"
186,"HV0003",2026-07-01 16:29:08.000000,2026-07-01 16:33:26.000000,2026-07-01 16:34:21.000000,2026-07-01 16:44:38.000000,91,"Flatlands","Brooklyn",85,"Erasmus","Brooklyn",1.85,10.283334,5.2166667,4.3,0.9166667,"observed","valid",true,true,true,false,false,16,2,false,"pm_peak_16_19",2026-07-01 16:00:00.000000,32.6,0.3,11.3,"light_rain"
187,"HV0003",2026-07-01 16:21:14.000000,2026-07-01 16:23:38.000000,2026-07-01 16:24:12.000000,2026-07-01 16:35:04.000000,193,"Queensbridge/Ravenswood","Queens",140,"Lenox Hill East","Manhattan",2.5,10.866667,2.9666667,2.4,0.56666666,"observed","valid",true,true,true,false,false,16,2,false,"pm_peak_16_19",2026-07-01 16:00:00.000000,32.6,0.3,11.3,"light_rain"
188,"HV0003",2026-07-01 16:47:30.000000,2026-07-01 16:47:38.000000,2026-07-01 16:48:28.000000,2026-07-01 17:02:40.000000,179,"Old Astoria","Queens",145,"Long Island City/Hunters Point","Queens",2.81,14.2,0.96666664,0.13333334,0.8333333,"observed","valid",true,true,true,false,false,16,2,false,"pm_peak_16_19",2026-07-01 16:00:00.000000,32.6,0.3,11.3,"light_rain"
189,"HV0005",2026-07-01 15:50:04.000000,2026-07-01 15:52:45.000000,2026-07-01 16:01:20.000000,2026-07-01 18:03:45.000000,233,"UN/Turtle Bay South","Manhattan",265,"Outside of NYC","N/A",33.848,122.416664,11.266666,2.6833334,8.583333,"observed","valid",true,true,true,false,true,15,2,false,"midday_10_15",2026-07-01 15:00:00.000000,32.8,0,12.9,"dry"
190,"HV0005",2026-07-01 16:00:39.000000,2026-07-01 16:09:34.000000,2026-07-01 16:09:47.000000,2026-07-01 16:26:38.000000,68,"East Chelsea","Manhattan",170,"Murray Hill","Manhattan",1.077,16.85,9.133333,8.916667,0.21666667,"observed","valid",true,true,true,false,false,16,2,false,"pm_peak_16_19",2026-07-01 16:00:00.000000,32.6,0.3,11.3,"light_rain"
191,"HV0003",2026-07-01 16:49:26.000000,2026-07-01 16:51:54.000000,2026-07-01 16:51:59.000000,2026-07-01 17:26:14.000000,61,"Crown Heights North","Brooklyn",39,"Canarsie","Brooklyn",4.65,34.25,2.55,2.4666667,0.083333336,"observed","valid",true,true,true,false,false,16,2,false,"pm_peak_16_19",2026-07-01 16:00:00.000000,32.6,0.3,11.3,"light_rain"
192,"HV0005",2026-07-01 16:39:46.000000,2026-07-01 16:42:51.000000,2026-07-01 16:43:06.000000,2026-07-01 16:50:52.000000,22,"Bensonhurst West","Brooklyn",26,"Borough Park","Brooklyn",1.082,7.766667,3.3333333,3.0833333,0.25,"observed","valid",true,true,true,false,false,16,2,false,"pm_peak_16_19",2026-07-01 16:00:00.000000,32.6,0.3,11.3,"light_rain"
193,"HV0003",2026-07-01 15:58:36.000000,2026-07-01 16:06:49.000000,2026-07-01 16:06:55.000000,2026-07-01 17:24:37.000000,159,"Melrose South","Bronx",222,"Starrett City","Brooklyn",21.45,77.7,8.316667,8.216666,0.1,"observed","valid",true,true,true,false,false,15,2,false,"midday_10_15",2026-07-01 15:00:00.000000,32.8,0,12.9,"dry"
194,"HV0003",2026-07-01 17:34:34.000000,2026-07-01 17:40:04.000000,2026-07-01 17:40:40.000000,2026-07-01 18:03:35.000000,152,"Manhattanville","Manhattan",168,"Mott Haven/Port Morris","Bronx",3.46,22.916666,6.1,5.5,0.6,"observed","valid",true,true,true,false,false,17,2,false,"pm_peak_16_19",2026-07-01 17:00:00.000000,33.3,0.1,9.8,"light_rain"
195,"HV0003",2026-07-01 17:24:11.000000,2026-07-01 17:26:50.000000,2026-07-01 17:27:33.000000,2026-07-01 17:38:03.000000,100,"Garment District","Manhattan",230,"Times Sq/Theatre District","Manhattan",0.73,10.5,3.3666666,2.65,0.71666664,"observed","valid",true,true,true,false,false,17,2,false,"pm_peak_16_19",2026-07-01 17:00:00.000000,33.3,0.1,9.8,"light_rain"
196,"HV0005",2026-07-01 17:07:03.000000,2026-07-01 17:10:22.000000,2026-07-01 17:10:31.000000,2026-07-01 17:13:53.000000,52,"Cobble Hill","Brooklyn",52,"Cobble Hill","Brooklyn",0.38,3.3666666,3.4666667,3.3166666,0.15,"observed","valid",true,true,true,false,false,17,2,false,"pm_peak_16_19",2026-07-01 17:00:00.000000,33.3,0.1,9.8,"light_rain"
197,"HV0005",2026-07-01 17:24:18.000000,2026-07-01 17:30:08.000000,2026-07-01 17:30:36.000000,2026-07-01 17:42:29.000000,26,"Borough Park","Brooklyn",26,"Borough Park","Brooklyn",1.042,11.883333,6.3,5.8333335,0.46666667,"observed","valid",true,true,true,false,false,17,2,false,"pm_peak_16_19",2026-07-01 17:00:00.000000,33.3,0.1,9.8,"light_rain"
198,"HV0003",2026-07-01 17:08:59.000000,2026-07-01 17:15:59.000000,2026-07-01 17:15:59.000000,2026-07-01 17:27:27.000000,242,"Van Nest/Morris Park","Bronx",31,"Bronx Park","Bronx",0.7,11.466666,7,7,0,"same_as_pickup","valid",true,false,true,false,false,17,2,false,"pm_peak_16_19",2026-07-01 17:00:00.000000,33.3,0.1,9.8,"light_rain"
199,"HV0003",2026-07-01 16:50:39.000000,2026-07-01 17:05:06.000000,2026-07-01 17:05:21.000000,2026-07-01 17:11:07.000000,244,"Washington Heights South","Manhattan",244,"Washington Heights South","Manhattan",0.78,5.766667,14.7,14.45,0.25,"observed","valid",true,true,true,false,false,16,2,false,"pm_peak_16_19",2026-07-01 16:00:00.000000,32.6,0.3,11.3,"light_rain"
200,"HV0003",2026-07-01 16:56:24.000000,2026-07-01 17:06:38.000000,2026-07-01 17:07:36.000000,2026-07-01 17:34:12.000000,231,"TriBeCa/Civic Center","Manhattan",228,"Sunset Park West","Brooklyn",7.53,26.6,11.2,10.233334,0.96666664,"observed","valid",true,true,true,false,false,16,2,false,"pm_peak_16_19",2026-07-01 16:00:00.000000,32.6,0.3,11.3,"light_rain"
201,"HV0003",2026-07-01 17:03:13.000000,2026-07-01 17:07:38.000000,2026-07-01 17:07:43.000000,2026-07-01 17:21:21.000000,211,"SoHo","Manhattan",148,"Lower East Side","Manhattan",1.26,13.633333,4.5,4.4166665,0.083333336,"observed","valid",true,true,true,false,false,17,2,false,"pm_peak_16_19",2026-07-01 17:00:00.000000,33.3,0.1,9.8,"light_rain"
202,"HV0005",2026-07-01 17:01:59.000000,2026-07-01 17:02:25.000000,2026-07-01 17:03:04.000000,2026-07-01 17:53:47.000000,48,"Clinton East","Manhattan",223,"Steinway","Queens",5.917,50.716667,1.0833334,0.43333334,0.65,"observed","valid",true,true,true,false,false,17,2,false,"pm_peak_16_19",2026-07-01 17:00:00.000000,33.3,0.1,9.8,"light_rain"
203,"HV0003",2026-07-01 17:17:13.000000,2026-07-01 17:28:03.000000,2026-07-01 17:28:34.000000,2026-07-01 17:40:43.000000,18,"Bedford Park","Bronx",174,"Norwood","Bronx",1.58,12.15,11.35,10.833333,0.51666665,"observed","valid",true,true,true,false,false,17,2,false,"pm_peak_16_19",2026-07-01 17:00:00.000000,33.3,0.1,9.8,"light_rain"
204,"HV0005",2026-07-01 17:08:07.000000,2026-07-01 17:10:39.000000,2026-07-01 17:10:39.000000,2026-07-01 17:16:28.000000,169,"Mount Hope","Bronx",78,"East Tremont","Bronx",0.964,5.8166666,2.5333333,2.5333333,0,"same_as_pickup","valid",true,false,true,false,false,17,2,false,"pm_peak_16_19",2026-07-01 17:00:00.000000,33.3,0.1,9.8,"light_rain"
205,"HV0003",2026-07-01 17:06:34.000000,2026-07-01 17:10:33.000000,2026-07-01 17:10:42.000000,2026-07-01 17:20:38.000000,13,"Battery Park City","Manhattan",87,"Financial District North","Manhattan",1.09,9.933333,4.133333,3.9833333,0.15,"observed","valid",true,true,true,false,false,17,2,false,"pm_peak_16_19",2026-07-01 17:00:00.000000,33.3,0.1,9.8,"light_rain"
206,"HV0005",2026-07-01 17:46:28.000000,2026-07-01 17:46:49.000000,2026-07-01 17:49:12.000000,2026-07-01 18:28:29.000000,132,"JFK Airport","Queens",123,"Homecrest","Brooklyn",16.063,39.283333,2.7333333,0.35,2.3833334,"observed","valid",true,true,true,false,false,17,2,false,"pm_peak_16_19",2026-07-01 17:00:00.000000,33.3,0.1,9.8,"light_rain"
207,"HV0003",2026-07-01 17:26:43.000000,2026-07-01 17:27:28.000000,2026-07-01 17:29:29.000000,2026-07-01 18:43:50.000000,132,"JFK Airport","Queens",265,"Outside of NYC","N/A",30.56,74.35,2.7666667,0.75,2.0166667,"observed","valid",true,true,true,false,false,17,2,false,"pm_peak_16_19",2026-07-01 17:00:00.000000,33.3,0.1,9.8,"light_rain"
208,"HV0003",2026-07-01 17:23:20.000000,2026-07-01 17:24:37.000000,2026-07-01 17:26:22.000000,2026-07-01 17:46:09.000000,158,"Meatpacking/West Village West","Manhattan",211,"SoHo","Manhattan",2.21,19.783333,3.0333333,1.2833333,1.75,"observed","valid",true,true,true,false,false,17,2,false,"pm_peak_16_19",2026-07-01 17:00:00.000000,33.3,0.1,9.8,"light_rain"
209,"HV0003",2026-07-01 17:07:37.000000,2026-07-01 17:12:27.000000,2026-07-01 17:12:44.000000,2026-07-01 17:19:33.000000,217,"South Williamsburg","Brooklyn",256,"Williamsburg (South Side)","Brooklyn",0.76,6.8166666,5.116667,4.8333335,0.28333333,"observed","valid",true,true,true,false,false,17,2,false,"pm_peak_16_19",2026-07-01 17:00:00.000000,33.3,0.1,9.8,"light_rain"
210,"HV0003",2026-07-01 17:51:59.000000,2026-07-01 17:54:06.000000,2026-07-01 17:56:06.000000,2026-07-01 18:12:01.000000,261,"World Trade Center","Manhattan",211,"SoHo","Manhattan",1.28,15.916667,4.116667,2.1166666,2,"observed","valid",true,true,true,false,false,17,2,false,"pm_peak_16_19",2026-07-01 17:00:00.000000,33.3,0.1,9.8,"light_rain"
211,"HV0003",2026-07-01 17:48:08.000000,2026-07-01 17:50:58.000000,2026-07-01 17:51:39.000000,2026-07-01 18:07:14.000000,108,"Gravesend","Brooklyn",22,"Bensonhurst West","Brooklyn",2.21,15.583333,3.5166667,2.8333333,0.68333334,"observed","valid",true,true,true,false,false,17,2,false,"pm_peak_16_19",2026-07-01 17:00:00.000000,33.3,0.1,9.8,"light_rain"
212,"HV0003",2026-07-01 17:43:58.000000,2026-07-01 18:04:38.000000,2026-07-01 18:05:39.000000,2026-07-01 18:23:29.000000,198,"Ridgewood","Queens",260,"Woodside","Queens",2.96,17.833334,21.683332,20.666666,1.0166667,"observed","valid",true,true,true,false,false,17,2,false,"pm_peak_16_19",2026-07-01 17:00:00.000000,33.3,0.1,9.8,"light_rain"
213,"HV0003",2026-07-01 18:26:22.000000,2026-07-01 18:27:30.000000,2026-07-01 18:29:30.000000,2026-07-01 18:46:06.000000,229,"Sutton Place/Turtle Bay North","Manhattan",148,"Lower East Side","Manhattan",4.45,16.6,3.1333334,1.1333333,2,"observed","valid",true,true,true,false,false,18,2,false,"pm_peak_16_19",2026-07-01 18:00:00.000000,32.3,0,10.1,"dry"
214,"HV0005",2026-07-01 18:10:53.000000,2026-07-01 18:17:31.000000,2026-07-01 18:17:40.000000,2026-07-01 18:32:27.000000,244,"Washington Heights South","Manhattan",239,"Upper West Side South","Manhattan",4.819,14.783334,6.7833333,6.633333,0.15,"observed","valid",true,true,true,false,false,18,2,false,"pm_peak_16_19",2026-07-01 18:00:00.000000,32.3,0,10.1,"dry"
215,"HV0003",2026-07-01 18:38:11.000000,2026-07-01 18:43:50.000000,2026-07-01 18:44:59.000000,2026-07-01 19:01:19.000000,148,"Lower East Side","Manhattan",249,"West Village","Manhattan",2.27,16.333334,6.8,5.65,1.15,"observed","valid",true,true,true,false,false,18,2,false,"pm_peak_16_19",2026-07-01 18:00:00.000000,32.3,0,10.1,"dry"
216,"HV0005",2026-07-01 18:33:55.000000,2026-07-01 18:41:05.000000,2026-07-01 18:41:38.000000,2026-07-01 18:55:39.000000,65,"Downtown Brooklyn/MetroTech","Brooklyn",65,"Downtown Brooklyn/MetroTech","Brooklyn",1.425,14.016666,7.7166667,7.1666665,0.55,"observed","valid",true,true,true,false,false,18,2,false,"pm_peak_16_19",2026-07-01 18:00:00.000000,32.3,0,10.1,"dry"
217,"HV0003",2026-07-01 18:11:37.000000,2026-07-01 18:16:33.000000,2026-07-01 18:17:23.000000,2026-07-01 18:33:44.000000,93,"Flushing Meadows-Corona Park","Queens",73,"East Flushing","Queens",3.44,16.35,5.766667,4.9333334,0.8333333,"observed","valid",true,true,true,false,false,18,2,false,"pm_peak_16_19",2026-07-01 18:00:00.000000,32.3,0,10.1,"dry"
218,"HV0003",2026-07-01 18:18:10.000000,2026-07-01 18:18:50.000000,2026-07-01 18:19:09.000000,2026-07-01 18:25:19.000000,181,"Park Slope","Brooklyn",106,"Gowanus","Brooklyn",1.08,6.1666665,0.98333335,0.6666667,0.31666666,"observed","valid",true,true,true,false,false,18,2,false,"pm_peak_16_19",2026-07-01 18:00:00.000000,32.3,0,10.1,"dry"
219,"HV0003",2026-07-01 18:32:37.000000,2026-07-01 18:37:56.000000,2026-07-01 18:39:56.000000,2026-07-01 19:14:16.000000,90,"Flatiron","Manhattan",37,"Bushwick South","Brooklyn",5.37,34.333332,7.3166666,5.3166666,2,"observed","valid",true,true,true,false,false,18,2,false,"pm_peak_16_19",2026-07-01 18:00:00.000000,32.3,0,10.1,"dry"
220,"HV0003",2026-07-01 18:48:52.000000,2026-07-01 18:52:33.000000,2026-07-01 18:53:10.000000,2026-07-01 19:22:54.000000,141,"Lenox Hill West","Manhattan",40,"Carroll Gardens","Brooklyn",9.02,29.733334,4.3,3.6833334,0.6166667,"observed","valid",true,true,true,false,false,18,2,false,"pm_peak_16_19",2026-07-01 18:00:00.000000,32.3,0,10.1,"dry"
221,"HV0005",2026-07-01 18:09:10.000000,2026-07-01 18:15:37.000000,2026-07-01 18:16:23.000000,2026-07-01 18:24:19.000000,26,"Borough Park","Brooklyn",26,"Borough Park","Brooklyn",1.112,7.9333334,7.2166667,6.45,0.76666665,"observed","valid",true,true,true,false,false,18,2,false,"pm_peak_16_19",2026-07-01 18:00:00.000000,32.3,0,10.1,"dry"
222,"HV0003",2026-07-01 18:10:34.000000,2026-07-01 18:11:53.000000,2026-07-01 18:12:23.000000,2026-07-01 18:42:36.000000,75,"East Harlem South","Manhattan",244,"Washington Heights South","Manhattan",4.46,30.216667,1.8166667,1.3166667,0.5,"observed","valid",true,true,true,false,false,18,2,false,"pm_peak_16_19",2026-07-01 18:00:00.000000,32.3,0,10.1,"dry"
223,"HV0005",2026-07-01 18:53:32.000000,2026-07-01 18:57:39.000000,2026-07-01 18:58:07.000000,2026-07-01 19:09:23.000000,163,"Midtown North","Manhattan",162,"Midtown East","Manhattan",0.985,11.266666,4.5833335,4.116667,0.46666667,"observed","valid",true,true,true,false,false,18,2,false,"pm_peak_16_19",2026-07-01 18:00:00.000000,32.3,0,10.1,"dry"
224,"HV0005",2026-07-01 18:45:29.000000,2026-07-01 18:46:02.000000,2026-07-01 18:53:30.000000,2026-07-01 19:10:45.000000,141,"Lenox Hill West","Manhattan",75,"East Harlem South","Manhattan",2.342,17.25,8.016666,0.55,7.4666667,"observed","valid",true,true,true,false,true,18,2,false,"pm_peak_16_19",2026-07-01 18:00:00.000000,32.3,0,10.1,"dry"
225,"HV0005",2026-07-01 18:01:34.000000,2026-07-01 18:03:27.000000,2026-07-01 18:03:58.000000,2026-07-01 18:11:12.000000,60,"Crotona Park East","Bronx",212,"Soundview/Bruckner","Bronx",1.363,7.233333,2.4,1.8833333,0.51666665,"observed","valid",true,true,true,false,false,18,2,false,"pm_peak_16_19",2026-07-01 18:00:00.000000,32.3,0,10.1,"dry"
226,"HV0003",2026-07-01 18:11:31.000000,2026-07-01 18:13:39.000000,2026-07-01 18:14:23.000000,2026-07-01 18:34:08.000000,25,"Boerum Hill","Brooklyn",67,"Dyker Heights","Brooklyn",6.33,19.75,2.8666666,2.1333334,0.73333335,"observed","valid",true,true,true,false,false,18,2,false,"pm_peak_16_19",2026-07-01 18:00:00.000000,32.3,0,10.1,"dry"
227,"HV0003",2026-07-01 18:45:57.000000,2026-07-01 18:50:06.000000,2026-07-01 18:50:52.000000,2026-07-01 19:21:46.000000,132,"JFK Airport","Queens",61,"Crown Heights North","Brooklyn",7.13,30.9,4.9166665,4.15,0.76666665,"observed","valid",true,true,true,false,false,18,2,false,"pm_peak_16_19",2026-07-01 18:00:00.000000,32.3,0,10.1,"dry"
228,"HV0003",2026-07-01 18:53:46.000000,2026-07-01 18:57:09.000000,2026-07-01 18:58:11.000000,2026-07-01 19:03:43.000000,234,"Union Sq","Manhattan",113,"Greenwich Village North","Manhattan",0.77,5.5333333,4.4166665,3.3833334,1.0333333,"observed","valid",true,true,true,false,false,18,2,false,"pm_peak_16_19",2026-07-01 18:00:00.000000,32.3,0,10.1,"dry"
229,"HV0003",2026-07-01 18:26:47.000000,2026-07-01 18:29:08.000000,2026-07-01 18:29:35.000000,2026-07-01 19:22:00.000000,132,"JFK Airport","Queens",89,"Flatbush/Ditmas Park","Brooklyn",16.6,52.416668,2.8,2.35,0.45,"observed","valid",true,true,true,false,false,18,2,false,"pm_peak_16_19",2026-07-01 18:00:00.000000,32.3,0,10.1,"dry"
230,"HV0003",2026-07-01 18:19:02.000000,2026-07-01 18:29:56.000000,2026-07-01 18:30:07.000000,2026-07-01 18:45:45.000000,140,"Lenox Hill East","Manhattan",226,"Sunnyside","Queens",4.11,15.633333,11.083333,10.9,0.18333334,"observed","valid",true,true,true,false,false,18,2,false,"pm_peak_16_19",2026-07-01 18:00:00.000000,32.3,0,10.1,"dry"
231,"HV0003",2026-07-01 19:40:12.000000,2026-07-01 19:43:32.000000,2026-07-01 19:44:23.000000,2026-07-01 19:47:00.000000,106,"Gowanus","Brooklyn",228,"Sunset Park West","Brooklyn",0.74,2.6166666,4.1833334,3.3333333,0.85,"observed","valid",true,true,true,false,false,19,2,false,"pm_peak_16_19",2026-07-01 19:00:00.000000,30.9,0,8,"dry"
232,"HV0003",2026-07-01 19:39:19.000000,2026-07-01 19:41:20.000000,2026-07-01 19:42:09.000000,2026-07-01 19:51:08.000000,231,"TriBeCa/Civic Center","Manhattan",88,"Financial District South","Manhattan",1.73,8.983334,2.8333333,2.0166667,0.81666666,"observed","valid",true,true,true,false,false,19,2,false,"pm_peak_16_19",2026-07-01 19:00:00.000000,30.9,0,8,"dry"
233,"HV0003",2026-07-01 19:47:35.000000,2026-07-01 19:49:52.000000,2026-07-01 19:51:53.000000,2026-07-01 20:08:10.000000,55,"Coney Island","Brooklyn",11,"Bath Beach","Brooklyn",3.1,16.283333,4.3,2.2833333,2.0166667,"observed","valid",true,true,true,false,false,19,2,false,"pm_peak_16_19",2026-07-01 19:00:00.000000,30.9,0,8,"dry"
234,"HV0003",2026-07-01 19:48:16.000000,2026-07-01 19:53:18.000000,2026-07-01 19:56:28.000000,2026-07-01 20:05:42.000000,189,"Prospect Heights","Brooklyn",49,"Clinton Hill","Brooklyn",1.49,9.233334,8.2,5.0333333,3.1666667,"observed","valid",true,true,true,false,false,19,2,false,"pm_peak_16_19",2026-07-01 19:00:00.000000,30.9,0,8,"dry"
235,"HV0005",2026-07-01 19:40:44.000000,2026-07-01 19:43:44.000000,2026-07-01 19:44:10.000000,2026-07-01 20:02:12.000000,157,"Maspeth","Queens",7,"Astoria","Queens",4.184,18.033333,3.4333334,3,0.43333334,"observed","valid",true,true,true,false,false,19,2,false,"pm_peak_16_19",2026-07-01 19:00:00.000000,30.9,0,8,"dry"
236,"HV0005",2026-07-01 19:04:19.000000,2026-07-01 19:07:59.000000,2026-07-01 19:08:20.000000,2026-07-01 19:30:30.000000,167,"Morrisania/Melrose","Bronx",136,"Kingsbridge Heights","Bronx",3.272,22.166666,4.016667,3.6666667,0.35,"observed","valid",true,true,true,false,false,19,2,false,"pm_peak_16_19",2026-07-01 19:00:00.000000,30.9,0,8,"dry"
237,"HV0005",2026-07-01 19:38:39.000000,2026-07-01 19:43:46.000000,2026-07-01 19:45:12.000000,2026-07-01 20:45:23.000000,177,"Ocean Hill","Brooklyn",55,"Coney Island","Brooklyn",15.35,60.183334,6.55,5.116667,1.4333333,"observed","valid",true,true,true,false,false,19,2,false,"pm_peak_16_19",2026-07-01 19:00:00.000000,30.9,0,8,"dry"
238,"HV0003",2026-07-01 19:31:55.000000,2026-07-01 19:45:02.000000,2026-07-01 19:46:52.000000,2026-07-01 20:31:36.000000,172,"New Dorp/Midland Beach","Staten Island",61,"Crown Heights North","Brooklyn",16.52,44.733334,14.95,13.116667,1.8333334,"observed","valid",true,true,true,false,false,19,2,false,"pm_peak_16_19",2026-07-01 19:00:00.000000,30.9,0,8,"dry"
239,"HV0003",2026-07-01 19:35:25.000000,2026-07-01 19:38:43.000000,2026-07-01 19:39:21.000000,2026-07-01 19:50:11.000000,113,"Greenwich Village North","Manhattan",158,"Meatpacking/West Village West","Manhattan",1.39,10.833333,3.9333334,3.3,0.6333333,"observed","valid",true,true,true,false,false,19,2,false,"pm_peak_16_19",2026-07-01 19:00:00.000000,30.9,0,8,"dry"
240,"HV0003",2026-07-01 19:42:58.000000,2026-07-01 19:43:35.000000,2026-07-01 19:44:01.000000,2026-07-01 19:48:53.000000,78,"East Tremont","Bronx",47,"Claremont/Bathgate","Bronx",0.88,4.866667,1.05,0.6166667,0.43333334,"observed","valid",true,true,true,false,false,19,2,false,"pm_peak_16_19",2026-07-01 19:00:00.000000,30.9,0,8,"dry"
241,"HV0003",2026-07-01 19:08:45.000000,2026-07-01 19:10:19.000000,2026-07-01 19:12:18.000000,2026-07-01 19:28:02.000000,158,"Meatpacking/West Village West","Manhattan",211,"SoHo","Manhattan",2.11,15.733334,3.55,1.5666667,1.9833333,"observed","valid",true,true,true,false,false,19,2,false,"pm_peak_16_19",2026-07-01 19:00:00.000000,30.9,0,8,"dry"
242,"HV0005",2026-07-01 19:38:27.000000,2026-07-01 19:41:33.000000,2026-07-01 19:41:34.000000,2026-07-01 19:54:41.000000,256,"Williamsburg (South Side)","Brooklyn",148,"Lower East Side","Manhattan",2.279,13.116667,3.1166666,3.1,0.016666668,"observed","valid",true,true,true,false,false,19,2,false,"pm_peak_16_19",2026-07-01 19:00:00.000000,30.9,0,8,"dry"
243,"HV0003",2026-07-01 19:18:03.000000,2026-07-01 19:18:44.000000,2026-07-01 19:19:03.000000,2026-07-01 19:42:17.000000,13,"Battery Park City","Manhattan",161,"Midtown Center","Manhattan",7.08,23.233334,1,0.68333334,0.31666666,"observed","valid",true,true,true,false,false,19,2,false,"pm_peak_16_19",2026-07-01 19:00:00.000000,30.9,0,8,"dry"
244,"HV0003",2026-07-01 19:21:33.000000,2026-07-01 19:22:35.000000,2026-07-01 19:22:41.000000,2026-07-01 19:42:37.000000,164,"Midtown South","Manhattan",249,"West Village","Manhattan",2.29,19.933332,1.1333333,1.0333333,0.1,"observed","valid",true,true,true,false,false,19,2,false,"pm_peak_16_19",2026-07-01 19:00:00.000000,30.9,0,8,"dry"
245,"HV0003",2026-07-01 19:45:04.000000,2026-07-01 19:46:29.000000,2026-07-01 19:46:29.000000,2026-07-01 19:53:05.000000,16,"Bayside","Queens",16,"Bayside","Queens",1.45,6.6,1.4166666,1.4166666,0,"same_as_pickup","valid",true,false,true,false,false,19,2,false,"pm_peak_16_19",2026-07-01 19:00:00.000000,30.9,0,8,"dry"
246,"HV0003",2026-07-01 19:07:28.000000,2026-07-01 19:08:20.000000,2026-07-01 19:10:21.000000,2026-07-01 19:26:08.000000,262,"Yorkville East","Manhattan",168,"Mott Haven/Port Morris","Bronx",3.17,15.783334,2.8833334,0.8666667,2.0166667,"observed","valid",true,true,true,false,false,19,2,false,"pm_peak_16_19",2026-07-01 19:00:00.000000,30.9,0,8,"dry"
247,"HV0003",2026-07-01 19:53:09.000000,2026-07-01 19:55:17.000000,2026-07-01 19:56:00.000000,2026-07-01 20:04:54.000000,17,"Bedford","Brooklyn",37,"Bushwick South","Brooklyn",1.42,8.9,2.85,2.1333334,0.71666664,"observed","valid",true,true,true,false,false,19,2,false,"pm_peak_16_19",2026-07-01 19:00:00.000000,30.9,0,8,"dry"
248,"HV0003",2026-07-01 20:16:12.000000,2026-07-01 20:25:40.000000,2026-07-01 20:25:47.000000,2026-07-01 20:34:26.000000,80,"East Williamsburg","Brooklyn",255,"Williamsburg (North Side)","Brooklyn",1.28,8.65,9.583333,9.466666,0.11666667,"observed","valid",true,true,true,false,false,20,2,false,"evening_20_23",2026-07-01 20:00:00.000000,31.8,0,4.8,"dry"
249,"HV0003",2026-07-01 20:54:58.000000,2026-07-01 20:56:36.000000,2026-07-01 20:56:49.000000,2026-07-01 21:34:45.000000,158,"Meatpacking/West Village West","Manhattan",67,"Dyker Heights","Brooklyn",12.09,37.933334,1.85,1.6333333,0.21666667,"observed","valid",true,true,true,false,false,20,2,false,"evening_20_23",2026-07-01 20:00:00.000000,31.8,0,4.8,"dry"
250,"HV0003",2026-07-01 20:50:09.000000,2026-07-01 20:56:14.000000,2026-07-01 20:57:02.000000,2026-07-01 21:05:20.000000,100,"Garment District","Manhattan",230,"Times Sq/Theatre District","Manhattan",0.73,8.3,6.883333,6.0833335,0.8,"observed","valid",true,true,true,false,false,20,2,false,"evening_20_23",2026-07-01 20:00:00.000000,31.8,0,4.8,"dry"
251,"HV0003",2026-07-01 20:42:34.000000,2026-07-01 20:43:40.000000,2026-07-01 20:43:54.000000,2026-07-01 20:57:22.000000,246,"West Chelsea/Hudson Yards","Manhattan",143,"Lincoln Square West","Manhattan",2.27,13.466666,1.3333334,1.1,0.23333333,"observed","valid",true,true,true,false,false,20,2,false,"evening_20_23",2026-07-01 20:00:00.000000,31.8,0,4.8,"dry"
252,"HV0003",2026-07-01 20:56:45.000000,2026-07-01 20:59:03.000000,2026-07-01 20:59:26.000000,2026-07-01 21:20:58.000000,40,"Carroll Gardens","Brooklyn",113,"Greenwich Village North","Manhattan",4.74,21.533333,2.6833334,2.3,0.38333333,"observed","valid",true,true,true,false,false,20,2,false,"evening_20_23",2026-07-01 20:00:00.000000,31.8,0,4.8,"dry"
253,"HV0005",2026-07-01 20:29:44.000000,2026-07-01 20:31:55.000000,2026-07-01 20:32:19.000000,2026-07-01 20:43:35.000000,231,"TriBeCa/Civic Center","Manhattan",87,"Financial District North","Manhattan",1.386,11.266666,2.5833333,2.1833334,0.4,"observed","valid",true,true,true,false,false,20,2,false,"evening_20_23",2026-07-01 20:00:00.000000,31.8,0,4.8,"dry"
254,"HV0005",2026-07-01 20:12:10.000000,2026-07-01 20:16:12.000000,2026-07-01 20:16:20.000000,2026-07-01 20:31:42.000000,48,"Clinton East","Manhattan",265,"Outside of NYC","N/A",3.267,15.366667,4.1666665,4.0333333,0.13333334,"observed","valid",true,true,true,false,false,20,2,false,"evening_20_23",2026-07-01 20:00:00.000000,31.8,0,4.8,"dry"
255,"HV0003",2026-07-01 20:23:49.000000,2026-07-01 20:31:47.000000,2026-07-01 20:32:02.000000,2026-07-01 20:43:04.000000,42,"Central Harlem North","Manhattan",41,"Central Harlem","Manhattan",2.73,11.033334,8.216666,7.9666667,0.25,"observed","valid",true,true,true,false,false,20,2,false,"evening_20_23",2026-07-01 20:00:00.000000,31.8,0,4.8,"dry"
256,"HV0005",2026-07-01 20:08:57.000000,2026-07-01 20:11:09.000000,2026-07-01 20:11:10.000000,2026-07-01 20:25:40.000000,106,"Gowanus","Brooklyn",189,"Prospect Heights","Brooklyn",1.881,14.5,2.2166667,2.2,0.016666668,"observed","valid",true,true,true,false,false,20,2,false,"evening_20_23",2026-07-01 20:00:00.000000,31.8,0,4.8,"dry"
257,"HV0005",2026-07-01 20:35:20.000000,2026-07-01 20:36:52.000000,2026-07-01 20:37:32.000000,2026-07-01 20:52:20.000000,234,"Union Sq","Manhattan",45,"Chinatown","Manhattan",2.865,14.8,2.2,1.5333333,0.6666667,"observed","valid",true,true,true,false,false,20,2,false,"evening_20_23",2026-07-01 20:00:00.000000,31.8,0,4.8,"dry"
258,"HV0005",2026-07-01 20:03:39.000000,2026-07-01 20:06:36.000000,2026-07-01 20:07:07.000000,2026-07-01 20:48:44.000000,22,"Bensonhurst West","Brooklyn",49,"Clinton Hill","Brooklyn",7.007,41.616665,3.4666667,2.95,0.51666665,"observed","valid",true,true,true,false,false,20,2,false,"evening_20_23",2026-07-01 20:00:00.000000,31.8,0,4.8,"dry"
259,"HV0003",2026-07-01 20:37:05.000000,2026-07-01 20:41:30.000000,2026-07-01 20:43:29.000000,2026-07-01 21:02:00.000000,7,"Astoria","Queens",250,"Westchester Village/Unionport","Bronx",7.35,18.516666,6.4,4.4166665,1.9833333,"observed","valid",true,true,true,false,false,20,2,false,"evening_20_23",2026-07-01 20:00:00.000000,31.8,0,4.8,"dry"
260,"HV0003",2026-07-01 20:05:27.000000,2026-07-01 20:13:41.000000,2026-07-01 20:15:42.000000,2026-07-01 20:21:41.000000,61,"Crown Heights North","Brooklyn",61,"Crown Heights North","Brooklyn",0.75,5.983333,10.25,8.233334,2.0166667,"observed","valid",true,true,true,false,false,20,2,false,"evening_20_23",2026-07-01 20:00:00.000000,31.8,0,4.8,"dry"
261,"HV0003",2026-07-01 20:23:25.000000,2026-07-01 20:25:50.000000,2026-07-01 20:26:00.000000,2026-07-01 20:46:37.000000,125,"Hudson Sq","Manhattan",265,"Outside of NYC","N/A",3.98,20.616667,2.5833333,2.4166667,0.16666667,"observed","valid",true,true,true,false,false,20,2,false,"evening_20_23",2026-07-01 20:00:00.000000,31.8,0,4.8,"dry"
262,"HV0005",2026-07-01 20:05:18.000000,2026-07-01 20:14:27.000000,2026-07-01 20:14:52.000000,2026-07-01 20:27:21.000000,5,"Arden Heights","Staten Island",23,"Bloomfield/Emerson Hill","Staten Island",3.243,12.483334,9.566667,9.15,0.41666666,"observed","valid",true,true,true,false,false,20,2,false,"evening_20_23",2026-07-01 20:00:00.000000,31.8,0,4.8,"dry"
263,"HV0005",2026-07-01 20:54:47.000000,2026-07-01 20:56:41.000000,2026-07-01 20:58:05.000000,2026-07-01 21:06:55.000000,246,"West Chelsea/Hudson Yards","Manhattan",143,"Lincoln Square West","Manhattan",1.908,8.833333,3.3,1.9,1.4,"observed","valid",true,true,true,false,false,20,2,false,"evening_20_23",2026-07-01 20:00:00.000000,31.8,0,4.8,"dry"
264,"HV0003",2026-07-01 20:02:20.000000,2026-07-01 20:06:37.000000,2026-07-01 20:08:37.000000,2026-07-01 20:52:18.000000,161,"Midtown Center","Manhattan",265,"Outside of NYC","N/A",11.62,43.683334,6.2833333,4.2833333,2,"observed","valid",true,true,true,false,false,20,2,false,"evening_20_23",2026-07-01 20:00:00.000000,31.8,0,4.8,"dry"
265,"HV0003",2026-07-01 21:38:40.000000,2026-07-01 21:42:14.000000,2026-07-01 21:42:47.000000,2026-07-01 22:19:26.000000,244,"Washington Heights South","Manhattan",189,"Prospect Heights","Brooklyn",16.63,36.65,4.116667,3.5666666,0.55,"observed","valid",true,true,true,false,false,21,2,false,"evening_20_23",2026-07-01 21:00:00.000000,30.5,0.6,5.9,"light_rain"
266,"HV0005",2026-07-01 21:15:49.000000,2026-07-01 21:18:24.000000,2026-07-01 21:20:15.000000,2026-07-01 21:32:31.000000,163,"Midtown North","Manhattan",229,"Sutton Place/Turtle Bay North","Manhattan",1.683,12.266666,4.4333334,2.5833333,1.85,"observed","valid",true,true,true,false,false,21,2,false,"evening_20_23",2026-07-01 21:00:00.000000,30.5,0.6,5.9,"light_rain"
267,"HV0003",2026-07-01 21:12:08.000000,2026-07-01 21:21:02.000000,2026-07-01 21:21:02.000000,2026-07-01 21:28:14.000000,213,"Soundview/Castle Hill","Bronx",208,"Schuylerville/Edgewater Park","Bronx",2.86,7.2,8.9,8.9,0,"same_as_pickup","valid",true,false,true,false,false,21,2,false,"evening_20_23",2026-07-01 21:00:00.000000,30.5,0.6,5.9,"light_rain"
268,"HV0005",2026-07-01 21:34:43.000000,2026-07-01 21:37:10.000000,2026-07-01 21:37:46.000000,2026-07-01 21:42:41.000000,102,"Glendale","Queens",198,"Ridgewood","Queens",0.938,4.9166665,3.05,2.45,0.6,"observed","valid",true,true,true,false,false,21,2,false,"evening_20_23",2026-07-01 21:00:00.000000,30.5,0.6,5.9,"light_rain"
269,"HV0003",2026-07-01 21:21:26.000000,2026-07-01 21:23:24.000000,2026-07-01 21:24:01.000000,2026-07-01 21:32:13.000000,61,"Crown Heights North","Brooklyn",62,"Crown Heights South","Brooklyn",1.69,8.2,2.5833333,1.9666667,0.6166667,"observed","valid",true,true,true,false,false,21,2,false,"evening_20_23",2026-07-01 21:00:00.000000,30.5,0.6,5.9,"light_rain"
270,"HV0003",2026-07-01 20:58:39.000000,2026-07-01 21:00:07.000000,2026-07-01 21:02:07.000000,2026-07-01 21:15:36.000000,48,"Clinton East","Manhattan",230,"Times Sq/Theatre District","Manhattan",1.42,13.483334,3.4666667,1.4666667,2,"observed","valid",true,true,true,false,false,20,2,false,"evening_20_23",2026-07-01 20:00:00.000000,31.8,0,4.8,"dry"
271,"HV0003",2026-07-01 21:30:38.000000,2026-07-01 21:32:36.000000,2026-07-01 21:33:00.000000,2026-07-01 21:43:29.000000,61,"Crown Heights North","Brooklyn",188,"Prospect-Lefferts Gardens","Brooklyn",1.89,10.483334,2.3666666,1.9666667,0.4,"observed","valid",true,true,true,false,false,21,2,false,"evening_20_23",2026-07-01 21:00:00.000000,30.5,0.6,5.9,"light_rain"
272,"HV0003",2026-07-01 21:59:14.000000,2026-07-01 22:03:17.000000,2026-07-01 22:05:18.000000,2026-07-01 22:30:24.000000,200,"Riverdale/North Riverdale/Fieldston","Bronx",20,"Belmont","Bronx",5.55,25.1,6.0666666,4.05,2.0166667,"observed","valid",true,true,true,false,false,21,2,false,"evening_20_23",2026-07-01 21:00:00.000000,30.5,0.6,5.9,"light_rain"
273,"HV0003",2026-07-01 22:10:51.000000,2026-07-01 22:15:20.000000,2026-07-01 22:15:20.000000,2026-07-01 22:18:30.000000,76,"East New York","Brooklyn",76,"East New York","Brooklyn",0.72,3.1666667,4.483333,4.483333,0,"same_as_pickup","valid",true,false,true,false,false,22,2,false,"evening_20_23",2026-07-01 22:00:00.000000,26,2.1,6.4,"light_rain"
274,"HV0003",2026-07-01 22:52:32.000000,2026-07-01 22:56:48.000000,2026-07-01 22:57:44.000000,2026-07-01 23:06:19.000000,170,"Murray Hill","Manhattan",90,"Flatiron","Manhattan",1.43,8.583333,5.2,4.266667,0.93333334,"observed","valid",true,true,true,false,false,22,2,false,"evening_20_23",2026-07-01 22:00:00.000000,26,2.1,6.4,"light_rain"
275,"HV0003",2026-07-01 22:44:13.000000,2026-07-01 22:46:02.000000,2026-07-01 22:47:42.000000,2026-07-01 22:54:53.000000,213,"Soundview/Castle Hill","Bronx",126,"Hunts Point","Bronx",1.84,7.1833334,3.4833333,1.8166667,1.6666666,"observed","valid",true,true,true,false,false,22,2,false,"evening_20_23",2026-07-01 22:00:00.000000,26,2.1,6.4,"light_rain"
276,"HV0003",2026-07-01 22:18:25.000000,2026-07-01 22:30:03.000000,2026-07-01 22:32:03.000000,2026-07-01 22:41:59.000000,210,"Sheepshead Bay","Brooklyn",210,"Sheepshead Bay","Brooklyn",1.85,9.933333,13.633333,11.633333,2,"observed","valid",true,true,true,false,false,22,2,false,"evening_20_23",2026-07-01 22:00:00.000000,26,2.1,6.4,"light_rain"
277,"HV0005",2026-07-01 22:41:01.000000,2026-07-01 22:45:01.000000,2026-07-01 22:45:16.000000,2026-07-01 23:01:53.000000,125,"Hudson Sq","Manhattan",265,"Outside of NYC","N/A",6.489,16.616667,4.25,4,0.25,"observed","valid",true,true,true,false,false,22,2,false,"evening_20_23",2026-07-01 22:00:00.000000,26,2.1,6.4,"light_rain"
278,"HV0005",2026-07-01 22:54:36.000000,2026-07-01 22:57:48.000000,2026-07-01 22:58:01.000000,2026-07-01 23:59:15.000000,148,"Lower East Side","Manhattan",265,"Outside of NYC","N/A",40.837,61.233334,3.4166667,3.2,0.21666667,"observed","valid",true,true,true,false,false,22,2,false,"evening_20_23",2026-07-01 22:00:00.000000,26,2.1,6.4,"light_rain"
279,"HV0003",2026-07-01 22:22:28.000000,2026-07-01 22:25:14.000000,2026-07-01 22:26:00.000000,2026-07-01 22:32:37.000000,179,"Old Astoria","Queens",223,"Steinway","Queens",1.25,6.616667,3.5333333,2.7666667,0.76666665,"observed","valid",true,true,true,false,false,22,2,false,"evening_20_23",2026-07-01 22:00:00.000000,26,2.1,6.4,"light_rain"
280,"HV0003",2026-07-01 22:34:37.000000,2026-07-01 22:36:35.000000,2026-07-01 22:36:55.000000,2026-07-01 22:49:50.000000,61,"Crown Heights North","Brooklyn",89,"Flatbush/Ditmas Park","Brooklyn",2.79,12.916667,2.3,1.9666667,0.33333334,"observed","valid",true,true,true,false,false,22,2,false,"evening_20_23",2026-07-01 22:00:00.000000,26,2.1,6.4,"light_rain"
281,"HV0003",2026-07-01 22:11:31.000000,2026-07-01 22:14:53.000000,2026-07-01 22:15:00.000000,2026-07-01 22:33:21.000000,164,"Midtown South","Manhattan",237,"Upper East Side South","Manhattan",2.45,18.35,3.4833333,3.3666666,0.11666667,"observed","valid",true,true,true,false,false,22,2,false,"evening_20_23",2026-07-01 22:00:00.000000,26,2.1,6.4,"light_rain"
282,"HV0005",2026-07-01 22:12:06.000000,2026-07-01 22:17:42.000000,2026-07-01 22:18:13.000000,2026-07-01 23:18:37.000000,61,"Crown Heights North","Brooklyn",265,"Outside of NYC","N/A",20.221,60.4,6.116667,5.6,0.51666665,"observed","valid",true,true,true,false,false,22,2,false,"evening_20_23",2026-07-01 22:00:00.000000,26,2.1,6.4,"light_rain"
283,"HV0003",2026-07-01 22:28:17.000000,2026-07-01 22:33:18.000000,2026-07-01 22:33:28.000000,2026-07-01 22:46:40.000000,98,"Fresh Meadows","Queens",171,"Murray Hill-Queens","Queens",3.27,13.2,5.1833334,5.016667,0.16666667,"observed","valid",true,true,true,false,false,22,2,false,"evening_20_23",2026-07-01 22:00:00.000000,26,2.1,6.4,"light_rain"
284,"HV0003",2026-07-01 22:35:21.000000,2026-07-01 22:45:05.000000,2026-07-01 22:45:16.000000,2026-07-01 23:14:05.000000,36,"Bushwick North","Brooklyn",10,"Baisley Park","Queens",11.09,28.816668,9.916667,9.733334,0.18333334,"observed","valid",true,true,true,false,false,22,2,false,"evening_20_23",2026-07-01 22:00:00.000000,26,2.1,6.4,"light_rain"
285,"HV0003",2026-07-01 22:33:18.000000,2026-07-01 22:41:48.000000,2026-07-01 22:43:49.000000,2026-07-01 22:54:00.000000,223,"Steinway","Queens",7,"Astoria","Queens",1.63,10.183333,10.516666,8.5,2.0166667,"observed","valid",true,true,true,false,false,22,2,false,"evening_20_23",2026-07-01 22:00:00.000000,26,2.1,6.4,"light_rain"
286,"HV0005",2026-07-01 22:14:16.000000,2026-07-01 22:20:24.000000,2026-07-01 22:20:35.000000,2026-07-01 22:56:29.000000,17,"Bedford","Brooklyn",166,"Morningside Heights","Manhattan",13.254,35.9,6.3166666,6.133333,0.18333334,"observed","valid",true,true,true,false,false,22,2,false,"evening_20_23",2026-07-01 22:00:00.000000,26,2.1,6.4,"light_rain"
287,"HV0005",2026-07-01 22:47:58.000000,2026-07-01 22:48:43.000000,2026-07-01 22:50:33.000000,2026-07-01 23:04:12.000000,68,"East Chelsea","Manhattan",113,"Greenwich Village North","Manhattan",1.903,13.65,2.5833333,0.75,1.8333334,"observed","valid",true,true,true,false,false,22,2,false,"evening_20_23",2026-07-01 22:00:00.000000,26,2.1,6.4,"light_rain"
288,"HV0003",2026-07-01 22:12:36.000000,2026-07-01 22:14:39.000000,2026-07-01 22:14:52.000000,2026-07-01 22:31:49.000000,112,"Greenpoint","Brooklyn",256,"Williamsburg (South Side)","Brooklyn",1.92,16.95,2.2666667,2.05,0.21666667,"observed","valid",true,true,true,false,false,22,2,false,"evening_20_23",2026-07-01 22:00:00.000000,26,2.1,6.4,"light_rain"
289,"HV0003",2026-07-01 21:56:43.000000,2026-07-01 22:03:25.000000,2026-07-01 22:04:18.000000,2026-07-01 22:29:58.000000,76,"East New York","Brooklyn",177,"Ocean Hill","Brooklyn",4.24,25.666666,7.5833335,6.7,0.8833333,"observed","valid",true,true,true,false,false,21,2,false,"evening_20_23",2026-07-01 21:00:00.000000,30.5,0.6,5.9,"light_rain"
290,"HV0003",2026-07-01 22:09:40.000000,2026-07-01 22:13:05.000000,2026-07-01 22:13:34.000000,2026-07-01 22:21:25.000000,112,"Greenpoint","Brooklyn",256,"Williamsburg (South Side)","Brooklyn",1.19,7.85,3.9,3.4166667,0.48333332,"observed","valid",true,true,true,false,false,22,2,false,"evening_20_23",2026-07-01 22:00:00.000000,26,2.1,6.4,"light_rain"
291,"HV0003",2026-07-01 22:55:47.000000,2026-07-01 22:57:38.000000,2026-07-01 22:58:07.000000,2026-07-01 23:02:18.000000,53,"College Point","Queens",252,"Whitestone","Queens",1.03,4.1833334,2.3333333,1.85,0.48333332,"observed","valid",true,true,true,false,false,22,2,false,"evening_20_23",2026-07-01 22:00:00.000000,26,2.1,6.4,"light_rain"
292,"HV0003",2026-07-01 23:23:06.000000,2026-07-01 23:27:34.000000,2026-07-01 23:27:40.000000,2026-07-01 23:34:14.000000,238,"Upper West Side North","Manhattan",263,"Yorkville West","Manhattan",1.22,6.5666666,4.5666666,4.4666667,0.1,"observed","valid",true,true,true,false,false,23,2,false,"evening_20_23",2026-07-01 23:00:00.000000,26.6,0.2,5.1,"light_rain"
293,"HV0003",2026-07-01 23:53:08.000000,2026-07-01 23:55:26.000000,2026-07-01 23:55:52.000000,2026-07-02 00:42:59.000000,48,"Clinton East","Manhattan",76,"East New York","Brooklyn",20.2,47.116665,2.7333333,2.3,0.43333334,"observed","valid",true,true,true,false,false,23,2,false,"evening_20_23",2026-07-01 23:00:00.000000,26.6,0.2,5.1,"light_rain"
294,"HV0003",2026-07-01 23:50:00.000000,2026-07-01 23:52:55.000000,2026-07-01 23:54:56.000000,2026-07-02 00:04:28.000000,116,"Hamilton Heights","Manhattan",41,"Central Harlem","Manhattan",1.71,9.533334,4.9333334,2.9166667,2.0166667,"observed","valid",true,true,true,true,false,23,2,false,"evening_20_23",2026-07-01 23:00:00.000000,26.6,0.2,5.1,"light_rain"
295,"HV0005",2026-07-01 23:07:50.000000,2026-07-01 23:11:28.000000,2026-07-01 23:15:00.000000,2026-07-01 23:30:49.000000,169,"Mount Hope","Bronx",168,"Mott Haven/Port Morris","Bronx",4.732,15.816667,7.1666665,3.6333334,3.5333333,"observed","valid",true,true,true,false,true,23,2,false,"evening_20_23",2026-07-01 23:00:00.000000,26.6,0.2,5.1,"light_rain"
296,"HV0003",2026-07-01 23:27:03.000000,2026-07-01 23:27:10.000000,2026-07-01 23:28:24.000000,2026-07-01 23:42:03.000000,161,"Midtown Center","Manhattan",238,"Upper West Side North","Manhattan",2.97,13.65,1.35,0.11666667,1.2333333,"observed","valid",true,true,true,false,false,23,2,false,"evening_20_23",2026-07-01 23:00:00.000000,26.6,0.2,5.1,"light_rain"
297,"HV0003",2026-07-01 23:01:53.000000,2026-07-01 23:17:35.000000,2026-07-01 23:18:11.000000,2026-07-01 23:40:56.000000,255,"Williamsburg (North Side)","Brooklyn",62,"Crown Heights South","Brooklyn",4.1,22.75,16.3,15.7,0.6,"observed","valid",true,true,true,false,false,23,2,false,"evening_20_23",2026-07-01 23:00:00.000000,26.6,0.2,5.1,"light_rain"
298,"HV0003",2026-07-01 23:56:34.000000,2026-07-01 23:57:16.000000,2026-07-01 23:59:16.000000,2026-07-02 00:13:14.000000,246,"West Chelsea/Hudson Yards","Manhattan",158,"Meatpacking/West Village West","Manhattan",2.2,13.966666,2.7,0.7,2,"observed","valid",true,true,true,false,false,23,2,false,"evening_20_23",2026-07-01 23:00:00.000000,26.6,0.2,5.1,"light_rain"
299,"HV0003",2026-07-01 23:24:30.000000,2026-07-01 23:26:36.000000,2026-07-01 23:28:10.000000,2026-07-01 23:33:33.000000,136,"Kingsbridge Heights","Bronx",127,"Inwood","Manhattan",1.17,5.383333,3.6666667,2.1,1.5666667,"observed","valid",true,true,true,false,false,23,2,false,"evening_20_23",2026-07-01 23:00:00.000000,26.6,0.2,5.1,"light_rain"
300,"HV0005",2026-07-01 23:38:31.000000,2026-07-01 23:40:38.000000,2026-07-01 23:40:49.000000,2026-07-01 23:56:34.000000,234,"Union Sq","Manhattan",237,"Upper East Side South","Manhattan",2.775,15.75,2.3,2.1166666,0.18333334,"observed","valid",true,true,true,false,false,23,2,false,"evening_20_23",2026-07-01 23:00:00.000000,26.6,0.2,5.1,"light_rain"
301,"HV0003",2026-07-01 23:05:50.000000,2026-07-01 23:09:12.000000,2026-07-01 23:09:45.000000,2026-07-01 23:27:53.000000,56,"Corona","Queens",197,"Richmond Hill","Queens",5.16,18.133333,3.9166667,3.3666666,0.55,"observed","valid",true,true,true,false,false,23,2,false,"evening_20_23",2026-07-01 23:00:00.000000,26.6,0.2,5.1,"light_rain"
302,"HV0005",2026-07-01 23:51:33.000000,2026-07-01 23:55:03.000000,2026-07-01 23:55:21.000000,2026-07-02 00:10:32.000000,209,"Seaport","Manhattan",79,"East Village","Manhattan",3.558,15.183333,3.8,3.5,0.3,"observed","valid",true,true,true,false,false,23,2,false,"evening_20_23",2026-07-01 23:00:00.000000,26.6,0.2,5.1,"light_rain"
303,"HV0005",2026-07-01 23:28:21.000000,2026-07-01 23:31:51.000000,2026-07-01 23:32:25.000000,2026-07-01 23:51:16.000000,61,"Crown Heights North","Brooklyn",89,"Flatbush/Ditmas Park","Brooklyn",3.493,18.85,4.0666666,3.5,0.56666666,"observed","valid",true,true,true,false,false,23,2,false,"evening_20_23",2026-07-01 23:00:00.000000,26.6,0.2,5.1,"light_rain"
304,"HV0003",2026-07-01 23:29:07.000000,2026-07-01 23:31:13.000000,2026-07-01 23:32:20.000000,2026-07-01 23:38:42.000000,92,"Flushing","Queens",92,"Flushing","Queens",1.02,6.366667,3.2166667,2.1,1.1166667,"observed","valid",true,true,true,false,false,23,2,false,"evening_20_23",2026-07-01 23:00:00.000000,26.6,0.2,5.1,"light_rain"
305,"HV0003",2026-07-01 23:35:23.000000,2026-07-01 23:36:31.000000,2026-07-01 23:38:06.000000,2026-07-02 00:28:48.000000,132,"JFK Airport","Queens",25,"Boerum Hill","Brooklyn",13.37,50.7,2.7166667,1.1333333,1.5833334,"observed","valid",true,true,true,false,false,23,2,false,"evening_20_23",2026-07-01 23:00:00.000000,26.6,0.2,5.1,"light_rain"
306,"HV0003",2026-07-02 00:01:18.000000,2026-07-02 00:04:44.000000,2026-07-02 00:05:00.000000,2026-07-02 00:17:31.000000,249,"West Village","Manhattan",224,"Stuy Town/Peter Cooper Village","Manhattan",1.94,12.516666,3.7,3.4333334,0.26666668,"observed","valid",true,true,true,false,false,0,3,false,"overnight_00_05",2026-07-02 00:00:00.000000,27.1,0,3.6,"dry"
307,"HV0003",2026-07-02 00:26:10.000000,2026-07-02 00:30:48.000000,2026-07-02 00:30:55.000000,2026-07-02 00:47:31.000000,162,"Midtown East","Manhattan",7,"Astoria","Queens",4.39,16.6,4.75,4.633333,0.11666667,"observed","valid",true,true,true,false,false,0,3,false,"overnight_00_05",2026-07-02 00:00:00.000000,27.1,0,3.6,"dry"
308,"HV0003",2026-07-02 00:48:23.000000,2026-07-02 00:50:59.000000,2026-07-02 00:50:59.000000,2026-07-02 00:59:10.000000,132,"JFK Airport","Queens",10,"Baisley Park","Queens",2.84,8.183333,2.6,2.6,0,"same_as_pickup","valid",true,false,true,false,false,0,3,false,"overnight_00_05",2026-07-02 00:00:00.000000,27.1,0,3.6,"dry"
309,"HV0003",2026-07-02 00:01:32.000000,2026-07-02 00:05:38.000000,2026-07-02 00:06:29.000000,2026-07-02 00:17:55.000000,51,"Co-Op City","Bronx",250,"Westchester Village/Unionport","Bronx",4.94,11.433333,4.95,4.1,0.85,"observed","valid",true,true,true,false,false,0,3,false,"overnight_00_05",2026-07-02 00:00:00.000000,27.1,0,3.6,"dry"
310,"HV0003",2026-07-02 00:15:58.000000,2026-07-02 00:21:35.000000,2026-07-02 00:21:59.000000,2026-07-02 00:38:04.000000,192,"Queensboro Hill","Queens",260,"Woodside","Queens",7.37,16.083334,6.016667,5.616667,0.4,"observed","valid",true,true,true,false,false,0,3,false,"overnight_00_05",2026-07-02 00:00:00.000000,27.1,0,3.6,"dry"
311,"HV0003",2026-07-02 00:00:40.000000,2026-07-02 00:03:51.000000,2026-07-02 00:04:36.000000,2026-07-02 00:08:48.000000,230,"Times Sq/Theatre District","Manhattan",142,"Lincoln Square East","Manhattan",0.94,4.2,3.9333334,3.1833334,0.75,"observed","valid",true,true,true,false,false,0,3,false,"overnight_00_05",2026-07-02 00:00:00.000000,27.1,0,3.6,"dry"
312,"HV0003",2026-07-02 00:07:05.000000,2026-07-02 00:07:19.000000,2026-07-02 00:09:20.000000,2026-07-02 00:17:00.000000,13,"Battery Park City","Manhattan",87,"Financial District North","Manhattan",1.54,7.6666665,2.25,0.23333333,2.0166667,"observed","valid",true,true,true,false,false,0,3,false,"overnight_00_05",2026-07-02 00:00:00.000000,27.1,0,3.6,"dry"
313,"HV0003",2026-07-02 00:40:00.000000,2026-07-02 00:24:17.000000,2026-07-02 00:42:55.000000,2026-07-02 00:59:02.000000,169,"Mount Hope","Bronx",174,"Norwood","Bronx",3.18,16.116667,2.9166667,-15.716666,18.633333,"before_request","valid",true,false,true,true,false,0,3,false,"overnight_00_05",2026-07-02 00:00:00.000000,27.1,0,3.6,"dry"
314,"HV0003",2026-07-02 00:02:15.000000,2026-07-02 00:04:23.000000,2026-07-02 00:04:47.000000,2026-07-02 00:29:29.000000,234,"Union Sq","Manhattan",209,"Seaport","Manhattan",2.95,24.7,2.5333333,2.1333334,0.4,"observed","valid",true,true,true,false,false,0,3,false,"overnight_00_05",2026-07-02 00:00:00.000000,27.1,0,3.6,"dry"
315,"HV0003",2026-07-02 00:44:51.000000,2026-07-02 00:46:00.000000,2026-07-02 00:47:22.000000,2026-07-02 01:03:41.000000,230,"Times Sq/Theatre District","Manhattan",158,"Meatpacking/West Village West","Manhattan",2.28,16.316668,2.5166667,1.15,1.3666667,"observed","valid",true,true,true,false,false,0,3,false,"overnight_00_05",2026-07-02 00:00:00.000000,27.1,0,3.6,"dry"
316,"HV0003",2026-07-02 01:44:50.000000,2026-07-02 01:46:44.000000,2026-07-02 01:48:44.000000,2026-07-02 01:59:32.000000,137,"Kips Bay","Manhattan",68,"East Chelsea","Manhattan",1.77,10.8,3.9,1.9,2,"observed","valid",true,true,true,false,false,1,3,false,"overnight_00_05",2026-07-02 01:00:00.000000,27.6,0,4,"dry"
317,"HV0005",2026-07-02 01:45:18.000000,2026-07-02 01:49:31.000000,2026-07-02 01:49:32.000000,2026-07-02 02:00:54.000000,10,"Baisley Park","Queens",132,"JFK Airport","Queens",2.339,11.366667,4.233333,4.2166667,0.016666668,"observed","valid",true,true,true,false,false,1,3,false,"overnight_00_05",2026-07-02 01:00:00.000000,27.6,0,4,"dry"
318,"HV0003",2026-07-02 01:48:13.000000,2026-07-02 01:52:07.000000,2026-07-02 01:52:25.000000,2026-07-02 02:14:44.000000,102,"Glendale","Queens",148,"Lower East Side","Manhattan",8.1,22.316668,4.2,3.9,0.3,"observed","valid",true,true,true,false,false,1,3,false,"overnight_00_05",2026-07-02 01:00:00.000000,27.6,0,4,"dry"
319,"HV0003",2026-07-02 01:56:40.000000,2026-07-02 02:00:48.000000,2026-07-02 02:01:41.000000,2026-07-02 02:15:58.000000,247,"West Concourse","Bronx",167,"Morrisania/Melrose","Bronx",2.45,14.283334,5.016667,4.133333,0.8833333,"observed","valid",true,true,true,false,false,1,3,false,"overnight_00_05",2026-07-02 01:00:00.000000,27.6,0,4,"dry"
320,"HV0003",2026-07-02 02:37:14.000000,2026-07-02 02:40:20.000000,2026-07-02 02:41:38.000000,2026-07-02 02:46:05.000000,32,"Bronxdale","Bronx",254,"Williamsbridge/Olinville","Bronx",0.92,4.45,4.4,3.1,1.3,"observed","valid",true,true,true,false,false,2,3,false,"overnight_00_05",2026-07-02 02:00:00.000000,28.3,0,9.7,"dry"
321,"HV0003",2026-07-02 02:41:39.000000,2026-07-02 02:46:41.000000,2026-07-02 02:47:17.000000,2026-07-02 02:53:52.000000,130,"Jamaica","Queens",28,"Briarwood/Jamaica Hills","Queens",1.38,6.5833335,5.633333,5.0333333,0.6,"observed","valid",true,true,true,false,false,2,3,false,"overnight_00_05",2026-07-02 02:00:00.000000,28.3,0,9.7,"dry"
322,"HV0005",2026-07-02 03:40:20.000000,2026-07-02 03:49:03.000000,2026-07-02 03:49:33.000000,2026-07-02 03:55:58.000000,197,"Richmond Hill","Queens",197,"Richmond Hill","Queens",1.437,6.4166665,9.216666,8.716666,0.5,"observed","valid",true,true,true,false,false,3,3,false,"overnight_00_05",2026-07-02 03:00:00.000000,28.4,0,10.7,"dry"
323,"HV0003",2026-07-02 03:27:08.000000,2026-07-02 03:30:41.000000,2026-07-02 03:31:06.000000,2026-07-02 03:49:41.000000,69,"East Concourse/Concourse Village","Bronx",174,"Norwood","Bronx",3.65,18.583334,3.9666667,3.55,0.41666666,"observed","valid",true,true,true,false,false,3,3,false,"overnight_00_05",2026-07-02 03:00:00.000000,28.4,0,10.7,"dry"
324,"HV0005",2026-07-02 03:24:00.000000,2026-07-02 03:25:04.000000,2026-07-02 03:26:01.000000,2026-07-02 03:47:10.000000,114,"Greenwich Village South","Manhattan",14,"Bay Ridge","Brooklyn",9.834,21.15,2.0166667,1.0666667,0.95,"observed","valid",true,true,true,true,false,3,3,false,"overnight_00_05",2026-07-02 03:00:00.000000,28.4,0,10.7,"dry"
325,"HV0005",2026-07-02 03:26:11.000000,2026-07-02 03:31:14.000000,2026-07-02 03:31:45.000000,2026-07-02 03:56:50.000000,55,"Coney Island","Brooklyn",132,"JFK Airport","Queens",16.22,25.083334,5.5666666,5.05,0.51666665,"observed","valid",true,true,true,false,false,3,3,false,"overnight_00_05",2026-07-02 03:00:00.000000,28.4,0,10.7,"dry"
326,"HV0003",2026-07-02 04:30:00.000000,2026-07-02 04:28:50.000000,2026-07-02 04:33:10.000000,2026-07-02 04:58:29.000000,252,"Whitestone","Queens",132,"JFK Airport","Queens",13.49,25.316668,3.1666667,-1.1666666,4.3333335,"before_request","valid",true,false,true,true,false,4,3,false,"overnight_00_05",2026-07-02 04:00:00.000000,27.9,0,10.1,"dry"
327,"HV0003",2026-07-02 04:40:00.000000,2026-07-02 04:27:22.000000,2026-07-02 04:40:27.000000,2026-07-02 04:46:51.000000,23,"Bloomfield/Emerson Hill","Staten Island",6,"Arrochar/Fort Wadsworth","Staten Island",3.47,6.4,0.45,-12.633333,13.083333,"before_request","valid",true,false,true,true,false,4,3,false,"overnight_00_05",2026-07-02 04:00:00.000000,27.9,0,10.1,"dry"
328,"HV0003",2026-07-02 04:55:00.000000,2026-07-02 04:47:39.000000,2026-07-02 04:49:33.000000,2026-07-02 05:22:45.000000,163,"Midtown North","Manhattan",1,"Newark Airport","EWR",16.98,33.2,-5.45,-7.35,1.9,"before_request","pickup_before_request",false,false,false,true,false,4,3,false,"overnight_00_05",2026-07-02 04:00:00.000000,27.9,0,10.1,"dry"
329,"HV0003",2026-07-02 05:55:00.000000,2026-07-02 05:46:57.000000,2026-07-02 05:49:41.000000,2026-07-02 06:17:43.000000,62,"Crown Heights South","Brooklyn",186,"Penn Station/Madison Sq West","Manhattan",7.43,28.033333,-5.3166666,-8.05,2.7333333,"before_request","pickup_before_request",false,false,false,true,false,5,3,false,"overnight_00_05",2026-07-02 05:00:00.000000,27.1,0,6.3,"dry"
330,"HV0005",2026-07-02 05:12:16.000000,2026-07-02 05:15:21.000000,2026-07-02 05:16:49.000000,2026-07-02 05:20:59.000000,92,"Flushing","Queens",92,"Flushing","Queens",0.846,4.1666665,4.55,3.0833333,1.4666667,"observed","valid",true,true,true,false,false,5,3,false,"overnight_00_05",2026-07-02 05:00:00.000000,27.1,0,6.3,"dry"
331,"HV0005",2026-07-02 05:52:30.000000,2026-07-02 05:55:34.000000,2026-07-02 05:57:48.000000,2026-07-02 06:22:02.000000,231,"TriBeCa/Civic Center","Manhattan",138,"LaGuardia Airport","Queens",12.078,24.233334,5.3,3.0666666,2.2333333,"observed","valid",true,true,true,false,false,5,3,false,"overnight_00_05",2026-07-02 05:00:00.000000,27.1,0,6.3,"dry"
332,"HV0003",2026-07-02 04:55:28.000000,2026-07-02 04:59:37.000000,2026-07-02 05:00:25.000000,2026-07-02 05:28:42.000000,102,"Glendale","Queens",132,"JFK Airport","Queens",9.14,28.283333,4.95,4.15,0.8,"observed","valid",true,true,true,false,false,4,3,false,"overnight_00_05",2026-07-02 04:00:00.000000,27.9,0,10.1,"dry"
333,"HV0003",2026-07-02 06:00:00.000000,2026-07-02 05:54:20.000000,2026-07-02 05:59:33.000000,2026-07-02 06:54:39.000000,243,"Washington Heights North","Manhattan",132,"JFK Airport","Queens",26.35,55.1,-0.45,-5.6666665,5.2166667,"before_request","pickup_before_request",false,false,false,true,false,6,3,false,"am_peak_06_09",2026-07-02 06:00:00.000000,26.7,0,5.9,"dry"
334,"HV0003",2026-07-02 05:33:25.000000,2026-07-02 05:43:46.000000,2026-07-02 05:45:47.000000,2026-07-02 06:02:45.000000,47,"Claremont/Bathgate","Bronx",75,"East Harlem South","Manhattan",5.08,16.966667,12.366667,10.35,2.0166667,"observed","valid",true,true,true,false,false,5,3,false,"overnight_00_05",2026-07-02 05:00:00.000000,27.1,0,6.3,"dry"
335,"HV0003",2026-07-02 05:17:46.000000,2026-07-02 05:22:42.000000,2026-07-02 05:23:59.000000,2026-07-02 05:45:12.000000,203,"Rosedale","Queens",132,"JFK Airport","Queens",5.31,21.216667,6.2166667,4.9333334,1.2833333,"observed","valid",true,true,true,false,false,5,3,false,"overnight_00_05",2026-07-02 05:00:00.000000,27.1,0,6.3,"dry"
336,"HV0005",2026-07-02 05:37:40.000000,2026-07-02 05:47:14.000000,2026-07-02 05:50:18.000000,2026-07-02 06:06:33.000000,102,"Glendale","Queens",252,"Whitestone","Queens",8.671,16.25,12.633333,9.566667,3.0666666,"observed","valid",true,true,true,false,true,5,3,false,"overnight_00_05",2026-07-02 05:00:00.000000,27.1,0,6.3,"dry"
337,"HV0003",2026-07-02 05:47:14.000000,2026-07-02 05:50:15.000000,2026-07-02 05:50:24.000000,2026-07-02 06:23:19.000000,55,"Coney Island","Brooklyn",217,"South Williamsburg","Brooklyn",15.09,32.916668,3.1666667,3.0166667,0.15,"observed","valid",true,true,true,false,false,5,3,false,"overnight_00_05",2026-07-02 05:00:00.000000,27.1,0,6.3,"dry"
338,"HV0003",2026-07-02 05:42:54.000000,2026-07-02 05:46:47.000000,2026-07-02 05:47:11.000000,2026-07-02 05:53:45.000000,119,"Highbridge","Bronx",69,"East Concourse/Concourse Village","Bronx",1.08,6.5666666,4.2833333,3.8833334,0.4,"observed","valid",true,true,true,false,false,5,3,false,"overnight_00_05",2026-07-02 05:00:00.000000,27.1,0,6.3,"dry"
339,"HV0005",2026-07-02 05:01:39.000000,2026-07-02 05:06:58.000000,2026-07-02 05:07:21.000000,2026-07-02 05:41:22.000000,129,"Jackson Heights","Queens",222,"Starrett City","Brooklyn",11.93,34.016666,5.7,5.3166666,0.38333333,"observed","valid",true,true,true,false,false,5,3,false,"overnight_00_05",2026-07-02 05:00:00.000000,27.1,0,6.3,"dry"
340,"HV0003",2026-07-02 05:32:04.000000,2026-07-02 05:35:02.000000,2026-07-02 05:37:02.000000,2026-07-02 05:57:06.000000,33,"Brooklyn Heights","Brooklyn",138,"LaGuardia Airport","Queens",11.46,20.066668,4.9666667,2.9666667,2,"observed","valid",true,true,true,false,false,5,3,false,"overnight_00_05",2026-07-02 05:00:00.000000,27.1,0,6.3,"dry"
341,"HV0005",2026-07-02 06:31:56.000000,2026-07-02 06:34:13.000000,2026-07-02 06:37:30.000000,2026-07-02 07:04:20.000000,79,"East Village","Manhattan",1,"Newark Airport","EWR",14.043,26.833334,5.5666666,2.2833333,3.2833333,"observed","valid",true,true,true,false,true,6,3,false,"am_peak_06_09",2026-07-02 06:00:00.000000,26.7,0,5.9,"dry"
342,"HV0003",2026-07-02 06:30:00.000000,2026-07-02 06:11:15.000000,2026-07-02 06:30:58.000000,2026-07-02 07:14:08.000000,175,"Oakland Gardens","Queens",68,"East Chelsea","Manhattan",14.57,43.166668,0.96666664,-18.75,19.716667,"before_request","valid",true,false,true,true,false,6,3,false,"am_peak_06_09",2026-07-02 06:00:00.000000,26.7,0,5.9,"dry"
343,"HV0005",2026-07-02 06:36:10.000000,2026-07-02 06:44:57.000000,2026-07-02 06:45:21.000000,2026-07-02 06:47:00.000000,205,"Saint Albans","Queens",205,"Saint Albans","Queens",0.28,1.65,9.183333,8.783334,0.4,"observed","valid",true,true,true,false,false,6,3,false,"am_peak_06_09",2026-07-02 06:00:00.000000,26.7,0,5.9,"dry"
344,"HV0003",2026-07-02 06:45:21.000000,2026-07-02 06:47:24.000000,2026-07-02 06:49:18.000000,2026-07-02 07:06:31.000000,143,"Lincoln Square West","Manhattan",265,"Outside of NYC","N/A",9.96,17.216667,3.95,2.05,1.9,"observed","valid",true,true,true,false,false,6,3,false,"am_peak_06_09",2026-07-02 06:00:00.000000,26.7,0,5.9,"dry"
345,"HV0003",2026-07-02 06:19:34.000000,2026-07-02 06:20:40.000000,2026-07-02 06:21:09.000000,2026-07-02 06:33:05.000000,76,"East New York","Brooklyn",177,"Ocean Hill","Brooklyn",2.56,11.933333,1.5833334,1.1,0.48333332,"observed","valid",true,true,true,false,false,6,3,false,"am_peak_06_09",2026-07-02 06:00:00.000000,26.7,0,5.9,"dry"
346,"HV0003",2026-07-02 06:35:26.000000,2026-07-02 06:39:40.000000,2026-07-02 06:41:24.000000,2026-07-02 06:47:05.000000,215,"South Jamaica","Queens",130,"Jamaica","Queens",1.11,5.6833334,5.9666667,4.233333,1.7333333,"observed","valid",true,true,true,false,false,6,3,false,"am_peak_06_09",2026-07-02 06:00:00.000000,26.7,0,5.9,"dry"
347,"HV0003",2026-07-02 06:54:42.000000,2026-07-02 06:56:19.000000,2026-07-02 06:58:20.000000,2026-07-02 07:20:56.000000,33,"Brooklyn Heights","Brooklyn",246,"West Chelsea/Hudson Yards","Manhattan",5.43,22.6,3.6333334,1.6166667,2.0166667,"observed","valid",true,true,true,false,false,6,3,false,"am_peak_06_09",2026-07-02 06:00:00.000000,26.7,0,5.9,"dry"
348,"HV0003",2026-07-02 06:40:59.000000,2026-07-02 06:44:06.000000,2026-07-02 06:44:37.000000,2026-07-02 06:48:41.000000,164,"Midtown South","Manhattan",107,"Gramercy","Manhattan",0.92,4.0666666,3.6333334,3.1166666,0.51666665,"observed","valid",true,true,true,false,false,6,3,false,"am_peak_06_09",2026-07-02 06:00:00.000000,26.7,0,5.9,"dry"
349,"HV0003",2026-07-02 06:26:01.000000,2026-07-02 06:27:11.000000,2026-07-02 06:28:49.000000,2026-07-02 06:37:03.000000,78,"East Tremont","Bronx",78,"East Tremont","Bronx",1.2,8.233334,2.8,1.1666666,1.6333333,"observed","valid",true,true,true,false,false,6,3,false,"am_peak_06_09",2026-07-02 06:00:00.000000,26.7,0,5.9,"dry"
350,"HV0005",2026-07-02 07:51:44.000000,2026-07-02 07:52:45.000000,2026-07-02 07:53:59.000000,2026-07-02 07:58:27.000000,76,"East New York","Brooklyn",76,"East New York","Brooklyn",0.88,4.4666667,2.25,1.0166667,1.2333333,"observed","valid",true,true,true,false,false,7,3,false,"am_peak_06_09",2026-07-02 07:00:00.000000,27.7,0,6.4,"dry"
351,"HV0003",2026-07-02 07:21:31.000000,2026-07-02 07:24:47.000000,2026-07-02 07:25:57.000000,2026-07-02 07:36:14.000000,90,"Flatiron","Manhattan",161,"Midtown Center","Manhattan",1.99,10.283334,4.4333334,3.2666667,1.1666666,"observed","valid",true,true,true,false,false,7,3,false,"am_peak_06_09",2026-07-02 07:00:00.000000,27.7,0,6.4,"dry"
352,"HV0003",2026-07-02 07:52:23.000000,2026-07-02 07:53:16.000000,2026-07-02 07:55:15.000000,2026-07-02 07:59:24.000000,75,"East Harlem South","Manhattan",74,"East Harlem North","Manhattan",0.65,4.15,2.8666666,0.8833333,1.9833333,"observed","valid",true,true,true,false,false,7,3,false,"am_peak_06_09",2026-07-02 07:00:00.000000,27.7,0,6.4,"dry"
353,"HV0003",2026-07-02 07:09:25.000000,2026-07-02 07:12:34.000000,2026-07-02 07:12:40.000000,2026-07-02 07:22:24.000000,164,"Midtown South","Manhattan",230,"Times Sq/Theatre District","Manhattan",1.79,9.733334,3.25,3.15,0.1,"observed","valid",true,true,true,false,false,7,3,false,"am_peak_06_09",2026-07-02 07:00:00.000000,27.7,0,6.4,"dry"
354,"HV0005",2026-07-02 06:58:51.000000,2026-07-02 07:01:39.000000,2026-07-02 07:04:33.000000,2026-07-02 07:19:21.000000,47,"Claremont/Bathgate","Bronx",74,"East Harlem North","Manhattan",2.686,14.8,5.7,2.8,2.9,"observed","valid",true,true,true,false,false,6,3,false,"am_peak_06_09",2026-07-02 06:00:00.000000,26.7,0,5.9,"dry"
355,"HV0005",2026-07-02 07:50:47.000000,2026-07-02 07:58:02.000000,2026-07-02 07:59:14.000000,2026-07-02 08:07:27.000000,221,"Stapleton","Staten Island",6,"Arrochar/Fort Wadsworth","Staten Island",1.68,8.216666,8.45,7.25,1.2,"observed","valid",true,true,true,false,false,7,3,false,"am_peak_06_09",2026-07-02 07:00:00.000000,27.7,0,6.4,"dry"
356,"HV0003",2026-07-02 07:49:35.000000,2026-07-02 07:54:18.000000,2026-07-02 07:54:29.000000,2026-07-02 08:00:48.000000,76,"East New York","Brooklyn",222,"Starrett City","Brooklyn",1.18,6.3166666,4.9,4.7166667,0.18333334,"observed","valid",true,true,true,false,false,7,3,false,"am_peak_06_09",2026-07-02 07:00:00.000000,27.7,0,6.4,"dry"
357,"HV0003",2026-07-02 07:38:17.000000,2026-07-02 07:39:44.000000,2026-07-02 07:40:30.000000,2026-07-02 07:51:41.000000,131,"Jamaica Estates","Queens",215,"South Jamaica","Queens",2.65,11.183333,2.2166667,1.45,0.76666665,"observed","valid",true,true,true,false,false,7,3,false,"am_peak_06_09",2026-07-02 07:00:00.000000,27.7,0,6.4,"dry"
358,"HV0003",2026-07-02 07:36:25.000000,2026-07-02 07:41:57.000000,2026-07-02 07:42:44.000000,2026-07-02 07:48:37.000000,23,"Bloomfield/Emerson Hill","Staten Island",118,"Heartland Village/Todt Hill","Staten Island",1.21,5.883333,6.3166666,5.5333333,0.78333336,"observed","valid",true,true,true,false,false,7,3,false,"am_peak_06_09",2026-07-02 07:00:00.000000,27.7,0,6.4,"dry"
359,"HV0003",2026-07-02 07:17:53.000000,2026-07-02 07:23:21.000000,2026-07-02 07:24:21.000000,2026-07-02 07:40:49.000000,130,"Jamaica","Queens",131,"Jamaica Estates","Queens",2.52,16.466667,6.4666667,5.4666667,1,"observed","valid",true,true,true,false,false,7,3,false,"am_peak_06_09",2026-07-02 07:00:00.000000,27.7,0,6.4,"dry"
360,"HV0003",2026-07-02 07:17:20.000000,2026-07-02 07:19:56.000000,2026-07-02 07:19:56.000000,2026-07-02 07:26:51.000000,6,"Arrochar/Fort Wadsworth","Staten Island",221,"Stapleton","Staten Island",1.64,6.9166665,2.6,2.6,0,"same_as_pickup","valid",true,false,true,false,false,7,3,false,"am_peak_06_09",2026-07-02 07:00:00.000000,27.7,0,6.4,"dry"
361,"HV0005",2026-07-02 07:32:29.000000,2026-07-02 07:35:01.000000,2026-07-02 07:35:30.000000,2026-07-02 07:50:59.000000,85,"Erasmus","Brooklyn",149,"Madison","Brooklyn",2.879,15.483334,3.0166667,2.5333333,0.48333332,"observed","valid",true,true,true,false,false,7,3,false,"am_peak_06_09",2026-07-02 07:00:00.000000,27.7,0,6.4,"dry"
362,"HV0003",2026-07-02 07:03:41.000000,2026-07-02 07:07:07.000000,2026-07-02 07:07:23.000000,2026-07-02 07:16:43.000000,91,"Flatlands","Brooklyn",89,"Flatbush/Ditmas Park","Brooklyn",1.71,9.333333,3.7,3.4333334,0.26666668,"observed","valid",true,true,true,false,false,7,3,false,"am_peak_06_09",2026-07-02 07:00:00.000000,27.7,0,6.4,"dry"
363,"HV0003",2026-07-02 07:07:36.000000,2026-07-02 07:12:04.000000,2026-07-02 07:12:09.000000,2026-07-02 07:24:42.000000,112,"Greenpoint","Brooklyn",80,"East Williamsburg","Brooklyn",2.18,12.55,4.55,4.4666667,0.083333336,"observed","valid",true,true,true,false,false,7,3,false,"am_peak_06_09",2026-07-02 07:00:00.000000,27.7,0,6.4,"dry"
364,"HV0003",2026-07-02 06:56:03.000000,2026-07-02 07:00:45.000000,2026-07-02 07:00:45.000000,2026-07-02 07:19:02.000000,112,"Greenpoint","Brooklyn",49,"Clinton Hill","Brooklyn",3.75,18.283333,4.7,4.7,0,"same_as_pickup","valid",true,false,true,false,false,6,3,false,"am_peak_06_09",2026-07-02 06:00:00.000000,26.7,0,5.9,"dry"
365,"HV0003",2026-07-02 07:53:48.000000,2026-07-02 07:57:48.000000,2026-07-02 07:59:48.000000,2026-07-02 08:25:11.000000,23,"Bloomfield/Emerson Hill","Staten Island",172,"New Dorp/Midland Beach","Staten Island",5.67,25.383333,6,4,2,"observed","valid",true,true,true,false,false,7,3,false,"am_peak_06_09",2026-07-02 07:00:00.000000,27.7,0,6.4,"dry"
366,"HV0003",2026-07-02 07:38:10.000000,2026-07-02 07:40:06.000000,2026-07-02 07:40:06.000000,2026-07-02 08:02:28.000000,210,"Sheepshead Bay","Brooklyn",181,"Park Slope","Brooklyn",7.53,22.366667,1.9333333,1.9333333,0,"same_as_pickup","valid",true,false,true,false,false,7,3,false,"am_peak_06_09",2026-07-02 07:00:00.000000,27.7,0,6.4,"dry"
367,"HV0003",2026-07-02 08:09:19.000000,2026-07-02 08:13:23.000000,2026-07-02 08:13:23.000000,2026-07-02 08:24:09.000000,218,"Springfield Gardens North","Queens",265,"Outside of NYC","N/A",2.97,10.766666,4.0666666,4.0666666,0,"same_as_pickup","valid",true,false,true,false,false,8,3,false,"am_peak_06_09",2026-07-02 08:00:00.000000,30.2,0,4.3,"dry"
368,"HV0003",2026-07-02 08:13:27.000000,2026-07-02 08:15:48.000000,2026-07-02 08:16:33.000000,2026-07-02 08:28:48.000000,129,"Jackson Heights","Queens",138,"LaGuardia Airport","Queens",3.21,12.25,3.1,2.35,0.75,"observed","valid",true,true,true,false,false,8,3,false,"am_peak_06_09",2026-07-02 08:00:00.000000,30.2,0,4.3,"dry"
369,"HV0005",2026-07-02 08:52:51.000000,2026-07-02 08:54:44.000000,2026-07-02 08:59:28.000000,2026-07-02 09:16:28.000000,48,"Clinton East","Manhattan",233,"UN/Turtle Bay South","Manhattan",1.607,17,6.616667,1.8833333,4.733333,"observed","valid",true,true,true,false,true,8,3,false,"am_peak_06_09",2026-07-02 08:00:00.000000,30.2,0,4.3,"dry"
370,"HV0003",2026-07-02 08:35:00.000000,2026-07-02 08:15:27.000000,2026-07-02 08:16:04.000000,2026-07-02 08:36:09.000000,136,"Kingsbridge Heights","Bronx",116,"Hamilton Heights","Manhattan",4.36,20.083334,-18.933332,-19.55,0.6166667,"before_request","pickup_before_request",false,false,false,true,false,8,3,false,"am_peak_06_09",2026-07-02 08:00:00.000000,30.2,0,4.3,"dry"
371,"HV0003",2026-07-02 08:41:37.000000,2026-07-02 08:43:50.000000,2026-07-02 08:44:21.000000,2026-07-02 09:50:34.000000,234,"Union Sq","Manhattan",132,"JFK Airport","Queens",17.54,66.21667,2.7333333,2.2166667,0.51666665,"observed","valid",true,true,true,false,false,8,3,false,"am_peak_06_09",2026-07-02 08:00:00.000000,30.2,0,4.3,"dry"
372,"HV0005",2026-07-02 08:48:20.000000,2026-07-02 08:49:42.000000,2026-07-02 08:50:05.000000,2026-07-02 08:52:10.000000,139,"Laurelton","Queens",139,"Laurelton","Queens",0.495,2.0833333,1.75,1.3666667,0.38333333,"observed","valid",true,true,true,false,false,8,3,false,"am_peak_06_09",2026-07-02 08:00:00.000000,30.2,0,4.3,"dry"
373,"HV0003",2026-07-02 08:49:47.000000,2026-07-02 08:57:10.000000,2026-07-02 08:59:10.000000,2026-07-02 09:12:20.000000,35,"Brownsville","Brooklyn",177,"Ocean Hill","Brooklyn",2.08,13.166667,9.383333,7.383333,2,"observed","valid",true,true,true,false,false,8,3,false,"am_peak_06_09",2026-07-02 08:00:00.000000,30.2,0,4.3,"dry"
374,"HV0003",2026-07-02 08:22:05.000000,2026-07-02 08:22:18.000000,2026-07-02 08:24:18.000000,2026-07-02 08:53:11.000000,87,"Financial District North","Manhattan",138,"LaGuardia Airport","Queens",12.09,28.883333,2.2166667,0.21666667,2,"observed","valid",true,true,true,false,false,8,3,false,"am_peak_06_09",2026-07-02 08:00:00.000000,30.2,0,4.3,"dry"
375,"HV0005",2026-07-02 08:41:09.000000,2026-07-02 08:42:52.000000,2026-07-02 08:43:18.000000,2026-07-02 09:02:45.000000,16,"Bayside","Queens",205,"Saint Albans","Queens",4.572,19.45,2.15,1.7166667,0.43333334,"observed","valid",true,true,true,false,false,8,3,false,"am_peak_06_09",2026-07-02 08:00:00.000000,30.2,0,4.3,"dry"
376,"HV0003",2026-07-02 08:29:07.000000,2026-07-02 08:33:17.000000,2026-07-02 08:33:34.000000,2026-07-02 08:38:04.000000,61,"Crown Heights North","Brooklyn",49,"Clinton Hill","Brooklyn",0.67,4.5,4.45,4.1666665,0.28333333,"observed","valid",true,true,true,false,false,8,3,false,"am_peak_06_09",2026-07-02 08:00:00.000000,30.2,0,4.3,"dry"
377,"HV0003",2026-07-02 08:11:20.000000,2026-07-02 08:13:49.000000,2026-07-02 08:15:49.000000,2026-07-02 08:33:07.000000,121,"Hillcrest/Pomonok","Queens",130,"Jamaica","Queens",2.71,17.3,4.483333,2.4833333,2,"observed","valid",true,true,true,false,false,8,3,false,"am_peak_06_09",2026-07-02 08:00:00.000000,30.2,0,4.3,"dry"
378,"HV0003",2026-07-02 08:51:41.000000,2026-07-02 08:56:40.000000,2026-07-02 08:58:19.000000,2026-07-02 09:07:24.000000,143,"Lincoln Square West","Manhattan",151,"Manhattan Valley","Manhattan",2.19,9.083333,6.633333,4.983333,1.65,"observed","valid",true,true,true,false,false,8,3,false,"am_peak_06_09",2026-07-02 08:00:00.000000,30.2,0,4.3,"dry"
379,"HV0005",2026-07-02 07:58:34.000000,2026-07-02 07:59:51.000000,2026-07-02 08:00:50.000000,2026-07-02 08:11:46.000000,246,"West Chelsea/Hudson Yards","Manhattan",100,"Garment District","Manhattan",1.16,10.933333,2.2666667,1.2833333,0.98333335,"observed","valid",true,true,true,false,false,7,3,false,"am_peak_06_09",2026-07-02 07:00:00.000000,27.7,0,6.4,"dry"
380,"HV0003",2026-07-02 08:44:31.000000,2026-07-02 08:48:24.000000,2026-07-02 08:49:09.000000,2026-07-02 09:10:46.000000,226,"Sunnyside","Queens",162,"Midtown East","Manhattan",3.51,21.616667,4.633333,3.8833334,0.75,"observed","valid",true,true,true,false,false,8,3,false,"am_peak_06_09",2026-07-02 08:00:00.000000,30.2,0,4.3,"dry"
381,"HV0003",2026-07-02 08:24:52.000000,2026-07-02 08:33:31.000000,2026-07-02 08:33:34.000000,2026-07-02 08:38:42.000000,159,"Melrose South","Bronx",168,"Mott Haven/Port Morris","Bronx",0.84,5.133333,8.7,8.65,0.05,"observed","valid",true,true,true,false,false,8,3,false,"am_peak_06_09",2026-07-02 08:00:00.000000,30.2,0,4.3,"dry"
382,"HV0003",2026-07-02 07:59:56.000000,2026-07-02 08:01:30.000000,2026-07-02 08:03:30.000000,2026-07-02 08:12:57.000000,76,"East New York","Brooklyn",76,"East New York","Brooklyn",1.69,9.45,3.5666666,1.5666667,2,"observed","valid",true,true,true,false,false,7,3,false,"am_peak_06_09",2026-07-02 07:00:00.000000,27.7,0,6.4,"dry"
383,"HV0003",2026-07-02 08:58:39.000000,2026-07-02 08:59:59.000000,2026-07-02 09:00:05.000000,2026-07-02 09:08:16.000000,101,"Glen Oaks","Queens",175,"Oakland Gardens","Queens",2.46,8.183333,1.4333333,1.3333334,0.1,"observed","valid",true,true,true,false,false,8,3,false,"am_peak_06_09",2026-07-02 08:00:00.000000,30.2,0,4.3,"dry"
384,"HV0005",2026-07-02 09:03:25.000000,2026-07-02 09:05:53.000000,2026-07-02 09:06:11.000000,2026-07-02 09:15:30.000000,160,"Middle Village","Queens",157,"Maspeth","Queens",1.905,9.316667,2.7666667,2.4666667,0.3,"observed","valid",true,true,true,false,false,9,3,false,"am_peak_06_09",2026-07-02 09:00:00.000000,32.4,0,5.7,"dry"
385,"HV0003",2026-07-02 09:13:43.000000,2026-07-02 09:17:51.000000,2026-07-02 09:18:13.000000,2026-07-02 09:35:14.000000,142,"Lincoln Square East","Manhattan",236,"Upper East Side North","Manhattan",2.42,17.016666,4.5,4.133333,0.36666667,"observed","valid",true,true,true,false,false,9,3,false,"am_peak_06_09",2026-07-02 09:00:00.000000,32.4,0,5.7,"dry"
386,"HV0005",2026-07-02 09:01:24.000000,2026-07-02 09:07:58.000000,2026-07-02 09:08:21.000000,2026-07-02 09:20:37.000000,62,"Crown Heights South","Brooklyn",62,"Crown Heights South","Brooklyn",1.945,12.266666,6.95,6.5666666,0.38333333,"observed","valid",true,true,true,false,false,9,3,false,"am_peak_06_09",2026-07-02 09:00:00.000000,32.4,0,5.7,"dry"
387,"HV0003",2026-07-02 09:30:42.000000,2026-07-02 09:31:05.000000,2026-07-02 09:33:05.000000,2026-07-02 09:40:23.000000,80,"East Williamsburg","Brooklyn",256,"Williamsburg (South Side)","Brooklyn",0.82,7.3,2.3833334,0.38333333,2,"observed","valid",true,true,true,false,false,9,3,false,"am_peak_06_09",2026-07-02 09:00:00.000000,32.4,0,5.7,"dry"
388,"HV0005",2026-07-02 09:44:42.000000,2026-07-02 09:46:33.000000,2026-07-02 09:47:17.000000,2026-07-02 09:52:26.000000,252,"Whitestone","Queens",252,"Whitestone","Queens",0.882,5.15,2.5833333,1.85,0.73333335,"observed","valid",true,true,true,false,false,9,3,false,"am_peak_06_09",2026-07-02 09:00:00.000000,32.4,0,5.7,"dry"
389,"HV0003",2026-07-02 09:01:03.000000,2026-07-02 09:07:35.000000,2026-07-02 09:08:58.000000,2026-07-02 09:31:49.000000,205,"Saint Albans","Queens",134,"Kew Gardens","Queens",7.03,22.85,7.9166665,6.5333333,1.3833333,"observed","valid",true,true,true,false,false,9,3,false,"am_peak_06_09",2026-07-02 09:00:00.000000,32.4,0,5.7,"dry"
390,"HV0003",2026-07-02 09:31:36.000000,2026-07-02 09:32:40.000000,2026-07-02 09:34:20.000000,2026-07-02 09:43:51.000000,196,"Rego Park","Queens",95,"Forest Hills","Queens",1.05,9.516666,2.7333333,1.0666667,1.6666666,"observed","valid",true,true,true,false,false,9,3,false,"am_peak_06_09",2026-07-02 09:00:00.000000,32.4,0,5.7,"dry"
391,"HV0005",2026-07-02 09:46:46.000000,2026-07-02 09:49:55.000000,2026-07-02 09:55:12.000000,2026-07-02 10:15:56.000000,241,"Van Cortlandt Village","Bronx",74,"East Harlem North","Manhattan",6.56,20.733334,8.433333,3.15,5.2833333,"observed","valid",true,true,true,false,true,9,3,false,"am_peak_06_09",2026-07-02 09:00:00.000000,32.4,0,5.7,"dry"
392,"HV0005",2026-07-02 09:25:00.000000,2026-07-02 09:30:08.000000,2026-07-02 09:32:22.000000,2026-07-02 10:06:09.000000,25,"Boerum Hill","Brooklyn",158,"Meatpacking/West Village West","Manhattan",4.983,33.783333,7.366667,5.133333,2.2333333,"observed","valid",true,true,true,true,false,9,3,false,"am_peak_06_09",2026-07-02 09:00:00.000000,32.4,0,5.7,"dry"
393,"HV0003",2026-07-02 09:17:43.000000,2026-07-02 09:19:50.000000,2026-07-02 09:20:01.000000,2026-07-02 09:32:08.000000,126,"Hunts Point","Bronx",212,"Soundview/Bruckner","Bronx",1.69,12.116667,2.3,2.1166666,0.18333334,"observed","valid",true,true,true,false,false,9,3,false,"am_peak_06_09",2026-07-02 09:00:00.000000,32.4,0,5.7,"dry"
394,"HV0003",2026-07-02 08:58:02.000000,2026-07-02 09:01:35.000000,2026-07-02 09:02:39.000000,2026-07-02 09:17:28.000000,192,"Queensboro Hill","Queens",83,"Elmhurst/Maspeth","Queens",6.94,14.816667,4.616667,3.55,1.0666667,"observed","valid",true,true,true,false,false,8,3,false,"am_peak_06_09",2026-07-02 08:00:00.000000,30.2,0,4.3,"dry"
395,"HV0005",2026-07-02 10:10:00.000000,2026-07-02 09:58:45.000000,2026-07-02 09:58:58.000000,2026-07-02 10:13:53.000000,35,"Brownsville","Brooklyn",96,"Forest Park/Highland Park","Queens",3.649,14.916667,-11.033334,-11.25,0.21666667,"before_request","pickup_before_request",false,false,false,true,false,10,3,false,"midday_10_15",2026-07-02 10:00:00.000000,34.2,0,5.2,"dry"
396,"HV0003",2026-07-02 09:04:29.000000,2026-07-02 09:17:37.000000,2026-07-02 09:18:17.000000,2026-07-02 09:47:00.000000,236,"Upper East Side North","Manhattan",66,"DUMBO/Vinegar Hill","Brooklyn",8.59,28.716667,13.8,13.133333,0.6666667,"observed","valid",true,true,true,false,false,9,3,false,"am_peak_06_09",2026-07-02 09:00:00.000000,32.4,0,5.7,"dry"
397,"HV0003",2026-07-02 09:00:54.000000,2026-07-02 09:04:27.000000,2026-07-02 09:04:39.000000,2026-07-02 09:24:15.000000,147,"Longwood","Bronx",262,"Yorkville East","Manhattan",4.8,19.6,3.75,3.55,0.2,"observed","valid",true,true,true,false,false,9,3,false,"am_peak_06_09",2026-07-02 09:00:00.000000,32.4,0,5.7,"dry"
398,"HV0003",2026-07-02 09:09:35.000000,2026-07-02 09:12:26.000000,2026-07-02 09:14:12.000000,2026-07-02 09:18:16.000000,206,"Saint George/New Brighton","Staten Island",206,"Saint George/New Brighton","Staten Island",1.06,4.0666666,4.616667,2.85,1.7666667,"observed","valid",true,true,true,false,false,9,3,false,"am_peak_06_09",2026-07-02 09:00:00.000000,32.4,0,5.7,"dry"
399,"HV0003",2026-07-02 09:40:27.000000,2026-07-02 09:52:13.000000,2026-07-02 09:52:30.000000,2026-07-02 10:20:59.000000,108,"Gravesend","Brooklyn",77,"East New York/Pennsylvania Avenue","Brooklyn",11.75,28.483334,12.05,11.766666,0.28333333,"observed","valid",true,true,true,false,false,9,3,false,"am_peak_06_09",2026-07-02 09:00:00.000000,32.4,0,5.7,"dry"
400,"HV0005",2026-07-02 09:32:27.000000,2026-07-02 09:35:04.000000,2026-07-02 09:35:29.000000,2026-07-02 09:52:14.000000,237,"Upper East Side South","Manhattan",230,"Times Sq/Theatre District","Manhattan",2,16.75,3.0333333,2.6166666,0.41666666,"observed","valid",true,true,true,false,false,9,3,false,"am_peak_06_09",2026-07-02 09:00:00.000000,32.4,0,5.7,"dry"
401,"HV0005",2026-07-02 08:57:33.000000,2026-07-02 09:00:59.000000,2026-07-02 09:03:30.000000,2026-07-02 09:56:51.000000,244,"Washington Heights South","Manhattan",36,"Bushwick North","Brooklyn",12.838,53.35,5.95,3.4333334,2.5166667,"observed","valid",true,true,true,false,false,8,3,false,"am_peak_06_09",2026-07-02 08:00:00.000000,30.2,0,4.3,"dry"
402,"HV0003",2026-07-02 09:28:46.000000,2026-07-02 09:30:29.000000,2026-07-02 09:32:29.000000,2026-07-02 09:41:44.000000,145,"Long Island City/Hunters Point","Queens",145,"Long Island City/Hunters Point","Queens",1.35,9.25,3.7166667,1.7166667,2,"observed","valid",true,true,true,false,false,9,3,false,"am_peak_06_09",2026-07-02 09:00:00.000000,32.4,0,5.7,"dry"
403,"HV0005",2026-07-02 09:44:39.000000,2026-07-02 09:50:16.000000,2026-07-02 09:50:40.000000,2026-07-02 10:54:36.000000,132,"JFK Airport","Queens",265,"Outside of NYC","N/A",33.209,63.933334,6.016667,5.616667,0.4,"observed","valid",true,true,true,false,false,9,3,false,"am_peak_06_09",2026-07-02 09:00:00.000000,32.4,0,5.7,"dry"
404,"HV0003",2026-07-02 09:26:47.000000,2026-07-02 09:28:01.000000,2026-07-02 09:28:10.000000,2026-07-02 09:34:37.000000,244,"Washington Heights South","Manhattan",243,"Washington Heights North","Manhattan",0.8,6.45,1.3833333,1.2333333,0.15,"observed","valid",true,true,true,false,false,9,3,false,"am_peak_06_09",2026-07-02 09:00:00.000000,32.4,0,5.7,"dry"
405,"HV0003",2026-07-02 10:04:53.000000,2026-07-02 10:05:50.000000,2026-07-02 10:06:24.000000,2026-07-02 10:22:57.000000,26,"Borough Park","Brooklyn",108,"Gravesend","Brooklyn",3.15,16.55,1.5166667,0.95,0.56666666,"observed","valid",true,true,true,false,false,10,3,false,"midday_10_15",2026-07-02 10:00:00.000000,34.2,0,5.2,"dry"
406,"HV0003",2026-07-02 10:54:02.000000,2026-07-02 10:55:40.000000,2026-07-02 10:56:25.000000,2026-07-02 11:03:13.000000,225,"Stuyvesant Heights","Brooklyn",17,"Bedford","Brooklyn",1,6.8,2.3833334,1.6333333,0.75,"observed","valid",true,true,true,false,false,10,3,false,"midday_10_15",2026-07-02 10:00:00.000000,34.2,0,5.2,"dry"
407,"HV0003",2026-07-02 10:54:09.000000,2026-07-02 10:56:55.000000,2026-07-02 10:57:06.000000,2026-07-02 11:03:40.000000,129,"Jackson Heights","Queens",82,"Elmhurst","Queens",0.78,6.5666666,2.95,2.7666667,0.18333334,"observed","valid",true,true,true,false,false,10,3,false,"midday_10_15",2026-07-02 10:00:00.000000,34.2,0,5.2,"dry"
408,"HV0003",2026-07-02 10:00:27.000000,2026-07-02 10:09:20.000000,2026-07-02 10:11:21.000000,2026-07-02 10:26:10.000000,63,"Cypress Hills","Brooklyn",76,"East New York","Brooklyn",1.93,14.816667,10.9,8.883333,2.0166667,"observed","valid",true,true,true,false,false,10,3,false,"midday_10_15",2026-07-02 10:00:00.000000,34.2,0,5.2,"dry"
409,"HV0003",2026-07-02 10:50:03.000000,2026-07-02 10:50:15.000000,2026-07-02 10:52:07.000000,2026-07-02 11:09:42.000000,68,"East Chelsea","Manhattan",230,"Times Sq/Theatre District","Manhattan",1.68,17.583334,2.0666666,0.2,1.8666667,"observed","valid",true,true,true,false,false,10,3,false,"midday_10_15",2026-07-02 10:00:00.000000,34.2,0,5.2,"dry"
410,"HV0003",2026-07-02 10:00:00.000000,2026-07-02 10:02:43.000000,2026-07-02 10:02:51.000000,2026-07-02 10:07:43.000000,61,"Crown Heights North","Brooklyn",61,"Crown Heights North","Brooklyn",0.82,4.866667,2.85,2.7166667,0.13333334,"observed","valid",true,true,true,true,false,10,3,false,"midday_10_15",2026-07-02 10:00:00.000000,34.2,0,5.2,"dry"
411,"HV0003",2026-07-02 10:25:26.000000,2026-07-02 10:26:06.000000,2026-07-02 10:27:45.000000,2026-07-02 10:52:18.000000,260,"Woodside","Queens",142,"Lincoln Square East","Manhattan",4.9,24.55,2.3166666,0.6666667,1.65,"observed","valid",true,true,true,false,false,10,3,false,"midday_10_15",2026-07-02 10:00:00.000000,34.2,0,5.2,"dry"
412,"HV0005",2026-07-02 10:08:02.000000,2026-07-02 10:12:29.000000,2026-07-02 10:14:50.000000,2026-07-02 11:06:08.000000,38,"Cambria Heights","Queens",29,"Brighton Beach","Brooklyn",18.187,51.3,6.8,4.45,2.35,"observed","valid",true,true,true,false,false,10,3,false,"midday_10_15",2026-07-02 10:00:00.000000,34.2,0,5.2,"dry"
413,"HV0003",2026-07-02 10:27:58.000000,2026-07-02 10:29:17.000000,2026-07-02 10:29:27.000000,2026-07-02 10:44:05.000000,144,"Little Italy/NoLiTa","Manhattan",148,"Lower East Side","Manhattan",1.22,14.633333,1.4833333,1.3166667,0.16666667,"observed","valid",true,true,true,false,false,10,3,false,"midday_10_15",2026-07-02 10:00:00.000000,34.2,0,5.2,"dry"
414,"HV0003",2026-07-02 10:52:47.000000,2026-07-02 10:53:42.000000,2026-07-02 10:55:42.000000,2026-07-02 11:00:58.000000,239,"Upper West Side South","Manhattan",142,"Lincoln Square East","Manhattan",0.94,5.266667,2.9166667,0.9166667,2,"observed","valid",true,true,true,false,false,10,3,false,"midday_10_15",2026-07-02 10:00:00.000000,34.2,0,5.2,"dry"
415,"HV0003",2026-07-02 10:07:00.000000,2026-07-02 10:07:35.000000,2026-07-02 10:08:00.000000,2026-07-02 10:17:17.000000,161,"Midtown Center","Manhattan",234,"Union Sq","Manhattan",1.37,9.283334,1,0.5833333,0.41666666,"observed","valid",true,true,true,true,false,10,3,false,"midday_10_15",2026-07-02 10:00:00.000000,34.2,0,5.2,"dry"
416,"HV0003",2026-07-02 11:54:16.000000,2026-07-02 11:55:09.000000,2026-07-02 11:57:09.000000,2026-07-02 12:16:42.000000,41,"Central Harlem","Manhattan",168,"Mott Haven/Port Morris","Bronx",2.3,19.55,2.8833334,0.8833333,2,"observed","valid",true,true,true,false,false,11,3,false,"midday_10_15",2026-07-02 11:00:00.000000,35.8,0,5.2,"dry"
417,"HV0005",2026-07-02 11:30:09.000000,2026-07-02 11:33:27.000000,2026-07-02 11:35:58.000000,2026-07-02 11:56:02.000000,119,"Highbridge","Bronx",41,"Central Harlem","Manhattan",2.77,20.066668,5.8166666,3.3,2.5166667,"observed","valid",true,true,true,false,false,11,3,false,"midday_10_15",2026-07-02 11:00:00.000000,35.8,0,5.2,"dry"
418,"HV0003",2026-07-02 11:32:55.000000,2026-07-02 11:36:57.000000,2026-07-02 11:37:05.000000,2026-07-02 11:47:44.000000,76,"East New York","Brooklyn",76,"East New York","Brooklyn",1.96,10.65,4.1666665,4.0333333,0.13333334,"observed","valid",true,true,true,false,false,11,3,false,"midday_10_15",2026-07-02 11:00:00.000000,35.8,0,5.2,"dry"
419,"HV0003",2026-07-02 11:27:07.000000,2026-07-02 11:33:38.000000,2026-07-02 11:35:38.000000,2026-07-02 11:46:59.000000,89,"Flatbush/Ditmas Park","Brooklyn",89,"Flatbush/Ditmas Park","Brooklyn",1.33,11.35,8.516666,6.516667,2,"observed","valid",true,true,true,false,false,11,3,false,"midday_10_15",2026-07-02 11:00:00.000000,35.8,0,5.2,"dry"
420,"HV0005",2026-07-02 11:16:32.000000,2026-07-02 11:19:25.000000,2026-07-02 11:20:06.000000,2026-07-02 11:46:01.000000,72,"East Flatbush/Remsen Village","Brooklyn",17,"Bedford","Brooklyn",4.185,25.916666,3.5666666,2.8833334,0.68333334,"observed","valid",true,true,true,false,false,11,3,false,"midday_10_15",2026-07-02 11:00:00.000000,35.8,0,5.2,"dry"
421,"HV0003",2026-07-02 11:11:29.000000,2026-07-02 11:14:29.000000,2026-07-02 11:14:32.000000,2026-07-02 11:24:19.000000,70,"East Elmhurst","Queens",129,"Jackson Heights","Queens",1.66,9.783334,3.05,3,0.05,"observed","valid",true,true,true,false,false,11,3,false,"midday_10_15",2026-07-02 11:00:00.000000,35.8,0,5.2,"dry"
422,"HV0005",2026-07-02 11:40:05.000000,2026-07-02 11:47:02.000000,2026-07-02 11:47:04.000000,2026-07-02 11:50:48.000000,71,"East Flatbush/Farragut","Brooklyn",89,"Flatbush/Ditmas Park","Brooklyn",0.524,3.7333333,6.983333,6.95,0.033333335,"observed","valid",true,true,true,false,false,11,3,false,"midday_10_15",2026-07-02 11:00:00.000000,35.8,0,5.2,"dry"
423,"HV0005",2026-07-02 11:04:22.000000,2026-07-02 11:08:08.000000,2026-07-02 11:11:29.000000,2026-07-02 11:36:55.000000,51,"Co-Op City","Bronx",168,"Mott Haven/Port Morris","Bronx",9.495,25.433332,7.116667,3.7666667,3.35,"observed","valid",true,true,true,false,true,11,3,false,"midday_10_15",2026-07-02 11:00:00.000000,35.8,0,5.2,"dry"
424,"HV0005",2026-07-02 10:59:50.000000,2026-07-02 11:07:26.000000,2026-07-02 11:07:32.000000,2026-07-02 11:41:37.000000,49,"Clinton Hill","Brooklyn",246,"West Chelsea/Hudson Yards","Manhattan",6.262,34.083332,7.7,7.6,0.1,"observed","valid",true,true,true,false,false,10,3,false,"midday_10_15",2026-07-02 10:00:00.000000,34.2,0,5.2,"dry"
425,"HV0003",2026-07-02 11:17:06.000000,2026-07-02 11:20:15.000000,2026-07-02 11:22:16.000000,2026-07-02 12:04:10.000000,246,"West Chelsea/Hudson Yards","Manhattan",141,"Lenox Hill West","Manhattan",3.37,41.9,5.1666665,3.15,2.0166667,"observed","valid",true,true,true,false,false,11,3,false,"midday_10_15",2026-07-02 11:00:00.000000,35.8,0,5.2,"dry"
426,"HV0005",2026-07-02 11:52:21.000000,2026-07-02 11:57:59.000000,2026-07-02 11:58:02.000000,2026-07-02 12:09:23.000000,225,"Stuyvesant Heights","Brooklyn",198,"Ridgewood","Queens",1.586,11.35,5.6833334,5.633333,0.05,"observed","valid",true,true,true,false,false,11,3,false,"midday_10_15",2026-07-02 11:00:00.000000,35.8,0,5.2,"dry"
427,"HV0003",2026-07-02 11:33:36.000000,2026-07-02 11:36:48.000000,2026-07-02 11:38:48.000000,2026-07-02 11:41:29.000000,33,"Brooklyn Heights","Brooklyn",33,"Brooklyn Heights","Brooklyn",0.47,2.6833334,5.2,3.2,2,"observed","valid",true,true,true,false,false,11,3,false,"midday_10_15",2026-07-02 11:00:00.000000,35.8,0,5.2,"dry"
428,"HV0003",2026-07-02 11:03:27.000000,2026-07-02 11:06:53.000000,2026-07-02 11:08:52.000000,2026-07-02 11:36:00.000000,68,"East Chelsea","Manhattan",144,"Little Italy/NoLiTa","Manhattan",3.58,27.133333,5.4166665,3.4333334,1.9833333,"observed","valid",true,true,true,false,false,11,3,false,"midday_10_15",2026-07-02 11:00:00.000000,35.8,0,5.2,"dry"
429,"HV0003",2026-07-02 11:22:33.000000,2026-07-02 11:26:02.000000,2026-07-02 11:26:48.000000,2026-07-02 11:45:38.000000,250,"Westchester Village/Unionport","Bronx",265,"Outside of NYC","N/A",6.75,18.833334,4.25,3.4833333,0.76666665,"observed","valid",true,true,true,false,false,11,3,false,"midday_10_15",2026-07-02 11:00:00.000000,35.8,0,5.2,"dry"
430,"HV0003",2026-07-02 11:48:33.000000,2026-07-02 11:52:35.000000,2026-07-02 11:54:35.000000,2026-07-02 12:27:41.000000,255,"Williamsburg (North Side)","Brooklyn",56,"Corona","Queens",8.15,33.1,6.0333333,4.0333333,2,"observed","valid",true,true,true,false,false,11,3,false,"midday_10_15",2026-07-02 11:00:00.000000,35.8,0,5.2,"dry"
431,"HV0005",2026-07-02 12:24:35.000000,2026-07-02 12:26:57.000000,2026-07-02 12:30:29.000000,2026-07-02 12:53:41.000000,67,"Dyker Heights","Brooklyn",133,"Kensington","Brooklyn",2.456,23.2,5.9,2.3666666,3.5333333,"observed","valid",true,true,true,false,true,12,3,false,"midday_10_15",2026-07-02 12:00:00.000000,37.4,0,6.8,"dry"
432,"HV0003",2026-07-02 12:19:35.000000,2026-07-02 12:30:09.000000,2026-07-02 12:30:09.000000,2026-07-02 12:47:58.000000,238,"Upper West Side North","Manhattan",158,"Meatpacking/West Village West","Manhattan",5.83,17.816668,10.566667,10.566667,0,"same_as_pickup","valid",true,false,true,false,false,12,3,false,"midday_10_15",2026-07-02 12:00:00.000000,37.4,0,6.8,"dry"
433,"HV0003",2026-07-02 12:54:27.000000,2026-07-02 12:57:12.000000,2026-07-02 12:57:20.000000,2026-07-02 13:04:19.000000,201,"Rockaway Park","Queens",117,"Hammels/Arverne","Queens",1.29,6.983333,2.8833334,2.75,0.13333334,"observed","valid",true,true,true,false,false,12,3,false,"midday_10_15",2026-07-02 12:00:00.000000,37.4,0,6.8,"dry"
434,"HV0003",2026-07-02 11:57:00.000000,2026-07-02 12:00:47.000000,2026-07-02 12:02:47.000000,2026-07-02 12:09:05.000000,205,"Saint Albans","Queens",205,"Saint Albans","Queens",0.58,6.3,5.7833333,3.7833333,2,"observed","valid",true,true,true,true,false,11,3,false,"midday_10_15",2026-07-02 11:00:00.000000,35.8,0,5.2,"dry"
435,"HV0003",2026-07-02 12:41:44.000000,2026-07-02 12:44:23.000000,2026-07-02 12:46:25.000000,2026-07-02 12:57:51.000000,213,"Soundview/Castle Hill","Bronx",126,"Hunts Point","Bronx",1.98,11.433333,4.6833334,2.65,2.0333333,"observed","valid",true,true,true,false,false,12,3,false,"midday_10_15",2026-07-02 12:00:00.000000,37.4,0,6.8,"dry"
436,"HV0003",2026-07-02 12:34:00.000000,2026-07-02 12:39:22.000000,2026-07-02 12:39:40.000000,2026-07-02 12:47:07.000000,63,"Cypress Hills","Brooklyn",180,"Ozone Park","Queens",1.32,7.45,5.6666665,5.366667,0.3,"observed","valid",true,true,true,true,false,12,3,false,"midday_10_15",2026-07-02 12:00:00.000000,37.4,0,6.8,"dry"
437,"HV0003",2026-07-02 12:50:17.000000,2026-07-02 12:50:52.000000,2026-07-02 12:52:53.000000,2026-07-02 13:10:54.000000,61,"Crown Heights North","Brooklyn",89,"Flatbush/Ditmas Park","Brooklyn",2.88,18.016666,2.6,0.5833333,2.0166667,"observed","valid",true,true,true,false,false,12,3,false,"midday_10_15",2026-07-02 12:00:00.000000,37.4,0,6.8,"dry"
438,"HV0005",2026-07-02 12:39:29.000000,2026-07-02 12:47:10.000000,2026-07-02 12:47:39.000000,2026-07-02 12:58:47.000000,18,"Bedford Park","Bronx",220,"Spuyten Duyvil/Kingsbridge","Bronx",1.66,11.133333,8.166667,7.6833334,0.48333332,"observed","valid",true,true,true,false,false,12,3,false,"midday_10_15",2026-07-02 12:00:00.000000,37.4,0,6.8,"dry"
439,"HV0003",2026-07-02 12:31:35.000000,2026-07-02 12:35:27.000000,2026-07-02 12:37:28.000000,2026-07-02 12:42:43.000000,254,"Williamsbridge/Olinville","Bronx",254,"Williamsbridge/Olinville","Bronx",1.04,5.25,5.883333,3.8666666,2.0166667,"observed","valid",true,true,true,false,false,12,3,false,"midday_10_15",2026-07-02 12:00:00.000000,37.4,0,6.8,"dry"
440,"HV0005",2026-07-02 12:10:00.000000,2026-07-02 11:58:23.000000,2026-07-02 12:02:44.000000,2026-07-02 12:16:59.000000,260,"Woodside","Queens",70,"East Elmhurst","Queens",2.864,14.25,-7.266667,-11.616667,4.35,"before_request","pickup_before_request",false,false,false,true,true,12,3,false,"midday_10_15",2026-07-02 12:00:00.000000,37.4,0,6.8,"dry"
441,"HV0003",2026-07-02 12:52:58.000000,2026-07-02 12:53:16.000000,2026-07-02 12:54:16.000000,2026-07-02 13:10:20.000000,158,"Meatpacking/West Village West","Manhattan",100,"Garment District","Manhattan",1.71,16.066668,1.3,0.3,1,"observed","valid",true,true,true,false,false,12,3,false,"midday_10_15",2026-07-02 12:00:00.000000,37.4,0,6.8,"dry"
442,"HV0003",2026-07-02 12:45:05.000000,2026-07-02 12:48:58.000000,2026-07-02 12:49:39.000000,2026-07-02 13:14:43.000000,90,"Flatiron","Manhattan",161,"Midtown Center","Manhattan",1.85,25.066668,4.5666666,3.8833334,0.68333334,"observed","valid",true,true,true,false,false,12,3,false,"midday_10_15",2026-07-02 12:00:00.000000,37.4,0,6.8,"dry"
443,"HV0003",2026-07-02 12:24:24.000000,2026-07-02 12:28:09.000000,2026-07-02 12:30:10.000000,2026-07-02 12:53:12.000000,85,"Erasmus","Brooklyn",149,"Madison","Brooklyn",3.89,23.033333,5.766667,3.75,2.0166667,"observed","valid",true,true,true,false,false,12,3,false,"midday_10_15",2026-07-02 12:00:00.000000,37.4,0,6.8,"dry"
444,"HV0005",2026-07-02 12:12:29.000000,2026-07-02 12:16:52.000000,2026-07-02 12:17:47.000000,2026-07-02 12:23:01.000000,14,"Bay Ridge","Brooklyn",14,"Bay Ridge","Brooklyn",0.766,5.233333,5.3,4.383333,0.9166667,"observed","valid",true,true,true,false,false,12,3,false,"midday_10_15",2026-07-02 12:00:00.000000,37.4,0,6.8,"dry"
445,"HV0005",2026-07-02 12:11:19.000000,2026-07-02 12:14:07.000000,2026-07-02 12:14:16.000000,2026-07-02 13:23:15.000000,249,"West Village","Manhattan",53,"College Point","Queens",14.612,68.98333,2.95,2.8,0.15,"observed","valid",true,true,true,false,false,12,3,false,"midday_10_15",2026-07-02 12:00:00.000000,37.4,0,6.8,"dry"
446,"HV0003",2026-07-02 12:07:27.000000,2026-07-02 12:15:17.000000,2026-07-02 12:15:47.000000,2026-07-02 12:37:15.000000,250,"Westchester Village/Unionport","Bronx",18,"Bedford Park","Bronx",5.27,21.466667,8.333333,7.8333335,0.5,"observed","valid",true,true,true,false,false,12,3,false,"midday_10_15",2026-07-02 12:00:00.000000,37.4,0,6.8,"dry"
447,"HV0003",2026-07-02 12:50:09.000000,2026-07-02 12:54:06.000000,2026-07-02 12:54:56.000000,2026-07-02 13:22:15.000000,10,"Baisley Park","Queens",9,"Auburndale","Queens",7.9,27.316668,4.7833333,3.95,0.8333333,"observed","valid",true,true,true,false,false,12,3,false,"midday_10_15",2026-07-02 12:00:00.000000,37.4,0,6.8,"dry"
448,"HV0003",2026-07-02 12:54:11.000000,2026-07-02 12:59:47.000000,2026-07-02 13:00:12.000000,2026-07-02 13:46:56.000000,78,"East Tremont","Bronx",157,"Maspeth","Queens",14.97,46.733334,6.016667,5.6,0.41666666,"observed","valid",true,true,true,false,false,12,3,false,"midday_10_15",2026-07-02 12:00:00.000000,37.4,0,6.8,"dry"
449,"HV0005",2026-07-02 13:45:00.000000,2026-07-02 13:51:08.000000,2026-07-02 13:53:01.000000,2026-07-02 14:01:03.000000,130,"Jamaica","Queens",130,"Jamaica","Queens",0.915,8.033334,8.016666,6.133333,1.8833333,"observed","valid",true,true,true,true,false,13,3,false,"midday_10_15",2026-07-02 13:00:00.000000,38.3,0,10.5,"dry"
450,"HV0003",2026-07-02 13:11:45.000000,2026-07-02 13:13:19.000000,2026-07-02 13:13:19.000000,2026-07-02 13:23:39.000000,221,"Stapleton","Staten Island",245,"West Brighton","Staten Island",1.95,10.333333,1.5666667,1.5666667,0,"same_as_pickup","valid",true,false,true,false,false,13,3,false,"midday_10_15",2026-07-02 13:00:00.000000,38.3,0,10.5,"dry"
451,"HV0003",2026-07-02 13:19:01.000000,2026-07-02 13:19:46.000000,2026-07-02 13:20:00.000000,2026-07-02 13:25:12.000000,114,"Greenwich Village South","Manhattan",249,"West Village","Manhattan",0.58,5.2,0.98333335,0.75,0.23333333,"observed","valid",true,true,true,false,false,13,3,false,"midday_10_15",2026-07-02 13:00:00.000000,38.3,0,10.5,"dry"
452,"HV0003",2026-07-02 13:02:19.000000,2026-07-02 13:08:52.000000,2026-07-02 13:09:25.000000,2026-07-02 13:26:04.000000,177,"Ocean Hill","Brooklyn",61,"Crown Heights North","Brooklyn",2.19,16.65,7.1,6.55,0.55,"observed","valid",true,true,true,false,false,13,3,false,"midday_10_15",2026-07-02 13:00:00.000000,38.3,0,10.5,"dry"
453,"HV0005",2026-07-02 13:30:23.000000,2026-07-02 13:36:23.000000,2026-07-02 13:36:32.000000,2026-07-02 13:53:40.000000,74,"East Harlem North","Manhattan",140,"Lenox Hill East","Manhattan",3.75,17.133333,6.15,6,0.15,"observed","valid",true,true,true,false,false,13,3,false,"midday_10_15",2026-07-02 13:00:00.000000,38.3,0,10.5,"dry"
454,"HV0003",2026-07-02 13:23:03.000000,2026-07-02 13:31:53.000000,2026-07-02 13:33:53.000000,2026-07-02 14:38:43.000000,135,"Kew Gardens Hills","Queens",186,"Penn Station/Madison Sq West","Manhattan",11.31,64.833336,10.833333,8.833333,2,"observed","valid",true,true,true,false,false,13,3,false,"midday_10_15",2026-07-02 13:00:00.000000,38.3,0,10.5,"dry"
455,"HV0003",2026-07-02 13:49:03.000000,2026-07-02 13:53:30.000000,2026-07-02 13:53:40.000000,2026-07-02 14:20:47.000000,189,"Prospect Heights","Brooklyn",36,"Bushwick North","Brooklyn",4.1,27.116667,4.616667,4.45,0.16666667,"observed","valid",true,true,true,false,false,13,3,false,"midday_10_15",2026-07-02 13:00:00.000000,38.3,0,10.5,"dry"
456,"HV0005",2026-07-02 13:24:56.000000,2026-07-02 13:28:36.000000,2026-07-02 13:29:35.000000,2026-07-02 13:35:08.000000,78,"East Tremont","Bronx",60,"Crotona Park East","Bronx",0.759,5.55,4.65,3.6666667,0.98333335,"observed","valid",true,true,true,false,false,13,3,false,"midday_10_15",2026-07-02 13:00:00.000000,38.3,0,10.5,"dry"
457,"HV0005",2026-07-02 13:22:00.000000,2026-07-02 13:25:53.000000,2026-07-02 13:25:59.000000,2026-07-02 13:33:26.000000,22,"Bensonhurst West","Brooklyn",22,"Bensonhurst West","Brooklyn",0.807,7.45,3.9833333,3.8833334,0.1,"observed","valid",true,true,true,true,false,13,3,false,"midday_10_15",2026-07-02 13:00:00.000000,38.3,0,10.5,"dry"
458,"HV0005",2026-07-02 13:00:14.000000,2026-07-02 13:03:06.000000,2026-07-02 13:08:16.000000,2026-07-02 14:48:30.000000,241,"Van Cortlandt Village","Bronx",245,"West Brighton","Staten Island",39.46,100.23333,8.033334,2.8666666,5.1666665,"observed","valid",true,true,true,false,true,13,3,false,"midday_10_15",2026-07-02 13:00:00.000000,38.3,0,10.5,"dry"
459,"HV0005",2026-07-02 13:21:45.000000,2026-07-02 13:22:55.000000,2026-07-02 13:24:14.000000,2026-07-02 13:37:24.000000,237,"Upper East Side South","Manhattan",41,"Central Harlem","Manhattan",3.016,13.166667,2.4833333,1.1666666,1.3166667,"observed","valid",true,true,true,false,false,13,3,false,"midday_10_15",2026-07-02 13:00:00.000000,38.3,0,10.5,"dry"
460,"HV0003",2026-07-02 13:24:10.000000,2026-07-02 13:31:00.000000,2026-07-02 13:31:24.000000,2026-07-02 13:53:25.000000,173,"North Corona","Queens",53,"College Point","Queens",2.84,22.016666,7.233333,6.8333335,0.4,"observed","valid",true,true,true,false,false,13,3,false,"midday_10_15",2026-07-02 13:00:00.000000,38.3,0,10.5,"dry"
461,"HV0003",2026-07-02 13:05:56.000000,2026-07-02 13:07:50.000000,2026-07-02 13:07:50.000000,2026-07-02 13:16:33.000000,149,"Madison","Brooklyn",149,"Madison","Brooklyn",0.99,8.716666,1.9,1.9,0,"same_as_pickup","valid",true,false,true,false,false,13,3,false,"midday_10_15",2026-07-02 13:00:00.000000,38.3,0,10.5,"dry"
462,"HV0005",2026-07-02 13:16:09.000000,2026-07-02 13:19:01.000000,2026-07-02 13:19:05.000000,2026-07-02 13:28:00.000000,213,"Soundview/Castle Hill","Bronx",212,"Soundview/Bruckner","Bronx",1.169,8.916667,2.9333334,2.8666666,0.06666667,"observed","valid",true,true,true,false,false,13,3,false,"midday_10_15",2026-07-02 13:00:00.000000,38.3,0,10.5,"dry"
463,"HV0003",2026-07-02 14:12:53.000000,2026-07-02 14:20:05.000000,2026-07-02 14:20:05.000000,2026-07-02 14:25:05.000000,185,"Pelham Parkway","Bronx",242,"Van Nest/Morris Park","Bronx",0.81,5,7.2,7.2,0,"same_as_pickup","valid",true,false,true,false,false,14,3,false,"midday_10_15",2026-07-02 14:00:00.000000,38.7,0.4,11.3,"light_rain"
464,"HV0003",2026-07-02 14:28:07.000000,2026-07-02 14:29:00.000000,2026-07-02 14:29:52.000000,2026-07-02 14:42:28.000000,13,"Battery Park City","Manhattan",4,"Alphabet City","Manhattan",4.03,12.6,1.75,0.8833333,0.8666667,"observed","valid",true,true,true,false,false,14,3,false,"midday_10_15",2026-07-02 14:00:00.000000,38.7,0.4,11.3,"light_rain"
465,"HV0003",2026-07-02 13:56:22.000000,2026-07-02 14:01:37.000000,2026-07-02 14:01:45.000000,2026-07-02 14:20:29.000000,91,"Flatlands","Brooklyn",123,"Homecrest","Brooklyn",3.47,18.733334,5.383333,5.25,0.13333334,"observed","valid",true,true,true,false,false,13,3,false,"midday_10_15",2026-07-02 13:00:00.000000,38.3,0,10.5,"dry"
466,"HV0003",2026-07-02 14:48:43.000000,2026-07-02 14:50:21.000000,2026-07-02 14:53:47.000000,2026-07-02 15:09:24.000000,262,"Yorkville East","Manhattan",238,"Upper West Side North","Manhattan",2.16,15.616667,5.0666666,1.6333333,3.4333334,"observed","valid",true,true,true,false,false,14,3,false,"midday_10_15",2026-07-02 14:00:00.000000,38.7,0.4,11.3,"light_rain"
467,"HV0005",2026-07-02 14:13:36.000000,2026-07-02 14:14:15.000000,2026-07-02 14:15:11.000000,2026-07-02 14:22:55.000000,181,"Park Slope","Brooklyn",106,"Gowanus","Brooklyn",1.012,7.733333,1.5833334,0.65,0.93333334,"observed","valid",true,true,true,false,false,14,3,false,"midday_10_15",2026-07-02 14:00:00.000000,38.7,0.4,11.3,"light_rain"
468,"HV0003",2026-07-02 14:00:49.000000,2026-07-02 14:02:04.000000,2026-07-02 14:02:47.000000,2026-07-02 14:15:39.000000,245,"West Brighton","Staten Island",156,"Mariners Harbor","Staten Island",3.08,12.866667,1.9666667,1.25,0.71666664,"observed","valid",true,true,true,false,false,14,3,false,"midday_10_15",2026-07-02 14:00:00.000000,38.7,0.4,11.3,"light_rain"
469,"HV0005",2026-07-02 14:18:07.000000,2026-07-02 14:20:45.000000,2026-07-02 14:21:01.000000,2026-07-02 14:26:58.000000,95,"Forest Hills","Queens",95,"Forest Hills","Queens",0.807,5.95,2.9,2.6333334,0.26666668,"observed","valid",true,true,true,false,false,14,3,false,"midday_10_15",2026-07-02 14:00:00.000000,38.7,0.4,11.3,"light_rain"
470,"HV0003",2026-07-02 14:49:09.000000,2026-07-02 14:52:45.000000,2026-07-02 14:54:24.000000,2026-07-02 15:14:53.000000,172,"New Dorp/Midland Beach","Staten Island",115,"Grymes Hill/Clifton","Staten Island",4.33,20.483334,5.25,3.6,1.65,"observed","valid",true,true,true,false,false,14,3,false,"midday_10_15",2026-07-02 14:00:00.000000,38.7,0.4,11.3,"light_rain"
471,"HV0005",2026-07-02 13:49:10.000000,2026-07-02 13:59:20.000000,2026-07-02 14:00:04.000000,2026-07-02 14:36:37.000000,49,"Clinton Hill","Brooklyn",138,"LaGuardia Airport","Queens",9.961,36.55,10.9,10.166667,0.73333335,"observed","valid",true,true,true,false,false,13,3,false,"midday_10_15",2026-07-02 13:00:00.000000,38.3,0,10.5,"dry"
472,"HV0005",2026-07-02 13:57:46.000000,2026-07-02 14:01:31.000000,2026-07-02 14:04:05.000000,2026-07-02 14:48:53.000000,143,"Lincoln Square West","Manhattan",265,"Outside of NYC","N/A",21.501,44.8,6.3166666,3.75,2.5666666,"observed","valid",true,true,true,false,false,13,3,false,"midday_10_15",2026-07-02 13:00:00.000000,38.3,0,10.5,"dry"
473,"HV0005",2026-07-02 14:19:32.000000,2026-07-02 14:24:52.000000,2026-07-02 14:25:28.000000,2026-07-02 14:49:26.000000,42,"Central Harlem North","Manhattan",212,"Soundview/Bruckner","Bronx",5.733,23.966667,5.9333334,5.3333335,0.6,"observed","valid",true,true,true,false,false,14,3,false,"midday_10_15",2026-07-02 14:00:00.000000,38.7,0.4,11.3,"light_rain"
474,"HV0003",2026-07-02 14:18:47.000000,2026-07-02 14:22:37.000000,2026-07-02 14:23:43.000000,2026-07-02 14:42:11.000000,246,"West Chelsea/Hudson Yards","Manhattan",234,"Union Sq","Manhattan",1.2,18.466667,4.9333334,3.8333333,1.1,"observed","valid",true,true,true,false,false,14,3,false,"midday_10_15",2026-07-02 14:00:00.000000,38.7,0.4,11.3,"light_rain"
475,"HV0003",2026-07-02 14:04:33.000000,2026-07-02 14:08:26.000000,2026-07-02 14:13:49.000000,2026-07-02 14:53:37.000000,37,"Bushwick South","Brooklyn",76,"East New York","Brooklyn",4.66,39.8,9.266666,3.8833334,5.383333,"observed","valid",true,true,true,false,false,14,3,false,"midday_10_15",2026-07-02 14:00:00.000000,38.7,0.4,11.3,"light_rain"
476,"HV0003",2026-07-02 14:25:48.000000,2026-07-02 14:34:08.000000,2026-07-02 14:34:31.000000,2026-07-02 14:40:40.000000,263,"Yorkville West","Manhattan",140,"Lenox Hill East","Manhattan",1,6.15,8.716666,8.333333,0.38333333,"observed","valid",true,true,true,false,false,14,3,false,"midday_10_15",2026-07-02 14:00:00.000000,38.7,0.4,11.3,"light_rain"
477,"HV0003",2026-07-02 14:34:35.000000,2026-07-02 14:53:35.000000,2026-07-02 14:54:11.000000,2026-07-02 15:06:12.000000,240,"Van Cortlandt Park","Bronx",265,"Outside of NYC","N/A",6.62,12.016666,19.6,19,0.6,"observed","valid",true,true,true,false,false,14,3,false,"midday_10_15",2026-07-02 14:00:00.000000,38.7,0.4,11.3,"light_rain"
478,"HV0005",2026-07-02 14:09:56.000000,2026-07-02 14:11:50.000000,2026-07-02 14:11:58.000000,2026-07-02 14:13:57.000000,188,"Prospect-Lefferts Gardens","Brooklyn",188,"Prospect-Lefferts Gardens","Brooklyn",0.221,1.9833333,2.0333333,1.9,0.13333334,"observed","valid",true,true,true,false,false,14,3,false,"midday_10_15",2026-07-02 14:00:00.000000,38.7,0.4,11.3,"light_rain"
479,"HV0003",2026-07-02 15:51:42.000000,2026-07-02 15:54:01.000000,2026-07-02 15:54:18.000000,2026-07-02 15:59:15.000000,91,"Flatlands","Brooklyn",89,"Flatbush/Ditmas Park","Brooklyn",0.92,4.95,2.6,2.3166666,0.28333333,"observed","valid",true,true,true,false,false,15,3,false,"midday_10_15",2026-07-02 15:00:00.000000,39.1,0,8.3,"dry"
480,"HV0003",2026-07-02 15:50:50.000000,2026-07-02 15:53:48.000000,2026-07-02 15:54:10.000000,2026-07-02 16:03:02.000000,61,"Crown Heights North","Brooklyn",17,"Bedford","Brooklyn",1.29,8.866667,3.3333333,2.9666667,0.36666667,"observed","valid",true,true,true,false,false,15,3,false,"midday_10_15",2026-07-02 15:00:00.000000,39.1,0,8.3,"dry"
481,"HV0005",2026-07-02 15:05:41.000000,2026-07-02 15:11:16.000000,2026-07-02 15:12:04.000000,2026-07-02 15:46:37.000000,68,"East Chelsea","Manhattan",265,"Outside of NYC","N/A",11.84,34.55,6.383333,5.5833335,0.8,"observed","valid",true,true,true,false,false,15,3,false,"midday_10_15",2026-07-02 15:00:00.000000,39.1,0,8.3,"dry"
482,"HV0003",2026-07-02 15:24:35.000000,2026-07-02 15:27:43.000000,2026-07-02 15:28:23.000000,2026-07-02 15:41:02.000000,68,"East Chelsea","Manhattan",50,"Clinton West","Manhattan",1.57,12.65,3.8,3.1333334,0.6666667,"observed","valid",true,true,true,false,false,15,3,false,"midday_10_15",2026-07-02 15:00:00.000000,39.1,0,8.3,"dry"
483,"HV0003",2026-07-02 15:47:05.000000,2026-07-02 15:49:41.000000,2026-07-02 15:49:50.000000,2026-07-02 15:55:16.000000,177,"Ocean Hill","Brooklyn",177,"Ocean Hill","Brooklyn",0.63,5.4333334,2.75,2.6,0.15,"observed","valid",true,true,true,false,false,15,3,false,"midday_10_15",2026-07-02 15:00:00.000000,39.1,0,8.3,"dry"
484,"HV0003",2026-07-02 15:37:58.000000,2026-07-02 15:43:31.000000,2026-07-02 15:44:15.000000,2026-07-02 16:03:21.000000,20,"Belmont","Bronx",213,"Soundview/Castle Hill","Bronx",4.92,19.1,6.2833333,5.55,0.73333335,"observed","valid",true,true,true,false,false,15,3,false,"midday_10_15",2026-07-02 15:00:00.000000,39.1,0,8.3,"dry"
485,"HV0003",2026-07-02 15:17:54.000000,2026-07-02 15:22:12.000000,2026-07-02 15:22:12.000000,2026-07-02 15:48:31.000000,138,"LaGuardia Airport","Queens",95,"Forest Hills","Queens",6.42,26.316668,4.3,4.3,0,"same_as_pickup","valid",true,false,true,false,false,15,3,false,"midday_10_15",2026-07-02 15:00:00.000000,39.1,0,8.3,"dry"
486,"HV0003",2026-07-02 15:22:01.000000,2026-07-02 15:28:08.000000,2026-07-02 15:30:08.000000,2026-07-02 15:47:09.000000,210,"Sheepshead Bay","Brooklyn",91,"Flatlands","Brooklyn",2.43,17.016666,8.116667,6.116667,2,"observed","valid",true,true,true,false,false,15,3,false,"midday_10_15",2026-07-02 15:00:00.000000,39.1,0,8.3,"dry"
487,"HV0003",2026-07-02 15:13:09.000000,2026-07-02 15:21:18.000000,2026-07-02 15:22:53.000000,2026-07-02 15:30:05.000000,18,"Bedford Park","Bronx",94,"Fordham South","Bronx",1,7.2,9.733334,8.15,1.5833334,"observed","valid",true,true,true,false,false,15,3,false,"midday_10_15",2026-07-02 15:00:00.000000,39.1,0,8.3,"dry"
488,"HV0005",2026-07-02 15:07:57.000000,2026-07-02 15:13:01.000000,2026-07-02 15:13:05.000000,2026-07-02 15:37:03.000000,263,"Yorkville West","Manhattan",87,"Financial District North","Manhattan",7.15,23.966667,5.133333,5.0666666,0.06666667,"observed","valid",true,true,true,false,false,15,3,false,"midday_10_15",2026-07-02 15:00:00.000000,39.1,0,8.3,"dry"
489,"HV0003",2026-07-02 15:49:05.000000,2026-07-02 15:51:59.000000,2026-07-02 15:53:54.000000,2026-07-02 16:04:30.000000,7,"Astoria","Queens",223,"Steinway","Queens",1.67,10.6,4.8166666,2.9,1.9166666,"observed","valid",true,true,true,false,false,15,3,false,"midday_10_15",2026-07-02 15:00:00.000000,39.1,0,8.3,"dry"
490,"HV0003",2026-07-02 15:33:13.000000,2026-07-02 15:41:25.000000,2026-07-02 15:41:42.000000,2026-07-02 15:49:14.000000,256,"Williamsburg (South Side)","Brooklyn",255,"Williamsburg (North Side)","Brooklyn",1.19,7.5333333,8.483334,8.2,0.28333333,"observed","valid",true,true,true,false,false,15,3,false,"midday_10_15",2026-07-02 15:00:00.000000,39.1,0,8.3,"dry"
491,"HV0003",2026-07-02 15:04:00.000000,2026-07-02 15:08:26.000000,2026-07-02 15:08:48.000000,2026-07-02 15:25:13.000000,56,"Corona","Queens",92,"Flushing","Queens",4.75,16.416666,4.8,4.4333334,0.36666667,"observed","valid",true,true,true,true,false,15,3,false,"midday_10_15",2026-07-02 15:00:00.000000,39.1,0,8.3,"dry"
492,"HV0003",2026-07-02 15:35:53.000000,2026-07-02 15:36:45.000000,2026-07-02 15:38:45.000000,2026-07-02 15:48:40.000000,28,"Briarwood/Jamaica Hills","Queens",134,"Kew Gardens","Queens",1.25,9.916667,2.8666666,0.8666667,2,"observed","valid",true,true,true,false,false,15,3,false,"midday_10_15",2026-07-02 15:00:00.000000,39.1,0,8.3,"dry"
493,"HV0005",2026-07-02 15:47:35.000000,2026-07-02 15:53:48.000000,2026-07-02 15:53:53.000000,2026-07-02 16:11:03.000000,42,"Central Harlem North","Manhattan",235,"University Heights/Morris Heights","Bronx",2.445,17.166666,6.3,6.2166667,0.083333336,"observed","valid",true,true,true,false,false,15,3,false,"midday_10_15",2026-07-02 15:00:00.000000,39.1,0,8.3,"dry"
494,"HV0005",2026-07-02 15:16:58.000000,2026-07-02 15:29:04.000000,2026-07-02 15:29:36.000000,2026-07-02 15:46:53.000000,61,"Crown Heights North","Brooklyn",61,"Crown Heights North","Brooklyn",2.438,17.283333,12.633333,12.1,0.53333336,"observed","valid",true,true,true,false,false,15,3,false,"midday_10_15",2026-07-02 15:00:00.000000,39.1,0,8.3,"dry"
495,"HV0005",2026-07-02 15:23:14.000000,2026-07-02 15:25:42.000000,2026-07-02 15:25:51.000000,2026-07-02 15:40:21.000000,80,"East Williamsburg","Brooklyn",256,"Williamsburg (South Side)","Brooklyn",1.323,14.5,2.6166666,2.4666667,0.15,"observed","valid",true,true,true,false,false,15,3,false,"midday_10_15",2026-07-02 15:00:00.000000,39.1,0,8.3,"dry"
496,"HV0003",2026-07-02 15:26:13.000000,2026-07-02 15:36:55.000000,2026-07-02 15:38:55.000000,2026-07-02 15:55:48.000000,177,"Ocean Hill","Brooklyn",76,"East New York","Brooklyn",2.12,16.883333,12.7,10.7,2,"observed","valid",true,true,true,false,false,15,3,false,"midday_10_15",2026-07-02 15:00:00.000000,39.1,0,8.3,"dry"
497,"HV0003",2026-07-02 16:25:08.000000,2026-07-02 16:27:10.000000,2026-07-02 16:29:10.000000,2026-07-02 16:40:02.000000,90,"Flatiron","Manhattan",68,"East Chelsea","Manhattan",0.66,10.866667,4.0333333,2.0333333,2,"observed","valid",true,true,true,false,false,16,3,false,"pm_peak_16_19",2026-07-02 16:00:00.000000,37.7,0,11.6,"dry"
498,"HV0005",2026-07-02 16:07:15.000000,2026-07-02 16:14:48.000000,2026-07-02 16:14:58.000000,2026-07-02 16:30:14.000000,49,"Clinton Hill","Brooklyn",190,"Prospect Park","Brooklyn",2.865,15.266666,7.7166667,7.55,0.16666667,"observed","valid",true,true,true,false,false,16,3,false,"pm_peak_16_19",2026-07-02 16:00:00.000000,37.7,0,11.6,"dry"
499,"HV0003",2026-07-02 16:22:12.000000,2026-07-02 16:28:46.000000,2026-07-02 16:29:08.000000,2026-07-02 16:41:18.000000,184,"Pelham Bay Park","Bronx",242,"Van Nest/Morris Park","Bronx",2.49,12.166667,6.9333334,6.5666666,0.36666667,"observed","valid",true,true,true,false,false,16,3,false,"pm_peak_16_19",2026-07-02 16:00:00.000000,37.7,0,11.6,"dry"
500,"HV0003",2026-07-02 16:21:24.000000,2026-07-02 16:29:50.000000,2026-07-02 16:29:50.000000,2026-07-02 16:52:03.000000,49,"Clinton Hill","Brooklyn",255,"Williamsburg (North Side)","Brooklyn",2.65,22.216667,8.433333,8.433333,0,"same_as_pickup","valid",true,false,true,false,false,16,3,false,"pm_peak_16_19",2026-07-02 16:00:00.000000,37.7,0,11.6,"dry"
501,"HV0003",2026-07-02 16:52:38.000000,2026-07-02 16:56:50.000000,2026-07-02 16:57:48.000000,2026-07-02 17:04:39.000000,188,"Prospect-Lefferts Gardens","Brooklyn",72,"East Flatbush/Remsen Village","Brooklyn",1.26,6.85,5.1666665,4.2,0.96666664,"observed","valid",true,true,true,false,false,16,3,false,"pm_peak_16_19",2026-07-02 16:00:00.000000,37.7,0,11.6,"dry"
502,"HV0003",2026-07-02 16:42:15.000000,2026-07-02 16:46:19.000000,2026-07-02 16:48:19.000000,2026-07-02 16:58:29.000000,238,"Upper West Side North","Manhattan",166,"Morningside Heights","Manhattan",1.49,10.166667,6.0666666,4.0666666,2,"observed","valid",true,true,true,false,false,16,3,false,"pm_peak_16_19",2026-07-02 16:00:00.000000,37.7,0,11.6,"dry"
503,"HV0003",2026-07-02 16:09:27.000000,2026-07-02 16:14:09.000000,2026-07-02 16:14:21.000000,2026-07-02 16:28:20.000000,188,"Prospect-Lefferts Gardens","Brooklyn",225,"Stuyvesant Heights","Brooklyn",2.45,13.983334,4.9,4.7,0.2,"observed","valid",true,true,true,false,false,16,3,false,"pm_peak_16_19",2026-07-02 16:00:00.000000,37.7,0,11.6,"dry"
504,"HV0003",2026-07-02 16:26:44.000000,2026-07-02 16:27:49.000000,2026-07-02 16:28:16.000000,2026-07-02 16:40:24.000000,142,"Lincoln Square East","Manhattan",236,"Upper East Side North","Manhattan",2.33,12.133333,1.5333333,1.0833334,0.45,"observed","valid",true,true,true,false,false,16,3,false,"pm_peak_16_19",2026-07-02 16:00:00.000000,37.7,0,11.6,"dry"
505,"HV0003",2026-07-02 16:21:42.000000,2026-07-02 16:24:53.000000,2026-07-02 16:27:27.000000,2026-07-02 17:10:04.000000,17,"Bedford","Brooklyn",76,"East New York","Brooklyn",6.45,42.616665,5.75,3.1833334,2.5666666,"observed","valid",true,true,true,false,false,16,3,false,"pm_peak_16_19",2026-07-02 16:00:00.000000,37.7,0,11.6,"dry"
506,"HV0003",2026-07-02 16:48:00.000000,2026-07-02 16:54:20.000000,2026-07-02 16:55:13.000000,2026-07-02 17:29:58.000000,231,"TriBeCa/Civic Center","Manhattan",186,"Penn Station/Madison Sq West","Manhattan",4.7,34.75,7.2166667,6.3333335,0.8833333,"observed","valid",true,true,true,true,false,16,3,false,"pm_peak_16_19",2026-07-02 16:00:00.000000,37.7,0,11.6,"dry"
507,"HV0003",2026-07-02 16:36:32.000000,2026-07-02 16:41:14.000000,2026-07-02 16:41:22.000000,2026-07-02 16:56:36.000000,243,"Washington Heights North","Manhattan",94,"Fordham South","Bronx",2.77,15.233334,4.8333335,4.7,0.13333334,"observed","valid",true,true,true,false,false,16,3,false,"pm_peak_16_19",2026-07-02 16:00:00.000000,37.7,0,11.6,"dry"
508,"HV0003",2026-07-02 16:38:30.000000,2026-07-02 16:40:32.000000,2026-07-02 16:41:25.000000,2026-07-02 16:48:09.000000,92,"Flushing","Queens",53,"College Point","Queens",1.17,6.733333,2.9166667,2.0333333,0.8833333,"observed","valid",true,true,true,false,false,16,3,false,"pm_peak_16_19",2026-07-02 16:00:00.000000,37.7,0,11.6,"dry"
509,"HV0003",2026-07-02 16:23:22.000000,2026-07-02 16:23:33.000000,2026-07-02 16:24:19.000000,2026-07-02 16:34:32.000000,129,"Jackson Heights","Queens",7,"Astoria","Queens",1.95,10.216666,0.95,0.18333334,0.76666665,"observed","valid",true,true,true,false,false,16,3,false,"pm_peak_16_19",2026-07-02 16:00:00.000000,37.7,0,11.6,"dry"
510,"HV0005",2026-07-02 16:09:50.000000,2026-07-02 16:14:52.000000,2026-07-02 16:14:56.000000,2026-07-02 16:30:48.000000,237,"Upper East Side South","Manhattan",50,"Clinton West","Manhattan",2.49,15.866667,5.1,5.0333333,0.06666667,"observed","valid",true,true,true,false,false,16,3,false,"pm_peak_16_19",2026-07-02 16:00:00.000000,37.7,0,11.6,"dry"
511,"HV0005",2026-07-02 16:20:31.000000,2026-07-02 16:23:10.000000,2026-07-02 16:27:15.000000,2026-07-02 16:46:58.000000,246,"West Chelsea/Hudson Yards","Manhattan",170,"Murray Hill","Manhattan",1.818,19.716667,6.733333,2.65,4.0833335,"observed","valid",true,true,true,false,true,16,3,false,"pm_peak_16_19",2026-07-02 16:00:00.000000,37.7,0,11.6,"dry"
512,"HV0003",2026-07-02 16:08:33.000000,2026-07-02 16:10:56.000000,2026-07-02 16:12:56.000000,2026-07-02 16:23:15.000000,63,"Cypress Hills","Brooklyn",76,"East New York","Brooklyn",1.06,10.316667,4.383333,2.3833334,2,"observed","valid",true,true,true,false,false,16,3,false,"pm_peak_16_19",2026-07-02 16:00:00.000000,37.7,0,11.6,"dry"
513,"HV0003",2026-07-02 16:18:54.000000,2026-07-02 16:22:44.000000,2026-07-02 16:23:47.000000,2026-07-02 16:37:44.000000,18,"Bedford Park","Bronx",241,"Van Cortlandt Village","Bronx",1.4,13.95,4.883333,3.8333333,1.05,"observed","valid",true,true,true,false,false,16,3,false,"pm_peak_16_19",2026-07-02 16:00:00.000000,37.7,0,11.6,"dry"
514,"HV0003",2026-07-02 16:07:19.000000,2026-07-02 16:10:30.000000,2026-07-02 16:10:39.000000,2026-07-02 16:22:01.000000,82,"Elmhurst","Queens",83,"Elmhurst/Maspeth","Queens",0.98,11.366667,3.3333333,3.1833334,0.15,"observed","valid",true,true,true,false,false,16,3,false,"pm_peak_16_19",2026-07-02 16:00:00.000000,37.7,0,11.6,"dry"
515,"HV0003",2026-07-02 15:59:38.000000,2026-07-02 16:02:37.000000,2026-07-02 16:02:47.000000,2026-07-02 16:11:43.000000,95,"Forest Hills","Queens",95,"Forest Hills","Queens",1.17,8.933333,3.15,2.9833333,0.16666667,"observed","valid",true,true,true,false,false,15,3,false,"midday_10_15",2026-07-02 15:00:00.000000,39.1,0,8.3,"dry"
516,"HV0003",2026-07-02 16:33:23.000000,2026-07-02 16:36:21.000000,2026-07-02 16:36:59.000000,2026-07-02 16:46:36.000000,157,"Maspeth","Queens",82,"Elmhurst","Queens",1.48,9.616667,3.6,2.9666667,0.6333333,"observed","valid",true,true,true,false,false,16,3,false,"pm_peak_16_19",2026-07-02 16:00:00.000000,37.7,0,11.6,"dry"
517,"HV0005",2026-07-02 17:29:33.000000,2026-07-02 17:34:42.000000,2026-07-02 17:36:55.000000,2026-07-02 17:50:29.000000,218,"Springfield Gardens North","Queens",130,"Jamaica","Queens",2.274,13.566667,7.366667,5.15,2.2166667,"observed","valid",true,true,true,false,false,17,3,false,"pm_peak_16_19",2026-07-02 17:00:00.000000,36.9,0.6,13.3,"light_rain"
518,"HV0003",2026-07-02 17:33:03.000000,2026-07-02 17:46:13.000000,2026-07-02 17:46:29.000000,2026-07-02 17:54:47.000000,86,"Far Rockaway","Queens",265,"Outside of NYC","N/A",1.84,8.3,13.433333,13.166667,0.26666668,"observed","valid",true,true,true,false,false,17,3,false,"pm_peak_16_19",2026-07-02 17:00:00.000000,36.9,0.6,13.3,"light_rain"
519,"HV0005",2026-07-02 17:04:58.000000,2026-07-02 17:08:10.000000,2026-07-02 17:10:38.000000,2026-07-02 17:20:29.000000,139,"Laurelton","Queens",203,"Rosedale","Queens",1.493,9.85,5.6666665,3.2,2.4666667,"observed","valid",true,true,true,false,false,17,3,false,"pm_peak_16_19",2026-07-02 17:00:00.000000,36.9,0.6,13.3,"light_rain"
520,"HV0003",2026-07-02 17:20:03.000000,2026-07-02 17:30:47.000000,2026-07-02 17:32:18.000000,2026-07-02 17:39:04.000000,51,"Co-Op City","Bronx",265,"Outside of NYC","N/A",1.33,6.766667,12.25,10.733334,1.5166667,"observed","valid",true,true,true,false,false,17,3,false,"pm_peak_16_19",2026-07-02 17:00:00.000000,36.9,0.6,13.3,"light_rain"
521,"HV0005",2026-07-02 17:08:30.000000,2026-07-02 17:13:56.000000,2026-07-02 17:14:26.000000,2026-07-02 17:27:09.000000,201,"Rockaway Park","Queens",117,"Hammels/Arverne","Queens",1.7,12.716666,5.9333334,5.4333334,0.5,"observed","valid",true,true,true,false,false,17,3,false,"pm_peak_16_19",2026-07-02 17:00:00.000000,36.9,0.6,13.3,"light_rain"
522,"HV0005",2026-07-02 17:00:25.000000,2026-07-02 17:02:37.000000,2026-07-02 17:02:55.000000,2026-07-02 17:11:11.000000,47,"Claremont/Bathgate","Bronx",18,"Bedford Park","Bronx",0.538,8.266666,2.5,2.2,0.3,"observed","valid",true,true,true,false,false,17,3,false,"pm_peak_16_19",2026-07-02 17:00:00.000000,36.9,0.6,13.3,"light_rain"
523,"HV0003",2026-07-02 17:19:30.000000,2026-07-02 17:20:30.000000,2026-07-02 17:21:20.000000,2026-07-02 17:27:25.000000,129,"Jackson Heights","Queens",223,"Steinway","Queens",1.79,6.0833335,1.8333334,1,0.8333333,"observed","valid",true,true,true,false,false,17,3,false,"pm_peak_16_19",2026-07-02 17:00:00.000000,36.9,0.6,13.3,"light_rain"
524,"HV0005",2026-07-02 16:54:55.000000,2026-07-02 16:58:46.000000,2026-07-02 17:00:04.000000,2026-07-02 17:33:08.000000,97,"Fort Greene","Brooklyn",198,"Ridgewood","Queens",4.258,33.066666,5.15,3.85,1.3,"observed","valid",true,true,true,false,false,16,3,false,"pm_peak_16_19",2026-07-02 16:00:00.000000,37.7,0,11.6,"dry"
525,"HV0003",2026-07-02 17:41:33.000000,2026-07-02 17:46:00.000000,2026-07-02 17:46:23.000000,2026-07-02 17:54:34.000000,90,"Flatiron","Manhattan",186,"Penn Station/Madison Sq West","Manhattan",0.46,8.183333,4.8333335,4.45,0.38333333,"observed","valid",true,true,true,false,false,17,3,false,"pm_peak_16_19",2026-07-02 17:00:00.000000,36.9,0.6,13.3,"light_rain"
526,"HV0003",2026-07-02 17:01:04.000000,2026-07-02 17:04:06.000000,2026-07-02 17:04:18.000000,2026-07-02 17:32:26.000000,141,"Lenox Hill West","Manhattan",100,"Garment District","Manhattan",2.25,28.133333,3.2333333,3.0333333,0.2,"observed","valid",true,true,true,false,false,17,3,false,"pm_peak_16_19",2026-07-02 17:00:00.000000,36.9,0.6,13.3,"light_rain"
527,"HV0003",2026-07-02 17:27:47.000000,2026-07-02 17:36:37.000000,2026-07-02 17:38:15.000000,2026-07-02 17:56:40.000000,261,"World Trade Center","Manhattan",246,"West Chelsea/Hudson Yards","Manhattan",3.76,18.416666,10.466666,8.833333,1.6333333,"observed","valid",true,true,true,false,false,17,3,false,"pm_peak_16_19",2026-07-02 17:00:00.000000,36.9,0.6,13.3,"light_rain"
528,"HV0003",2026-07-02 17:33:30.000000,2026-07-02 17:43:41.000000,2026-07-02 17:44:08.000000,2026-07-02 18:12:29.000000,137,"Kips Bay","Manhattan",100,"Garment District","Manhattan",1.98,28.35,10.633333,10.183333,0.45,"observed","valid",true,true,true,false,false,17,3,false,"pm_peak_16_19",2026-07-02 17:00:00.000000,36.9,0.6,13.3,"light_rain"
529,"HV0003",2026-07-02 17:30:07.000000,2026-07-02 17:33:57.000000,2026-07-02 17:33:57.000000,2026-07-02 17:43:29.000000,48,"Clinton East","Manhattan",230,"Times Sq/Theatre District","Manhattan",0.59,9.533334,3.8333333,3.8333333,0,"same_as_pickup","valid",true,false,true,false,false,17,3,false,"pm_peak_16_19",2026-07-02 17:00:00.000000,36.9,0.6,13.3,"light_rain"
530,"HV0003",2026-07-02 17:27:33.000000,2026-07-02 17:38:57.000000,2026-07-02 17:39:05.000000,2026-07-02 17:47:40.000000,14,"Bay Ridge","Brooklyn",11,"Bath Beach","Brooklyn",1.71,8.583333,11.533334,11.4,0.13333334,"observed","valid",true,true,true,false,false,17,3,false,"pm_peak_16_19",2026-07-02 17:00:00.000000,36.9,0.6,13.3,"light_rain"
531,"HV0003",2026-07-02 17:54:43.000000,2026-07-02 17:58:37.000000,2026-07-02 17:58:49.000000,2026-07-02 18:20:05.000000,228,"Sunset Park West","Brooklyn",189,"Prospect Heights","Brooklyn",3.24,21.266666,4.1,3.9,0.2,"observed","valid",true,true,true,false,false,17,3,false,"pm_peak_16_19",2026-07-02 17:00:00.000000,36.9,0.6,13.3,"light_rain"
532,"HV0003",2026-07-02 17:55:29.000000,2026-07-02 18:02:53.000000,2026-07-02 18:02:53.000000,2026-07-02 18:23:12.000000,126,"Hunts Point","Bronx",236,"Upper East Side North","Manhattan",6.87,20.316668,7.4,7.4,0,"same_as_pickup","valid",true,false,true,false,false,17,3,false,"pm_peak_16_19",2026-07-02 17:00:00.000000,36.9,0.6,13.3,"light_rain"
533,"HV0003",2026-07-02 18:18:30.000000,2026-07-02 18:40:46.000000,2026-07-02 18:41:02.000000,2026-07-02 19:06:41.000000,101,"Glen Oaks","Queens",250,"Westchester Village/Unionport","Bronx",12.91,25.65,22.533333,22.266666,0.26666668,"observed","valid",true,true,true,false,false,18,3,false,"pm_peak_16_19",2026-07-02 18:00:00.000000,35.8,0.2,9.7,"light_rain"
534,"HV0003",2026-07-02 18:26:27.000000,2026-07-02 18:28:49.000000,2026-07-02 18:29:06.000000,2026-07-02 18:37:21.000000,131,"Jamaica Estates","Queens",191,"Queens Village","Queens",1.67,8.25,2.65,2.3666666,0.28333333,"observed","valid",true,true,true,false,false,18,3,false,"pm_peak_16_19",2026-07-02 18:00:00.000000,35.8,0.2,9.7,"light_rain"
535,"HV0003",2026-07-02 18:27:40.000000,2026-07-02 18:29:08.000000,2026-07-02 18:31:08.000000,2026-07-02 18:36:18.000000,218,"Springfield Gardens North","Queens",218,"Springfield Gardens North","Queens",0.43,5.1666665,3.4666667,1.4666667,2,"observed","valid",true,true,true,false,false,18,3,false,"pm_peak_16_19",2026-07-02 18:00:00.000000,35.8,0.2,9.7,"light_rain"
536,"HV0003",2026-07-02 18:13:20.000000,2026-07-02 18:15:27.000000,2026-07-02 18:16:49.000000,2026-07-02 18:52:24.000000,78,"East Tremont","Bronx",170,"Murray Hill","Manhattan",10.73,35.583332,3.4833333,2.1166666,1.3666667,"observed","valid",true,true,true,false,false,18,3,false,"pm_peak_16_19",2026-07-02 18:00:00.000000,35.8,0.2,9.7,"light_rain"
537,"HV0003",2026-07-02 18:03:59.000000,2026-07-02 18:06:59.000000,2026-07-02 18:07:09.000000,2026-07-02 18:14:53.000000,49,"Clinton Hill","Brooklyn",34,"Brooklyn Navy Yard","Brooklyn",1.17,7.733333,3.1666667,3,0.16666667,"observed","valid",true,true,true,false,false,18,3,false,"pm_peak_16_19",2026-07-02 18:00:00.000000,35.8,0.2,9.7,"light_rain"
538,"HV0003",2026-07-02 18:23:06.000000,2026-07-02 18:27:06.000000,2026-07-02 18:27:43.000000,2026-07-02 18:33:42.000000,51,"Co-Op City","Bronx",51,"Co-Op City","Bronx",1.1,5.983333,4.616667,4,0.6166667,"observed","valid",true,true,true,false,false,18,3,false,"pm_peak_16_19",2026-07-02 18:00:00.000000,35.8,0.2,9.7,"light_rain"
539,"HV0005",2026-07-02 18:19:30.000000,2026-07-02 18:41:17.000000,2026-07-02 18:43:19.000000,2026-07-02 19:56:48.000000,176,"Oakwood","Staten Island",132,"JFK Airport","Queens",27.086,73.48333,23.816668,21.783333,2.0333333,"observed","valid",true,true,true,false,false,18,3,false,"pm_peak_16_19",2026-07-02 18:00:00.000000,35.8,0.2,9.7,"light_rain"
540,"HV0005",2026-07-02 18:50:35.000000,2026-07-02 18:52:32.000000,2026-07-02 18:55:03.000000,2026-07-02 19:58:37.000000,246,"West Chelsea/Hudson Yards","Manhattan",265,"Outside of NYC","N/A",22.209,63.566666,4.4666667,1.95,2.5166667,"observed","valid",true,true,true,false,false,18,3,false,"pm_peak_16_19",2026-07-02 18:00:00.000000,35.8,0.2,9.7,"light_rain"
541,"HV0003",2026-07-02 18:21:31.000000,2026-07-02 18:23:46.000000,2026-07-02 18:24:58.000000,2026-07-02 18:34:59.000000,150,"Manhattan Beach","Brooklyn",210,"Sheepshead Bay","Brooklyn",2.95,10.016666,3.45,2.25,1.2,"observed","valid",true,true,true,false,false,18,3,false,"pm_peak_16_19",2026-07-02 18:00:00.000000,35.8,0.2,9.7,"light_rain"
542,"HV0003",2026-07-02 18:23:11.000000,2026-07-02 18:29:59.000000,2026-07-02 18:30:52.000000,2026-07-02 18:35:30.000000,82,"Elmhurst","Queens",82,"Elmhurst","Queens",0.52,4.633333,7.6833334,6.8,0.8833333,"observed","valid",true,true,true,false,false,18,3,false,"pm_peak_16_19",2026-07-02 18:00:00.000000,35.8,0.2,9.7,"light_rain"
543,"HV0005",2026-07-02 18:17:31.000000,2026-07-02 18:21:34.000000,2026-07-02 18:27:28.000000,2026-07-02 18:43:59.000000,143,"Lincoln Square West","Manhattan",158,"Meatpacking/West Village West","Manhattan",4.026,16.516666,9.95,4.05,5.9,"observed","valid",true,true,true,false,true,18,3,false,"pm_peak_16_19",2026-07-02 18:00:00.000000,35.8,0.2,9.7,"light_rain"
544,"HV0003",2026-07-02 18:39:20.000000,2026-07-02 18:42:48.000000,2026-07-02 18:42:58.000000,2026-07-02 18:54:37.000000,37,"Bushwick South","Brooklyn",255,"Williamsburg (North Side)","Brooklyn",1.56,11.65,3.6333334,3.4666667,0.16666667,"observed","valid",true,true,true,false,false,18,3,false,"pm_peak_16_19",2026-07-02 18:00:00.000000,35.8,0.2,9.7,"light_rain"
545,"HV0005",2026-07-02 18:30:49.000000,2026-07-02 18:35:49.000000,2026-07-02 18:35:58.000000,2026-07-02 18:46:23.000000,180,"Ozone Park","Queens",216,"South Ozone Park","Queens",2.467,10.416667,5.15,5,0.15,"observed","valid",true,true,true,false,false,18,3,false,"pm_peak_16_19",2026-07-02 18:00:00.000000,35.8,0.2,9.7,"light_rain"
546,"HV0003",2026-07-02 18:04:02.000000,2026-07-02 18:07:16.000000,2026-07-02 18:07:56.000000,2026-07-02 18:35:49.000000,90,"Flatiron","Manhattan",68,"East Chelsea","Manhattan",1.2,27.883333,3.9,3.2333333,0.6666667,"observed","valid",true,true,true,false,false,18,3,false,"pm_peak_16_19",2026-07-02 18:00:00.000000,35.8,0.2,9.7,"light_rain"
547,"HV0003",2026-07-02 17:46:20.000000,2026-07-02 18:01:41.000000,2026-07-02 18:01:49.000000,2026-07-02 18:33:29.000000,129,"Jackson Heights","Queens",80,"East Williamsburg","Brooklyn",5.94,31.666666,15.483334,15.35,0.13333334,"observed","valid",true,true,true,false,false,17,3,false,"pm_peak_16_19",2026-07-02 17:00:00.000000,36.9,0.6,13.3,"light_rain"
548,"HV0003",2026-07-02 18:24:47.000000,2026-07-02 18:27:21.000000,2026-07-02 18:27:57.000000,2026-07-02 18:36:09.000000,97,"Fort Greene","Brooklyn",17,"Bedford","Brooklyn",1.23,8.2,3.1666667,2.5666666,0.6,"observed","valid",true,true,true,false,false,18,3,false,"pm_peak_16_19",2026-07-02 18:00:00.000000,35.8,0.2,9.7,"light_rain"
549,"HV0003",2026-07-02 18:51:37.000000,2026-07-02 18:57:12.000000,2026-07-02 18:57:25.000000,2026-07-02 19:23:37.000000,234,"Union Sq","Manhattan",196,"Rego Park","Queens",7.86,26.2,5.8,5.5833335,0.21666667,"observed","valid",true,true,true,false,false,18,3,false,"pm_peak_16_19",2026-07-02 18:00:00.000000,35.8,0.2,9.7,"light_rain"
550,"HV0003",2026-07-02 19:39:32.000000,2026-07-02 19:51:13.000000,2026-07-02 19:53:15.000000,2026-07-02 20:26:42.000000,66,"DUMBO/Vinegar Hill","Brooklyn",198,"Ridgewood","Queens",8.16,33.45,13.716666,11.683333,2.0333333,"observed","valid",true,true,true,false,false,19,3,false,"pm_peak_16_19",2026-07-02 19:00:00.000000,35.2,0.1,7.9,"light_rain"
551,"HV0003",2026-07-02 18:56:52.000000,2026-07-02 18:59:41.000000,2026-07-02 19:01:42.000000,2026-07-02 19:26:47.000000,223,"Steinway","Queens",196,"Rego Park","Queens",4.16,25.083334,4.8333335,2.8166666,2.0166667,"observed","valid",true,true,true,false,false,18,3,false,"pm_peak_16_19",2026-07-02 18:00:00.000000,35.8,0.2,9.7,"light_rain"
552,"HV0003",2026-07-02 19:09:59.000000,2026-07-02 19:18:47.000000,2026-07-02 19:20:02.000000,2026-07-02 19:30:42.000000,95,"Forest Hills","Queens",95,"Forest Hills","Queens",0.93,10.666667,10.05,8.8,1.25,"observed","valid",true,true,true,false,false,19,3,false,"pm_peak_16_19",2026-07-02 19:00:00.000000,35.2,0.1,7.9,"light_rain"
553,"HV0005",2026-07-02 19:08:23.000000,2026-07-02 19:13:32.000000,2026-07-02 19:15:15.000000,2026-07-02 19:55:06.000000,177,"Ocean Hill","Brooklyn",55,"Coney Island","Brooklyn",12.665,39.85,6.866667,5.15,1.7166667,"observed","valid",true,true,true,false,false,19,3,false,"pm_peak_16_19",2026-07-02 19:00:00.000000,35.2,0.1,7.9,"light_rain"
554,"HV0003",2026-07-02 19:58:02.000000,2026-07-02 19:59:24.000000,2026-07-02 19:59:36.000000,2026-07-02 20:15:17.000000,87,"Financial District North","Manhattan",79,"East Village","Manhattan",1.81,15.683333,1.5666667,1.3666667,0.2,"observed","valid",true,true,true,false,false,19,3,false,"pm_peak_16_19",2026-07-02 19:00:00.000000,35.2,0.1,7.9,"light_rain"
555,"HV0003",2026-07-02 18:58:02.000000,2026-07-02 19:07:26.000000,2026-07-02 19:07:26.000000,2026-07-02 20:12:44.000000,161,"Midtown Center","Manhattan",265,"Outside of NYC","N/A",19.92,65.3,9.4,9.4,0,"same_as_pickup","valid",true,false,true,false,false,18,3,false,"pm_peak_16_19",2026-07-02 18:00:00.000000,35.8,0.2,9.7,"light_rain"
556,"HV0005",2026-07-02 19:26:23.000000,2026-07-02 19:29:37.000000,2026-07-02 19:34:06.000000,2026-07-02 19:57:42.000000,230,"Times Sq/Theatre District","Manhattan",114,"Greenwich Village South","Manhattan",3.994,23.6,7.7166667,3.2333333,4.483333,"observed","valid",true,true,true,false,true,19,3,false,"pm_peak_16_19",2026-07-02 19:00:00.000000,35.2,0.1,7.9,"light_rain"
557,"HV0003",2026-07-02 19:38:05.000000,2026-07-02 19:40:08.000000,2026-07-02 19:40:27.000000,2026-07-02 19:49:00.000000,45,"Chinatown","Manhattan",232,"Two Bridges/Seward Park","Manhattan",1.14,8.55,2.3666666,2.05,0.31666666,"observed","valid",true,true,true,false,false,19,3,false,"pm_peak_16_19",2026-07-02 19:00:00.000000,35.2,0.1,7.9,"light_rain"
558,"HV0005",2026-07-02 19:15:01.000000,2026-07-02 19:18:28.000000,2026-07-02 19:18:32.000000,2026-07-02 19:32:37.000000,141,"Lenox Hill West","Manhattan",142,"Lincoln Square East","Manhattan",1.637,14.083333,3.5166667,3.45,0.06666667,"observed","valid",true,true,true,false,false,19,3,false,"pm_peak_16_19",2026-07-02 19:00:00.000000,35.2,0.1,7.9,"light_rain"
559,"HV0005",2026-07-02 18:53:35.000000,2026-07-02 18:58:38.000000,2026-07-02 19:02:48.000000,2026-07-02 19:30:52.000000,159,"Melrose South","Bronx",254,"Williamsbridge/Olinville","Bronx",7.711,28.066668,9.216666,5.05,4.1666665,"observed","valid",true,true,true,false,true,18,3,false,"pm_peak_16_19",2026-07-02 18:00:00.000000,35.8,0.2,9.7,"light_rain"
560,"HV0003",2026-07-02 19:38:42.000000,2026-07-02 19:46:06.000000,2026-07-02 19:48:06.000000,2026-07-02 20:09:33.000000,213,"Soundview/Castle Hill","Bronx",75,"East Harlem South","Manhattan",6.29,21.45,9.4,7.4,2,"observed","valid",true,true,true,false,false,19,3,false,"pm_peak_16_19",2026-07-02 19:00:00.000000,35.2,0.1,7.9,"light_rain"
561,"HV0005",2026-07-02 19:49:03.000000,2026-07-02 19:55:35.000000,2026-07-02 19:55:37.000000,2026-07-02 20:07:35.000000,7,"Astoria","Queens",226,"Sunnyside","Queens",2.102,11.966666,6.5666666,6.5333333,0.033333335,"observed","valid",true,true,true,false,false,19,3,false,"pm_peak_16_19",2026-07-02 19:00:00.000000,35.2,0.1,7.9,"light_rain"
562,"HV0003",2026-07-02 19:24:37.000000,2026-07-02 19:28:25.000000,2026-07-02 19:28:39.000000,2026-07-02 19:39:15.000000,198,"Ridgewood","Queens",160,"Middle Village","Queens",1.98,10.6,4.0333333,3.8,0.23333333,"observed","valid",true,true,true,false,false,19,3,false,"pm_peak_16_19",2026-07-02 19:00:00.000000,35.2,0.1,7.9,"light_rain"
563,"HV0003",2026-07-02 19:36:52.000000,2026-07-02 19:37:32.000000,2026-07-02 19:39:06.000000,2026-07-02 21:39:13.000000,230,"Times Sq/Theatre District","Manhattan",265,"Outside of NYC","N/A",50.01,120.11667,2.2333333,0.6666667,1.5666667,"observed","valid",true,true,true,false,false,19,3,false,"pm_peak_16_19",2026-07-02 19:00:00.000000,35.2,0.1,7.9,"light_rain"
564,"HV0005",2026-07-02 19:47:13.000000,2026-07-02 19:50:00.000000,2026-07-02 19:52:32.000000,2026-07-02 20:09:21.000000,129,"Jackson Heights","Queens",82,"Elmhurst","Queens",1.973,16.816668,5.3166666,2.7833333,2.5333333,"observed","valid",true,true,true,false,false,19,3,false,"pm_peak_16_19",2026-07-02 19:00:00.000000,35.2,0.1,7.9,"light_rain"
565,"HV0005",2026-07-02 19:32:40.000000,2026-07-02 19:33:32.000000,2026-07-02 19:34:42.000000,2026-07-02 19:42:22.000000,255,"Williamsburg (North Side)","Brooklyn",217,"South Williamsburg","Brooklyn",0.936,7.6666665,2.0333333,0.8666667,1.1666666,"observed","valid",true,true,true,false,false,19,3,false,"pm_peak_16_19",2026-07-02 19:00:00.000000,35.2,0.1,7.9,"light_rain"
566,"HV0003",2026-07-02 19:47:25.000000,2026-07-02 19:51:24.000000,2026-07-02 19:51:24.000000,2026-07-02 20:00:18.000000,237,"Upper East Side South","Manhattan",239,"Upper West Side South","Manhattan",1.7,8.9,3.9833333,3.9833333,0,"same_as_pickup","valid",true,false,true,false,false,19,3,false,"pm_peak_16_19",2026-07-02 19:00:00.000000,35.2,0.1,7.9,"light_rain"
567,"HV0005",2026-07-02 20:02:00.000000,2026-07-02 19:18:37.000000,2026-07-02 19:20:12.000000,2026-07-02 20:06:57.000000,138,"LaGuardia Airport","Queens",265,"Outside of NYC","N/A",16.738,46.75,-41.8,-43.383335,1.5833334,"before_request","pickup_before_request",false,false,false,true,false,20,3,false,"evening_20_23",2026-07-02 20:00:00.000000,36.4,0,13.1,"dry"
568,"HV0005",2026-07-02 19:32:41.000000,2026-07-02 19:37:46.000000,2026-07-02 19:38:33.000000,2026-07-02 19:43:48.000000,246,"West Chelsea/Hudson Yards","Manhattan",246,"West Chelsea/Hudson Yards","Manhattan",1.304,5.25,5.866667,5.0833335,0.78333336,"observed","valid",true,true,true,false,false,19,3,false,"pm_peak_16_19",2026-07-02 19:00:00.000000,35.2,0.1,7.9,"light_rain"
569,"HV0003",2026-07-02 19:33:57.000000,2026-07-02 19:36:43.000000,2026-07-02 19:37:39.000000,2026-07-02 19:46:38.000000,39,"Canarsie","Brooklyn",72,"East Flatbush/Remsen Village","Brooklyn",1.36,8.983334,3.7,2.7666667,0.93333334,"observed","valid",true,true,true,false,false,19,3,false,"pm_peak_16_19",2026-07-02 19:00:00.000000,35.2,0.1,7.9,"light_rain"
570,"HV0005",2026-07-02 20:42:48.000000,2026-07-02 20:44:30.000000,2026-07-02 20:48:26.000000,2026-07-02 20:52:42.000000,145,"Long Island City/Hunters Point","Queens",145,"Long Island City/Hunters Point","Queens",0.667,4.266667,5.633333,1.7,3.9333334,"observed","valid",true,true,true,false,true,20,3,false,"evening_20_23",2026-07-02 20:00:00.000000,36.4,0,13.1,"dry"
571,"HV0003",2026-07-02 20:09:19.000000,2026-07-02 20:11:04.000000,2026-07-02 20:11:14.000000,2026-07-02 20:28:35.000000,145,"Long Island City/Hunters Point","Queens",256,"Williamsburg (South Side)","Brooklyn",6.09,17.35,1.9166666,1.75,0.16666667,"observed","valid",true,true,true,false,false,20,3,false,"evening_20_23",2026-07-02 20:00:00.000000,36.4,0,13.1,"dry"
572,"HV0005",2026-07-02 20:29:00.000000,2026-07-02 20:31:15.000000,2026-07-02 20:31:37.000000,2026-07-02 20:41:23.000000,222,"Starrett City","Brooklyn",39,"Canarsie","Brooklyn",2.728,9.766666,2.6166666,2.25,0.36666667,"observed","valid",true,true,true,true,false,20,3,false,"evening_20_23",2026-07-02 20:00:00.000000,36.4,0,13.1,"dry"
573,"HV0005",2026-07-02 20:41:20.000000,2026-07-02 20:42:35.000000,2026-07-02 20:42:58.000000,2026-07-02 20:49:53.000000,124,"Howard Beach","Queens",124,"Howard Beach","Queens",1.358,6.9166665,1.6333333,1.25,0.38333333,"observed","valid",true,true,true,false,false,20,3,false,"evening_20_23",2026-07-02 20:00:00.000000,36.4,0,13.1,"dry"
574,"HV0005",2026-07-02 20:45:40.000000,2026-07-02 20:48:12.000000,2026-07-02 20:48:21.000000,2026-07-02 21:03:24.000000,112,"Greenpoint","Brooklyn",157,"Maspeth","Queens",3.775,15.05,2.6833334,2.5333333,0.15,"observed","valid",true,true,true,false,false,20,3,false,"evening_20_23",2026-07-02 20:00:00.000000,36.4,0,13.1,"dry"
575,"HV0003",2026-07-02 20:32:52.000000,2026-07-02 20:35:53.000000,2026-07-02 20:37:50.000000,2026-07-02 20:43:35.000000,220,"Spuyten Duyvil/Kingsbridge","Bronx",220,"Spuyten Duyvil/Kingsbridge","Bronx",0.84,5.75,4.9666667,3.0166667,1.95,"observed","valid",true,true,true,false,false,20,3,false,"evening_20_23",2026-07-02 20:00:00.000000,36.4,0,13.1,"dry"
576,"HV0003",2026-07-02 20:23:40.000000,2026-07-02 20:25:25.000000,2026-07-02 20:25:25.000000,2026-07-02 20:38:35.000000,173,"North Corona","Queens",82,"Elmhurst","Queens",3.39,13.166667,1.75,1.75,0,"same_as_pickup","valid",true,false,true,false,false,20,3,false,"evening_20_23",2026-07-02 20:00:00.000000,36.4,0,13.1,"dry"
577,"HV0003",2026-07-02 20:03:05.000000,2026-07-02 20:07:08.000000,2026-07-02 20:07:48.000000,2026-07-02 20:54:16.000000,17,"Bedford","Brooklyn",132,"JFK Airport","Queens",11,46.466667,4.7166667,4.05,0.6666667,"observed","valid",true,true,true,false,false,20,3,false,"evening_20_23",2026-07-02 20:00:00.000000,36.4,0,13.1,"dry"
578,"HV0003",2026-07-02 19:56:32.000000,2026-07-02 20:01:09.000000,2026-07-02 20:01:18.000000,2026-07-02 20:07:03.000000,173,"North Corona","Queens",82,"Elmhurst","Queens",1.15,5.75,4.766667,4.616667,0.15,"observed","valid",true,true,true,false,false,19,3,false,"pm_peak_16_19",2026-07-02 19:00:00.000000,35.2,0.1,7.9,"light_rain"
579,"HV0003",2026-07-02 20:29:09.000000,2026-07-02 20:33:08.000000,2026-07-02 20:35:08.000000,2026-07-02 21:11:33.000000,39,"Canarsie","Brooklyn",188,"Prospect-Lefferts Gardens","Brooklyn",6.64,36.416668,5.983333,3.9833333,2,"observed","valid",true,true,true,false,false,20,3,false,"evening_20_23",2026-07-02 20:00:00.000000,36.4,0,13.1,"dry"
580,"HV0005",2026-07-02 20:28:47.000000,2026-07-02 20:33:26.000000,2026-07-02 20:35:40.000000,2026-07-02 20:38:58.000000,14,"Bay Ridge","Brooklyn",14,"Bay Ridge","Brooklyn",0.765,3.3,6.883333,4.65,2.2333333,"observed","valid",true,true,true,false,false,20,3,false,"evening_20_23",2026-07-02 20:00:00.000000,36.4,0,13.1,"dry"
581,"HV0003",2026-07-02 20:02:19.000000,2026-07-02 20:03:12.000000,2026-07-02 20:05:11.000000,2026-07-02 20:52:09.000000,89,"Flatbush/Ditmas Park","Brooklyn",89,"Flatbush/Ditmas Park","Brooklyn",8.03,46.966667,2.8666666,0.8833333,1.9833333,"observed","valid",true,true,true,false,false,20,3,false,"evening_20_23",2026-07-02 20:00:00.000000,36.4,0,13.1,"dry"
582,"HV0005",2026-07-02 20:01:55.000000,2026-07-02 20:03:09.000000,2026-07-02 20:06:32.000000,2026-07-02 20:12:35.000000,263,"Yorkville West","Manhattan",75,"East Harlem South","Manhattan",1.098,6.05,4.616667,1.2333333,3.3833334,"observed","valid",true,true,true,false,true,20,3,false,"evening_20_23",2026-07-02 20:00:00.000000,36.4,0,13.1,"dry"
583,"HV0003",2026-07-02 20:07:44.000000,2026-07-02 20:08:53.000000,2026-07-02 20:10:53.000000,2026-07-02 21:01:24.000000,163,"Midtown North","Manhattan",1,"Newark Airport","EWR",17.61,50.516666,3.15,1.15,2,"observed","valid",true,true,true,false,false,20,3,false,"evening_20_23",2026-07-02 20:00:00.000000,36.4,0,13.1,"dry"
584,"HV0003",2026-07-02 20:46:54.000000,2026-07-02 20:50:13.000000,2026-07-02 20:51:02.000000,2026-07-02 21:11:48.000000,226,"Sunnyside","Queens",82,"Elmhurst","Queens",3.24,20.766666,4.133333,3.3166666,0.81666666,"observed","valid",true,true,true,false,false,20,3,false,"evening_20_23",2026-07-02 20:00:00.000000,36.4,0,13.1,"dry"
585,"HV0003",2026-07-02 20:02:39.000000,2026-07-02 20:05:07.000000,2026-07-02 20:05:32.000000,2026-07-02 20:08:03.000000,69,"East Concourse/Concourse Village","Bronx",69,"East Concourse/Concourse Village","Bronx",0.37,2.5166667,2.8833334,2.4666667,0.41666666,"observed","valid",true,true,true,false,false,20,3,false,"evening_20_23",2026-07-02 20:00:00.000000,36.4,0,13.1,"dry"
586,"HV0003",2026-07-02 20:49:54.000000,2026-07-02 20:57:43.000000,2026-07-02 20:59:43.000000,2026-07-02 21:14:58.000000,102,"Glendale","Queens",258,"Woodhaven","Queens",2.38,15.25,9.816667,7.8166666,2,"observed","valid",true,true,true,false,false,20,3,false,"evening_20_23",2026-07-02 20:00:00.000000,36.4,0,13.1,"dry"
587,"HV0003",2026-07-02 20:55:14.000000,2026-07-02 20:56:08.000000,2026-07-02 20:56:13.000000,2026-07-02 21:04:11.000000,37,"Bushwick South","Brooklyn",37,"Bushwick South","Brooklyn",1.18,7.9666667,0.98333335,0.9,0.083333336,"observed","valid",true,true,true,false,false,20,3,false,"evening_20_23",2026-07-02 20:00:00.000000,36.4,0,13.1,"dry"
588,"HV0003",2026-07-02 20:28:08.000000,2026-07-02 20:28:50.000000,2026-07-02 20:29:55.000000,2026-07-02 21:07:21.000000,161,"Midtown Center","Manhattan",89,"Flatbush/Ditmas Park","Brooklyn",12.32,37.433334,1.7833333,0.7,1.0833334,"observed","valid",true,true,true,false,false,20,3,false,"evening_20_23",2026-07-02 20:00:00.000000,36.4,0,13.1,"dry"
589,"HV0003",2026-07-02 21:07:46.000000,2026-07-02 21:09:50.000000,2026-07-02 21:10:06.000000,2026-07-02 21:16:01.000000,97,"Fort Greene","Brooklyn",17,"Bedford","Brooklyn",1.22,5.9166665,2.3333333,2.0666666,0.26666668,"observed","valid",true,true,true,false,false,21,3,false,"evening_20_23",2026-07-02 21:00:00.000000,35.4,0,12.1,"dry"
590,"HV0003",2026-07-02 21:13:26.000000,2026-07-02 21:18:15.000000,2026-07-02 21:18:43.000000,2026-07-02 21:22:02.000000,157,"Maspeth","Queens",157,"Maspeth","Queens",0.48,3.3166666,5.2833333,4.8166666,0.46666667,"observed","valid",true,true,true,false,false,21,3,false,"evening_20_23",2026-07-02 21:00:00.000000,35.4,0,12.1,"dry"
591,"HV0003",2026-07-02 20:54:59.000000,2026-07-02 20:58:29.000000,2026-07-02 21:00:28.000000,2026-07-02 21:11:03.000000,174,"Norwood","Bronx",81,"Eastchester","Bronx",1.98,10.583333,5.483333,3.5,1.9833333,"observed","valid",true,true,true,false,false,20,3,false,"evening_20_23",2026-07-02 20:00:00.000000,36.4,0,13.1,"dry"
592,"HV0003",2026-07-02 21:30:12.000000,2026-07-02 21:32:07.000000,2026-07-02 21:32:28.000000,2026-07-02 21:47:04.000000,68,"East Chelsea","Manhattan",143,"Lincoln Square West","Manhattan",2.01,14.6,2.2666667,1.9166666,0.35,"observed","valid",true,true,true,false,false,21,3,false,"evening_20_23",2026-07-02 21:00:00.000000,35.4,0,12.1,"dry"
593,"HV0003",2026-07-02 21:39:15.000000,2026-07-02 21:45:58.000000,2026-07-02 21:46:18.000000,2026-07-02 22:02:39.000000,166,"Morningside Heights","Manhattan",74,"East Harlem North","Manhattan",3.28,16.35,7.05,6.7166667,0.33333334,"observed","valid",true,true,true,false,false,21,3,false,"evening_20_23",2026-07-02 21:00:00.000000,35.4,0,12.1,"dry"
594,"HV0003",2026-07-02 21:30:53.000000,2026-07-02 21:34:23.000000,2026-07-02 21:35:11.000000,2026-07-02 21:41:25.000000,246,"West Chelsea/Hudson Yards","Manhattan",158,"Meatpacking/West Village West","Manhattan",0.92,6.233333,4.3,3.5,0.8,"observed","valid",true,true,true,false,false,21,3,false,"evening_20_23",2026-07-02 21:00:00.000000,35.4,0,12.1,"dry"
595,"HV0005",2026-07-02 21:43:33.000000,2026-07-02 21:47:14.000000,2026-07-02 21:47:21.000000,2026-07-02 21:56:14.000000,62,"Crown Heights South","Brooklyn",61,"Crown Heights North","Brooklyn",1.236,8.883333,3.8,3.6833334,0.11666667,"observed","valid",true,true,true,false,false,21,3,false,"evening_20_23",2026-07-02 21:00:00.000000,35.4,0,12.1,"dry"
596,"HV0005",2026-07-02 21:43:11.000000,2026-07-02 21:50:05.000000,2026-07-02 21:50:27.000000,2026-07-02 22:05:34.000000,41,"Central Harlem","Manhattan",69,"East Concourse/Concourse Village","Bronx",2.801,15.116667,7.266667,6.9,0.36666667,"observed","valid",true,true,true,false,false,21,3,false,"evening_20_23",2026-07-02 21:00:00.000000,35.4,0,12.1,"dry"
597,"HV0003",2026-07-02 21:32:24.000000,2026-07-02 21:33:13.000000,2026-07-02 21:33:28.000000,2026-07-02 22:20:43.000000,259,"Woodlawn/Wakefield","Bronx",265,"Outside of NYC","N/A",21.03,47.25,1.0666667,0.81666666,0.25,"observed","valid",true,true,true,false,false,21,3,false,"evening_20_23",2026-07-02 21:00:00.000000,35.4,0,12.1,"dry"
598,"HV0003",2026-07-02 21:35:14.000000,2026-07-02 21:36:32.000000,2026-07-02 21:36:37.000000,2026-07-02 21:52:06.000000,112,"Greenpoint","Brooklyn",107,"Gramercy","Manhattan",3.7,15.483334,1.3833333,1.3,0.083333336,"observed","valid",true,true,true,false,false,21,3,false,"evening_20_23",2026-07-02 21:00:00.000000,35.4,0,12.1,"dry"
599,"HV0005",2026-07-02 21:11:14.000000,2026-07-02 21:17:02.000000,2026-07-02 21:19:32.000000,2026-07-02 21:41:59.000000,213,"Soundview/Castle Hill","Bronx",69,"East Concourse/Concourse Village","Bronx",3.987,22.45,8.3,5.8,2.5,"observed","valid",true,true,true,false,false,21,3,false,"evening_20_23",2026-07-02 21:00:00.000000,35.4,0,12.1,"dry"
600,"HV0003",2026-07-02 21:07:29.000000,2026-07-02 21:11:18.000000,2026-07-02 21:11:50.000000,2026-07-02 21:22:09.000000,196,"Rego Park","Queens",95,"Forest Hills","Queens",1.16,10.316667,4.35,3.8166666,0.53333336,"observed","valid",true,true,true,false,false,21,3,false,"evening_20_23",2026-07-02 21:00:00.000000,35.4,0,12.1,"dry"
601,"HV0003",2026-07-02 21:35:20.000000,2026-07-02 21:43:46.000000,2026-07-02 21:44:50.000000,2026-07-02 21:57:46.000000,162,"Midtown East","Manhattan",263,"Yorkville West","Manhattan",2.4,12.933333,9.5,8.433333,1.0666667,"observed","valid",true,true,true,false,false,21,3,false,"evening_20_23",2026-07-02 21:00:00.000000,35.4,0,12.1,"dry"
602,"HV0003",2026-07-02 21:47:19.000000,2026-07-02 21:48:23.000000,2026-07-02 21:50:25.000000,2026-07-02 21:59:25.000000,174,"Norwood","Bronx",32,"Bronxdale","Bronx",2.93,9,3.1,1.0666667,2.0333333,"observed","valid",true,true,true,false,false,21,3,false,"evening_20_23",2026-07-02 21:00:00.000000,35.4,0,12.1,"dry"
603,"HV0003",2026-07-02 22:28:20.000000,2026-07-02 22:31:53.000000,2026-07-02 22:32:12.000000,2026-07-02 22:38:28.000000,82,"Elmhurst","Queens",157,"Maspeth","Queens",1.23,6.266667,3.8666666,3.55,0.31666666,"observed","valid",true,true,true,false,false,22,3,false,"evening_20_23",2026-07-02 22:00:00.000000,33.8,0,7.7,"dry"
604,"HV0003",2026-07-02 22:53:14.000000,2026-07-02 22:56:23.000000,2026-07-02 22:58:23.000000,2026-07-02 23:06:00.000000,213,"Soundview/Castle Hill","Bronx",213,"Soundview/Castle Hill","Bronx",0.9,7.616667,5.15,3.15,2,"observed","valid",true,true,true,false,false,22,3,false,"evening_20_23",2026-07-02 22:00:00.000000,33.8,0,7.7,"dry"
605,"HV0005",2026-07-02 22:22:16.000000,2026-07-02 22:25:08.000000,2026-07-02 22:25:22.000000,2026-07-02 22:43:02.000000,151,"Manhattan Valley","Manhattan",140,"Lenox Hill East","Manhattan",3.607,17.666666,3.1,2.8666666,0.23333333,"observed","valid",true,true,true,false,false,22,3,false,"evening_20_23",2026-07-02 22:00:00.000000,33.8,0,7.7,"dry"
606,"HV0003",2026-07-02 22:14:54.000000,2026-07-02 22:20:25.000000,2026-07-02 22:21:41.000000,2026-07-02 22:30:32.000000,242,"Van Nest/Morris Park","Bronx",213,"Soundview/Castle Hill","Bronx",1.99,8.85,6.7833333,5.516667,1.2666667,"observed","valid",true,true,true,false,false,22,3,false,"evening_20_23",2026-07-02 22:00:00.000000,33.8,0,7.7,"dry"
607,"HV0005",2026-07-02 22:33:50.000000,2026-07-02 22:36:54.000000,2026-07-02 22:37:22.000000,2026-07-02 22:52:53.000000,37,"Bushwick South","Brooklyn",72,"East Flatbush/Remsen Village","Brooklyn",3.606,15.516666,3.5333333,3.0666666,0.46666667,"observed","valid",true,true,true,false,false,22,3,false,"evening_20_23",2026-07-02 22:00:00.000000,33.8,0,7.7,"dry"
608,"HV0003",2026-07-02 22:39:59.000000,2026-07-02 22:43:50.000000,2026-07-02 22:45:51.000000,2026-07-02 23:14:45.000000,33,"Brooklyn Heights","Brooklyn",87,"Financial District North","Manhattan",6.03,28.9,5.866667,3.85,2.0166667,"observed","valid",true,true,true,false,false,22,3,false,"evening_20_23",2026-07-02 22:00:00.000000,33.8,0,7.7,"dry"
609,"HV0005",2026-07-02 22:45:26.000000,2026-07-02 22:52:49.000000,2026-07-02 22:53:28.000000,2026-07-02 23:15:07.000000,74,"East Harlem North","Manhattan",193,"Queensbridge/Ravenswood","Queens",5.527,21.65,8.033334,7.383333,0.65,"observed","valid",true,true,true,false,false,22,3,false,"evening_20_23",2026-07-02 22:00:00.000000,33.8,0,7.7,"dry"
610,"HV0003",2026-07-02 22:07:00.000000,2026-07-02 22:14:59.000000,2026-07-02 22:16:20.000000,2026-07-02 22:35:02.000000,151,"Manhattan Valley","Manhattan",243,"Washington Heights North","Manhattan",7.24,18.7,9.333333,7.983333,1.35,"observed","valid",true,true,true,true,false,22,3,false,"evening_20_23",2026-07-02 22:00:00.000000,33.8,0,7.7,"dry"
611,"HV0003",2026-07-02 22:10:43.000000,2026-07-02 22:15:25.000000,2026-07-02 22:15:31.000000,2026-07-02 22:21:53.000000,89,"Flatbush/Ditmas Park","Brooklyn",165,"Midwood","Brooklyn",1.38,6.366667,4.8,4.7,0.1,"observed","valid",true,true,true,false,false,22,3,false,"evening_20_23",2026-07-02 22:00:00.000000,33.8,0,7.7,"dry"
612,"HV0003",2026-07-02 22:30:42.000000,2026-07-02 22:43:06.000000,2026-07-02 22:43:06.000000,2026-07-02 23:47:39.000000,55,"Coney Island","Brooklyn",265,"Outside of NYC","N/A",26.08,64.55,12.4,12.4,0,"same_as_pickup","valid",true,false,true,false,false,22,3,false,"evening_20_23",2026-07-02 22:00:00.000000,33.8,0,7.7,"dry"
613,"HV0003",2026-07-02 22:07:08.000000,2026-07-02 22:08:01.000000,2026-07-02 22:09:11.000000,2026-07-02 22:15:27.000000,155,"Marine Park/Mill Basin","Brooklyn",91,"Flatlands","Brooklyn",1.1,6.266667,2.05,0.8833333,1.1666666,"observed","valid",true,true,true,false,false,22,3,false,"evening_20_23",2026-07-02 22:00:00.000000,33.8,0,7.7,"dry"
614,"HV0003",2026-07-02 22:18:03.000000,2026-07-02 22:19:24.000000,2026-07-02 22:21:24.000000,2026-07-02 22:37:52.000000,17,"Bedford","Brooklyn",35,"Brownsville","Brooklyn",2.45,16.466667,3.35,1.35,2,"observed","valid",true,true,true,false,false,22,3,false,"evening_20_23",2026-07-02 22:00:00.000000,33.8,0,7.7,"dry"
615,"HV0003",2026-07-02 22:58:39.000000,2026-07-02 23:05:23.000000,2026-07-02 23:06:17.000000,2026-07-02 23:12:50.000000,236,"Upper East Side North","Manhattan",75,"East Harlem South","Manhattan",0.94,6.55,7.633333,6.733333,0.9,"observed","valid",true,true,true,false,false,22,3,false,"evening_20_23",2026-07-02 22:00:00.000000,33.8,0,7.7,"dry"
616,"HV0005",2026-07-02 23:11:44.000000,2026-07-02 23:14:54.000000,2026-07-02 23:15:05.000000,2026-07-02 23:23:54.000000,95,"Forest Hills","Queens",160,"Middle Village","Queens",1.395,8.816667,3.35,3.1666667,0.18333334,"observed","valid",true,true,true,false,false,23,3,false,"evening_20_23",2026-07-02 23:00:00.000000,32.7,0,7,"dry"
617,"HV0005",2026-07-02 23:08:47.000000,2026-07-02 23:11:16.000000,2026-07-02 23:11:26.000000,2026-07-02 23:18:32.000000,61,"Crown Heights North","Brooklyn",35,"Brownsville","Brooklyn",1.755,7.1,2.65,2.4833333,0.16666667,"observed","valid",true,true,true,false,false,23,3,false,"evening_20_23",2026-07-02 23:00:00.000000,32.7,0,7,"dry"
618,"HV0003",2026-07-02 23:01:35.000000,2026-07-02 23:03:52.000000,2026-07-02 23:04:12.000000,2026-07-02 23:17:22.000000,114,"Greenwich Village South","Manhattan",68,"East Chelsea","Manhattan",1.75,13.166667,2.6166666,2.2833333,0.33333334,"observed","valid",true,true,true,false,false,23,3,false,"evening_20_23",2026-07-02 23:00:00.000000,32.7,0,7,"dry"
619,"HV0005",2026-07-02 23:21:05.000000,2026-07-02 23:22:26.000000,2026-07-02 23:24:42.000000,2026-07-02 23:33:43.000000,113,"Greenwich Village North","Manhattan",211,"SoHo","Manhattan",1.098,9.016666,3.6166666,1.35,2.2666667,"observed","valid",true,true,true,false,false,23,3,false,"evening_20_23",2026-07-02 23:00:00.000000,32.7,0,7,"dry"
620,"HV0005",2026-07-02 23:50:13.000000,2026-07-02 23:50:29.000000,2026-07-02 23:51:23.000000,2026-07-03 00:05:54.000000,148,"Lower East Side","Manhattan",181,"Park Slope","Brooklyn",3.248,14.516666,1.1666666,0.26666668,0.9,"observed","valid",true,true,true,false,false,23,3,false,"evening_20_23",2026-07-02 23:00:00.000000,32.7,0,7,"dry"
621,"HV0005",2026-07-02 23:15:51.000000,2026-07-02 23:19:12.000000,2026-07-02 23:19:45.000000,2026-07-02 23:27:44.000000,95,"Forest Hills","Queens",258,"Woodhaven","Queens",2.112,7.983333,3.9,3.35,0.55,"observed","valid",true,true,true,false,false,23,3,false,"evening_20_23",2026-07-02 23:00:00.000000,32.7,0,7,"dry"
622,"HV0005",2026-07-02 23:17:32.000000,2026-07-02 23:20:24.000000,2026-07-02 23:20:35.000000,2026-07-02 23:22:57.000000,17,"Bedford","Brooklyn",17,"Bedford","Brooklyn",0.47,2.3666666,3.05,2.8666666,0.18333334,"observed","valid",true,true,true,false,false,23,3,false,"evening_20_23",2026-07-02 23:00:00.000000,32.7,0,7,"dry"
623,"HV0003",2026-07-02 23:36:15.000000,2026-07-02 23:37:47.000000,2026-07-02 23:38:38.000000,2026-07-02 23:48:15.000000,80,"East Williamsburg","Brooklyn",49,"Clinton Hill","Brooklyn",2.41,9.616667,2.3833334,1.5333333,0.85,"observed","valid",true,true,true,false,false,23,3,false,"evening_20_23",2026-07-02 23:00:00.000000,32.7,0,7,"dry"
624,"HV0003",2026-07-02 22:59:14.000000,2026-07-02 23:06:23.000000,2026-07-02 23:08:24.000000,2026-07-02 23:12:04.000000,122,"Hollis","Queens",191,"Queens Village","Queens",0.77,3.6666667,9.166667,7.15,2.0166667,"observed","valid",true,true,true,false,false,22,3,false,"evening_20_23",2026-07-02 22:00:00.000000,33.8,0,7.7,"dry"
625,"HV0005",2026-07-02 23:24:20.000000,2026-07-02 23:25:20.000000,2026-07-02 23:26:06.000000,2026-07-02 23:30:58.000000,205,"Saint Albans","Queens",219,"Springfield Gardens South","Queens",1.287,4.866667,1.7666667,1,0.76666665,"observed","valid",true,true,true,false,false,23,3,false,"evening_20_23",2026-07-02 23:00:00.000000,32.7,0,7,"dry"
626,"HV0003",2026-07-02 23:38:16.000000,2026-07-02 23:42:07.000000,2026-07-02 23:42:14.000000,2026-07-02 23:56:31.000000,148,"Lower East Side","Manhattan",80,"East Williamsburg","Brooklyn",2.73,14.283334,3.9666667,3.85,0.11666667,"observed","valid",true,true,true,false,false,23,3,false,"evening_20_23",2026-07-02 23:00:00.000000,32.7,0,7,"dry"
627,"HV0003",2026-07-03 00:40:09.000000,2026-07-03 00:44:10.000000,2026-07-03 00:44:39.000000,2026-07-03 01:06:36.000000,82,"Elmhurst","Queens",7,"Astoria","Queens",3.28,21.95,4.5,4.016667,0.48333332,"observed","valid",true,true,true,false,false,0,4,false,"overnight_00_05",2026-07-03 00:00:00.000000,32.3,0,9.7,"dry"
628,"HV0003",2026-07-03 00:25:15.000000,2026-07-03 00:29:14.000000,2026-07-03 00:30:00.000000,2026-07-03 00:48:58.000000,223,"Steinway","Queens",130,"Jamaica","Queens",10.41,18.966667,4.75,3.9833333,0.76666665,"observed","valid",true,true,true,false,false,0,4,false,"overnight_00_05",2026-07-03 00:00:00.000000,32.3,0,9.7,"dry"
629,"HV0003",2026-07-03 00:05:50.000000,2026-07-03 00:11:35.000000,2026-07-03 00:11:46.000000,2026-07-03 00:17:24.000000,92,"Flushing","Queens",92,"Flushing","Queens",0.77,5.633333,5.9333334,5.75,0.18333334,"observed","valid",true,true,true,false,false,0,4,false,"overnight_00_05",2026-07-03 00:00:00.000000,32.3,0,9.7,"dry"
630,"HV0003",2026-07-03 00:00:08.000000,2026-07-03 00:03:02.000000,2026-07-03 00:05:03.000000,2026-07-03 00:20:11.000000,32,"Bronxdale","Bronx",235,"University Heights/Morris Heights","Bronx",6.11,15.133333,4.9166665,2.9,2.0166667,"observed","valid",true,true,true,false,false,0,4,false,"overnight_00_05",2026-07-03 00:00:00.000000,32.3,0,9.7,"dry"
631,"HV0003",2026-07-03 00:40:38.000000,2026-07-03 00:43:29.000000,2026-07-03 00:44:40.000000,2026-07-03 00:55:48.000000,171,"Murray Hill-Queens","Queens",15,"Bay Terrace/Fort Totten","Queens",2.69,11.133333,4.0333333,2.85,1.1833333,"observed","valid",true,true,true,false,false,0,4,false,"overnight_00_05",2026-07-03 00:00:00.000000,32.3,0,9.7,"dry"
632,"HV0003",2026-07-03 00:09:26.000000,2026-07-03 00:21:15.000000,2026-07-03 00:23:16.000000,2026-07-03 00:38:38.000000,41,"Central Harlem","Manhattan",42,"Central Harlem North","Manhattan",2.14,15.366667,13.833333,11.816667,2.0166667,"observed","valid",true,true,true,false,false,0,4,false,"overnight_00_05",2026-07-03 00:00:00.000000,32.3,0,9.7,"dry"
633,"HV0005",2026-07-03 00:31:01.000000,2026-07-03 00:31:16.000000,2026-07-03 00:32:49.000000,2026-07-03 01:14:18.000000,132,"JFK Airport","Queens",231,"TriBeCa/Civic Center","Manhattan",28.684,41.483334,1.8,0.25,1.55,"observed","valid",true,true,true,false,false,0,4,false,"overnight_00_05",2026-07-03 00:00:00.000000,32.3,0,9.7,"dry"
634,"HV0005",2026-07-03 00:15:21.000000,2026-07-03 00:17:18.000000,2026-07-03 00:20:40.000000,2026-07-03 00:39:01.000000,255,"Williamsburg (North Side)","Brooklyn",79,"East Village","Manhattan",3.332,18.35,5.3166666,1.95,3.3666666,"observed","valid",true,true,true,false,true,0,4,false,"overnight_00_05",2026-07-03 00:00:00.000000,32.3,0,9.7,"dry"
635,"HV0003",2026-07-03 00:12:32.000000,2026-07-03 00:16:11.000000,2026-07-03 00:16:42.000000,2026-07-03 00:34:14.000000,235,"University Heights/Morris Heights","Bronx",265,"Outside of NYC","N/A",8.68,17.533333,4.1666665,3.65,0.51666665,"observed","valid",true,true,true,false,false,0,4,false,"overnight_00_05",2026-07-03 00:00:00.000000,32.3,0,9.7,"dry"
636,"HV0003",2026-07-03 00:50:12.000000,2026-07-03 00:54:07.000000,2026-07-03 00:54:19.000000,2026-07-03 01:04:35.000000,72,"East Flatbush/Remsen Village","Brooklyn",188,"Prospect-Lefferts Gardens","Brooklyn",1.64,10.266666,4.116667,3.9166667,0.2,"observed","valid",true,true,true,false,false,0,4,false,"overnight_00_05",2026-07-03 00:00:00.000000,32.3,0,9.7,"dry"
637,"HV0005",2026-07-03 00:25:05.000000,2026-07-03 00:28:15.000000,2026-07-03 00:28:22.000000,2026-07-03 00:41:03.000000,223,"Steinway","Queens",193,"Queensbridge/Ravenswood","Queens",3.893,12.683333,3.2833333,3.1666667,0.11666667,"observed","valid",true,true,true,false,false,0,4,false,"overnight_00_05",2026-07-03 00:00:00.000000,32.3,0,9.7,"dry"
638,"HV0003",2026-07-03 00:29:48.000000,2026-07-03 00:36:36.000000,2026-07-03 00:38:36.000000,2026-07-03 00:55:58.000000,185,"Pelham Parkway","Bronx",250,"Westchester Village/Unionport","Bronx",3.51,17.366667,8.8,6.8,2,"observed","valid",true,true,true,false,false,0,4,false,"overnight_00_05",2026-07-03 00:00:00.000000,32.3,0,9.7,"dry"
639,"HV0003",2026-07-03 00:04:21.000000,2026-07-03 00:05:28.000000,2026-07-03 00:07:28.000000,2026-07-03 00:27:27.000000,188,"Prospect-Lefferts Gardens","Brooklyn",91,"Flatlands","Brooklyn",3.95,19.983334,3.1166666,1.1166667,2,"observed","valid",true,true,true,false,false,0,4,false,"overnight_00_05",2026-07-03 00:00:00.000000,32.3,0,9.7,"dry"
640,"HV0003",2026-07-03 01:28:29.000000,2026-07-03 01:32:05.000000,2026-07-03 01:33:50.000000,2026-07-03 01:39:45.000000,258,"Woodhaven","Queens",216,"South Ozone Park","Queens",0.92,5.9166665,5.35,3.6,1.75,"observed","valid",true,true,true,false,false,1,4,false,"overnight_00_05",2026-07-03 01:00:00.000000,31.7,0,10,"dry"
641,"HV0003",2026-07-03 01:02:06.000000,2026-07-03 01:06:36.000000,2026-07-03 01:07:19.000000,2026-07-03 01:50:01.000000,181,"Park Slope","Brooklyn",265,"Outside of NYC","N/A",10.13,42.7,5.2166667,4.5,0.71666664,"observed","valid",true,true,true,false,false,1,4,false,"overnight_00_05",2026-07-03 01:00:00.000000,31.7,0,10,"dry"
642,"HV0005",2026-07-03 01:53:45.000000,2026-07-03 01:56:55.000000,2026-07-03 01:59:50.000000,2026-07-03 02:15:06.000000,255,"Williamsburg (North Side)","Brooklyn",79,"East Village","Manhattan",3.968,15.266666,6.0833335,3.1666667,2.9166667,"observed","valid",true,true,true,false,false,1,4,false,"overnight_00_05",2026-07-03 01:00:00.000000,31.7,0,10,"dry"
643,"HV0003",2026-07-03 01:07:13.000000,2026-07-03 01:08:16.000000,2026-07-03 01:08:16.000000,2026-07-03 01:47:59.000000,132,"JFK Airport","Queens",164,"Midtown South","Manhattan",16.69,39.716667,1.05,1.05,0,"same_as_pickup","valid",true,false,true,false,false,1,4,false,"overnight_00_05",2026-07-03 01:00:00.000000,31.7,0,10,"dry"
644,"HV0003",2026-07-03 01:21:17.000000,2026-07-03 01:23:36.000000,2026-07-03 01:23:42.000000,2026-07-03 01:30:05.000000,61,"Crown Heights North","Brooklyn",61,"Crown Heights North","Brooklyn",1.21,6.383333,2.4166667,2.3166666,0.1,"observed","valid",true,true,true,false,false,1,4,false,"overnight_00_05",2026-07-03 01:00:00.000000,31.7,0,10,"dry"
645,"HV0003",2026-07-03 01:40:00.000000,2026-07-03 01:24:53.000000,2026-07-03 01:29:12.000000,2026-07-03 01:44:06.000000,139,"Laurelton","Queens",132,"JFK Airport","Queens",5.26,14.9,-10.8,-15.116667,4.3166666,"before_request","pickup_before_request",false,false,false,true,false,1,4,false,"overnight_00_05",2026-07-03 01:00:00.000000,31.7,0,10,"dry"
646,"HV0003",2026-07-03 01:17:23.000000,2026-07-03 01:28:56.000000,2026-07-03 01:29:43.000000,2026-07-03 01:34:39.000000,17,"Bedford","Brooklyn",49,"Clinton Hill","Brooklyn",1.2,4.9333334,12.333333,11.55,0.78333336,"observed","valid",true,true,true,false,false,1,4,false,"overnight_00_05",2026-07-03 01:00:00.000000,31.7,0,10,"dry"
647,"HV0003",2026-07-03 01:38:01.000000,2026-07-03 01:40:21.000000,2026-07-03 01:40:45.000000,2026-07-03 02:09:28.000000,188,"Prospect-Lefferts Gardens","Brooklyn",95,"Forest Hills","Queens",11.03,28.716667,2.7333333,2.3333333,0.4,"observed","valid",true,true,true,false,false,1,4,false,"overnight_00_05",2026-07-03 01:00:00.000000,31.7,0,10,"dry"
648,"HV0003",2026-07-03 00:56:59.000000,2026-07-03 01:03:07.000000,2026-07-03 01:05:07.000000,2026-07-03 01:31:42.000000,37,"Bushwick South","Brooklyn",89,"Flatbush/Ditmas Park","Brooklyn",5.5,26.583334,8.133333,6.133333,2,"observed","valid",true,true,true,false,false,0,4,false,"overnight_00_05",2026-07-03 00:00:00.000000,32.3,0,9.7,"dry"
649,"HV0005",2026-07-03 01:40:57.000000,2026-07-03 01:46:58.000000,2026-07-03 01:48:36.000000,2026-07-03 01:56:32.000000,79,"East Village","Manhattan",148,"Lower East Side","Manhattan",0.642,7.9333334,7.65,6.016667,1.6333333,"observed","valid",true,true,true,false,false,1,4,false,"overnight_00_05",2026-07-03 01:00:00.000000,31.7,0,10,"dry"
650,"HV0003",2026-07-03 01:47:46.000000,2026-07-03 01:49:29.000000,2026-07-03 01:50:37.000000,2026-07-03 02:19:36.000000,36,"Bushwick North","Brooklyn",159,"Melrose South","Bronx",11.68,28.983334,2.85,1.7166667,1.1333333,"observed","valid",true,true,true,false,false,1,4,false,"overnight_00_05",2026-07-03 01:00:00.000000,31.7,0,10,"dry"
651,"HV0003",2026-07-03 01:33:30.000000,2026-07-03 01:35:59.000000,2026-07-03 01:36:11.000000,2026-07-03 01:51:30.000000,234,"Union Sq","Manhattan",236,"Upper East Side North","Manhattan",3.95,15.316667,2.6833334,2.4833333,0.2,"observed","valid",true,true,true,false,false,1,4,false,"overnight_00_05",2026-07-03 01:00:00.000000,31.7,0,10,"dry"
652,"HV0005",2026-07-03 01:14:06.000000,2026-07-03 01:16:33.000000,2026-07-03 01:17:04.000000,2026-07-03 01:23:27.000000,203,"Rosedale","Queens",219,"Springfield Gardens South","Queens",1.972,6.383333,2.9666667,2.45,0.51666665,"observed","valid",true,true,true,false,false,1,4,false,"overnight_00_05",2026-07-03 01:00:00.000000,31.7,0,10,"dry"
653,"HV0003",2026-07-03 01:30:35.000000,2026-07-03 01:31:14.000000,2026-07-03 01:33:14.000000,2026-07-03 01:45:33.000000,33,"Brooklyn Heights","Brooklyn",89,"Flatbush/Ditmas Park","Brooklyn",5.15,12.316667,2.65,0.65,2,"observed","valid",true,true,true,false,false,1,4,false,"overnight_00_05",2026-07-03 01:00:00.000000,31.7,0,10,"dry"
654,"HV0003",2026-07-03 02:41:54.000000,2026-07-03 02:51:46.000000,2026-07-03 02:51:56.000000,2026-07-03 03:07:04.000000,167,"Morrisania/Melrose","Bronx",208,"Schuylerville/Edgewater Park","Bronx",6.56,15.133333,10.033334,9.866667,0.16666667,"observed","valid",true,true,true,false,false,2,4,false,"overnight_00_05",2026-07-03 02:00:00.000000,31.1,0,10.8,"dry"
655,"HV0003",2026-07-03 02:07:38.000000,2026-07-03 02:10:10.000000,2026-07-03 02:10:21.000000,2026-07-03 02:15:51.000000,32,"Bronxdale","Bronx",47,"Claremont/Bathgate","Bronx",1.52,5.5,2.7166667,2.5333333,0.18333334,"observed","valid",true,true,true,false,false,2,4,false,"overnight_00_05",2026-07-03 02:00:00.000000,31.1,0,10.8,"dry"
656,"HV0003",2026-07-03 02:28:26.000000,2026-07-03 02:29:54.000000,2026-07-03 02:30:02.000000,2026-07-03 02:59:33.000000,79,"East Village","Manhattan",35,"Brownsville","Brooklyn",7.85,29.516666,1.6,1.4666667,0.13333334,"observed","valid",true,true,true,false,false,2,4,false,"overnight_00_05",2026-07-03 02:00:00.000000,31.1,0,10.8,"dry"
657,"HV0003",2026-07-03 02:40:03.000000,2026-07-03 02:44:23.000000,2026-07-03 02:46:24.000000,2026-07-03 02:57:01.000000,235,"University Heights/Morris Heights","Bronx",243,"Washington Heights North","Manhattan",2.51,10.616667,6.35,4.3333335,2.0166667,"observed","valid",true,true,true,false,false,2,4,false,"overnight_00_05",2026-07-03 02:00:00.000000,31.1,0,10.8,"dry"
658,"HV0003",2026-07-03 03:31:21.000000,2026-07-03 03:36:06.000000,2026-07-03 03:36:24.000000,2026-07-03 03:39:00.000000,125,"Hudson Sq","Manhattan",125,"Hudson Sq","Manhattan",0.51,2.6,5.05,4.75,0.3,"observed","valid",true,true,true,false,false,3,4,false,"overnight_00_05",2026-07-03 03:00:00.000000,30.4,0,9.5,"dry"
659,"HV0003",2026-07-03 02:59:28.000000,2026-07-03 03:01:46.000000,2026-07-03 03:02:10.000000,2026-07-03 03:16:06.000000,212,"Soundview/Bruckner","Bronx",153,"Marble Hill","Manhattan",7.12,13.933333,2.7,2.3,0.4,"observed","valid",true,true,true,false,false,2,4,false,"overnight_00_05",2026-07-03 02:00:00.000000,31.1,0,10.8,"dry"
660,"HV0005",2026-07-03 03:43:21.000000,2026-07-03 03:44:10.000000,2026-07-03 03:45:10.000000,2026-07-03 03:55:28.000000,133,"Kensington","Brooklyn",188,"Prospect-Lefferts Gardens","Brooklyn",2.012,10.3,1.8166667,0.81666666,1,"observed","valid",true,true,true,false,false,3,4,false,"overnight_00_05",2026-07-03 03:00:00.000000,30.4,0,9.5,"dry"
661,"HV0003",2026-07-03 04:06:46.000000,2026-07-03 04:14:17.000000,2026-07-03 04:14:17.000000,2026-07-03 04:28:44.000000,41,"Central Harlem","Manhattan",138,"LaGuardia Airport","Queens",7.41,14.45,7.516667,7.516667,0,"same_as_pickup","valid",true,false,true,false,false,4,4,false,"overnight_00_05",2026-07-03 04:00:00.000000,29.8,0,8.8,"dry"
662,"HV0003",2026-07-03 04:51:11.000000,2026-07-03 04:57:51.000000,2026-07-03 04:58:40.000000,2026-07-03 05:29:36.000000,170,"Murray Hill","Manhattan",132,"JFK Airport","Queens",16.13,30.933332,7.483333,6.6666665,0.81666666,"observed","valid",true,true,true,false,false,4,4,false,"overnight_00_05",2026-07-03 04:00:00.000000,29.8,0,8.8,"dry"
663,"HV0005",2026-07-03 04:05:42.000000,2026-07-03 04:09:57.000000,2026-07-03 04:11:55.000000,2026-07-03 04:24:10.000000,146,"Long Island City/Queens Plaza","Queens",230,"Times Sq/Theatre District","Manhattan",3.401,12.25,6.2166667,4.25,1.9666667,"observed","valid",true,true,true,false,false,4,4,false,"overnight_00_05",2026-07-03 04:00:00.000000,29.8,0,8.8,"dry"
664,"HV0005",2026-07-03 04:33:51.000000,2026-07-03 04:38:03.000000,2026-07-03 04:38:09.000000,2026-07-03 04:54:34.000000,10,"Baisley Park","Queens",265,"Outside of NYC","N/A",6.774,16.416666,4.3,4.2,0.1,"observed","valid",true,true,true,false,false,4,4,false,"overnight_00_05",2026-07-03 04:00:00.000000,29.8,0,8.8,"dry"
665,"HV0003",2026-07-03 04:09:02.000000,2026-07-03 04:10:57.000000,2026-07-03 04:11:37.000000,2026-07-03 04:41:22.000000,48,"Clinton East","Manhattan",1,"Newark Airport","EWR",17.76,29.75,2.5833333,1.9166666,0.6666667,"observed","valid",true,true,true,false,false,4,4,false,"overnight_00_05",2026-07-03 04:00:00.000000,29.8,0,8.8,"dry"
666,"HV0003",2026-07-03 04:32:23.000000,2026-07-03 04:38:45.000000,2026-07-03 04:39:14.000000,2026-07-03 04:45:13.000000,225,"Stuyvesant Heights","Brooklyn",37,"Bushwick South","Brooklyn",1.32,5.983333,6.85,6.366667,0.48333332,"observed","valid",true,true,true,false,false,4,4,false,"overnight_00_05",2026-07-03 04:00:00.000000,29.8,0,8.8,"dry"
667,"HV0003",2026-07-03 04:15:00.000000,2026-07-03 04:12:20.000000,2026-07-03 04:13:58.000000,2026-07-03 04:37:47.000000,7,"Astoria","Queens",132,"JFK Airport","Queens",14.88,23.816668,-1.0333333,-2.6666667,1.6333333,"before_request","pickup_before_request",false,false,false,true,false,4,4,false,"overnight_00_05",2026-07-03 04:00:00.000000,29.8,0,8.8,"dry"
668,"HV0003",2026-07-03 05:42:15.000000,2026-07-03 05:48:01.000000,2026-07-03 05:50:01.000000,2026-07-03 06:04:40.000000,203,"Rosedale","Queens",132,"JFK Airport","Queens",5.2,14.65,7.766667,5.766667,2,"observed","valid",true,true,true,false,false,5,4,false,"overnight_00_05",2026-07-03 05:00:00.000000,29,0,7.8,"dry"
669,"HV0003",2026-07-03 05:33:59.000000,2026-07-03 05:38:02.000000,2026-07-03 05:40:03.000000,2026-07-03 05:49:53.000000,95,"Forest Hills","Queens",92,"Flushing","Queens",3.43,9.833333,6.0666666,4.05,2.0166667,"observed","valid",true,true,true,false,false,5,4,false,"overnight_00_05",2026-07-03 05:00:00.000000,29,0,7.8,"dry"
670,"HV0003",2026-07-03 05:46:08.000000,2026-07-03 05:52:13.000000,2026-07-03 05:52:20.000000,2026-07-03 06:01:12.000000,256,"Williamsburg (South Side)","Brooklyn",144,"Little Italy/NoLiTa","Manhattan",2.54,8.866667,6.2,6.0833335,0.11666667,"observed","valid",true,true,true,false,false,5,4,false,"overnight_00_05",2026-07-03 05:00:00.000000,29,0,7.8,"dry"
671,"HV0005",2026-07-03 04:53:19.000000,2026-07-03 05:00:24.000000,2026-07-03 05:00:33.000000,2026-07-03 05:31:49.000000,170,"Murray Hill","Manhattan",240,"Van Cortlandt Park","Bronx",11.881,31.266666,7.233333,7.0833335,0.15,"observed","valid",true,true,true,false,false,4,4,false,"overnight_00_05",2026-07-03 04:00:00.000000,29.8,0,8.8,"dry"
672,"HV0003",2026-07-03 05:23:31.000000,2026-07-03 05:28:05.000000,2026-07-03 05:28:35.000000,2026-07-03 06:02:30.000000,22,"Bensonhurst West","Brooklyn",132,"JFK Airport","Queens",17.35,33.916668,5.0666666,4.5666666,0.5,"observed","valid",true,true,true,false,false,5,4,false,"overnight_00_05",2026-07-03 05:00:00.000000,29,0,7.8,"dry"
673,"HV0003",2026-07-03 05:13:12.000000,2026-07-03 05:21:07.000000,2026-07-03 05:21:07.000000,2026-07-03 05:28:04.000000,35,"Brownsville","Brooklyn",39,"Canarsie","Brooklyn",1.41,6.95,7.9166665,7.9166665,0,"same_as_pickup","valid",true,false,true,false,false,5,4,false,"overnight_00_05",2026-07-03 05:00:00.000000,29,0,7.8,"dry"
674,"HV0005",2026-07-03 05:59:07.000000,2026-07-03 06:00:47.000000,2026-07-03 06:01:17.000000,2026-07-03 06:07:26.000000,148,"Lower East Side","Manhattan",107,"Gramercy","Manhattan",1.55,6.15,2.1666667,1.6666666,0.5,"observed","valid",true,true,true,false,false,5,4,false,"overnight_00_05",2026-07-03 05:00:00.000000,29,0,7.8,"dry"
675,"HV0005",2026-07-03 06:39:41.000000,2026-07-03 06:43:06.000000,2026-07-03 06:47:49.000000,2026-07-03 06:52:39.000000,38,"Cambria Heights","Queens",139,"Laurelton","Queens",2.493,4.8333335,8.133333,3.4166667,4.7166667,"observed","valid",true,true,true,false,true,6,4,false,"am_peak_06_09",2026-07-03 06:00:00.000000,28.4,0,6.7,"dry"
676,"HV0003",2026-07-03 06:49:42.000000,2026-07-03 06:51:11.000000,2026-07-03 06:52:42.000000,2026-07-03 07:01:22.000000,42,"Central Harlem North","Manhattan",41,"Central Harlem","Manhattan",1.73,8.666667,3,1.4833333,1.5166667,"observed","valid",true,true,true,false,false,6,4,false,"am_peak_06_09",2026-07-03 06:00:00.000000,28.4,0,6.7,"dry"
677,"HV0005",2026-07-03 06:46:01.000000,2026-07-03 06:50:55.000000,2026-07-03 06:51:36.000000,2026-07-03 07:05:18.000000,245,"West Brighton","Staten Island",118,"Heartland Village/Todt Hill","Staten Island",4.366,13.7,5.5833335,4.9,0.68333334,"observed","valid",true,true,true,false,false,6,4,false,"am_peak_06_09",2026-07-03 06:00:00.000000,28.4,0,6.7,"dry"
678,"HV0003",2026-07-03 06:14:58.000000,2026-07-03 06:15:36.000000,2026-07-03 06:16:43.000000,2026-07-03 06:58:21.000000,132,"JFK Airport","Queens",142,"Lincoln Square East","Manhattan",18.17,41.633335,1.75,0.6333333,1.1166667,"observed","valid",true,true,true,false,false,6,4,false,"am_peak_06_09",2026-07-03 06:00:00.000000,28.4,0,6.7,"dry"
679,"HV0005",2026-07-03 06:35:01.000000,2026-07-03 06:29:09.000000,2026-07-03 06:29:20.000000,2026-07-03 06:52:51.000000,61,"Crown Heights North","Brooklyn",45,"Chinatown","Manhattan",6.094,23.516666,-5.6833334,-5.866667,0.18333334,"before_request","pickup_before_request",false,false,false,false,false,6,4,false,"am_peak_06_09",2026-07-03 06:00:00.000000,28.4,0,6.7,"dry"
680,"HV0005",2026-07-03 06:37:49.000000,2026-07-03 06:41:42.000000,2026-07-03 06:44:14.000000,2026-07-03 06:57:16.000000,80,"East Williamsburg","Brooklyn",232,"Two Bridges/Seward Park","Manhattan",3.471,13.033334,6.4166665,3.8833334,2.5333333,"observed","valid",true,true,true,false,false,6,4,false,"am_peak_06_09",2026-07-03 06:00:00.000000,28.4,0,6.7,"dry"
681,"HV0005",2026-07-03 06:32:42.000000,2026-07-03 06:41:44.000000,2026-07-03 06:43:14.000000,2026-07-03 06:57:19.000000,75,"East Harlem South","Manhattan",207,"Saint Michaels Cemetery/Woodside","Queens",6.174,14.083333,10.533334,9.033334,1.5,"observed","valid",true,true,true,false,false,6,4,false,"am_peak_06_09",2026-07-03 06:00:00.000000,28.4,0,6.7,"dry"
682,"HV0003",2026-07-03 06:42:46.000000,2026-07-03 06:49:59.000000,2026-07-03 06:50:06.000000,2026-07-03 07:06:32.000000,226,"Sunnyside","Queens",173,"North Corona","Queens",5.49,16.433332,7.3333335,7.2166667,0.11666667,"observed","valid",true,true,true,false,false,6,4,false,"am_peak_06_09",2026-07-03 06:00:00.000000,28.4,0,6.7,"dry"
683,"HV0003",2026-07-03 06:50:00.000000,2026-07-03 06:46:59.000000,2026-07-03 06:53:46.000000,2026-07-03 07:18:06.000000,79,"East Village","Manhattan",138,"LaGuardia Airport","Queens",10.89,24.333334,3.7666667,-3.0166667,6.7833333,"before_request","valid",true,false,true,true,false,6,4,false,"am_peak_06_09",2026-07-03 06:00:00.000000,28.4,0,6.7,"dry"
684,"HV0003",2026-07-03 06:14:04.000000,2026-07-03 06:19:48.000000,2026-07-03 06:21:48.000000,2026-07-03 06:34:55.000000,235,"University Heights/Morris Heights","Bronx",244,"Washington Heights South","Manhattan",2.73,13.116667,7.733333,5.733333,2,"observed","valid",true,true,true,false,false,6,4,false,"am_peak_06_09",2026-07-03 06:00:00.000000,28.4,0,6.7,"dry"
685,"HV0003",2026-07-03 06:31:12.000000,2026-07-03 06:40:42.000000,2026-07-03 06:42:23.000000,2026-07-03 07:17:09.000000,132,"JFK Airport","Queens",79,"East Village","Manhattan",18.34,34.766666,11.183333,9.5,1.6833333,"observed","valid",true,true,true,false,false,6,4,false,"am_peak_06_09",2026-07-03 06:00:00.000000,28.4,0,6.7,"dry"
686,"HV0003",2026-07-03 06:06:10.000000,2026-07-03 06:16:18.000000,2026-07-03 06:17:04.000000,2026-07-03 06:29:06.000000,42,"Central Harlem North","Manhattan",212,"Soundview/Bruckner","Bronx",5.85,12.033334,10.9,10.133333,0.76666665,"observed","valid",true,true,true,false,false,6,4,false,"am_peak_06_09",2026-07-03 06:00:00.000000,28.4,0,6.7,"dry"
687,"HV0003",2026-07-03 07:15:34.000000,2026-07-03 07:16:49.000000,2026-07-03 07:18:51.000000,2026-07-03 07:41:57.000000,76,"East New York","Brooklyn",72,"East Flatbush/Remsen Village","Brooklyn",5.73,23.1,3.2833333,1.25,2.0333333,"observed","valid",true,true,true,false,false,7,4,false,"am_peak_06_09",2026-07-03 07:00:00.000000,29.3,0,6.9,"dry"
688,"HV0005",2026-07-03 07:52:15.000000,2026-07-03 07:56:00.000000,2026-07-03 07:56:03.000000,2026-07-03 08:01:12.000000,55,"Coney Island","Brooklyn",55,"Coney Island","Brooklyn",1.013,5.15,3.8,3.75,0.05,"observed","valid",true,true,true,false,false,7,4,false,"am_peak_06_09",2026-07-03 07:00:00.000000,29.3,0,6.9,"dry"
689,"HV0003",2026-07-03 07:40:57.000000,2026-07-03 07:42:24.000000,2026-07-03 07:42:28.000000,2026-07-03 08:10:53.000000,18,"Bedford Park","Bronx",232,"Two Bridges/Seward Park","Manhattan",13.97,28.416666,1.5166667,1.45,0.06666667,"observed","valid",true,true,true,false,false,7,4,false,"am_peak_06_09",2026-07-03 07:00:00.000000,29.3,0,6.9,"dry"
690,"HV0005",2026-07-03 07:16:03.000000,2026-07-03 07:21:01.000000,2026-07-03 07:21:10.000000,2026-07-03 07:55:03.000000,225,"Stuyvesant Heights","Brooklyn",68,"East Chelsea","Manhattan",7.878,33.883335,5.116667,4.9666667,0.15,"observed","valid",true,true,true,false,false,7,4,false,"am_peak_06_09",2026-07-03 07:00:00.000000,29.3,0,6.9,"dry"
691,"HV0005",2026-07-03 07:02:57.000000,2026-07-03 07:05:42.000000,2026-07-03 07:05:50.000000,2026-07-03 07:30:31.000000,145,"Long Island City/Hunters Point","Queens",130,"Jamaica","Queens",9.771,24.683332,2.8833334,2.75,0.13333334,"observed","valid",true,true,true,false,false,7,4,false,"am_peak_06_09",2026-07-03 07:00:00.000000,29.3,0,6.9,"dry"
692,"HV0003",2026-07-03 06:56:14.000000,2026-07-03 06:59:42.000000,2026-07-03 07:01:42.000000,2026-07-03 07:08:16.000000,72,"East Flatbush/Remsen Village","Brooklyn",61,"Crown Heights North","Brooklyn",1.25,6.5666666,5.4666667,3.4666667,2,"observed","valid",true,true,true,false,false,6,4,false,"am_peak_06_09",2026-07-03 06:00:00.000000,28.4,0,6.7,"dry"
693,"HV0005",2026-07-03 07:24:22.000000,2026-07-03 07:26:56.000000,2026-07-03 07:28:24.000000,2026-07-03 07:48:50.000000,62,"Crown Heights South","Brooklyn",112,"Greenpoint","Brooklyn",5.137,20.433332,4.0333333,2.5666666,1.4666667,"observed","valid",true,true,true,false,false,7,4,false,"am_peak_06_09",2026-07-03 07:00:00.000000,29.3,0,6.9,"dry"
694,"HV0003",2026-07-03 07:13:05.000000,2026-07-03 07:16:06.000000,2026-07-03 07:18:07.000000,2026-07-03 07:31:33.000000,90,"Flatiron","Manhattan",265,"Outside of NYC","N/A",3.95,13.433333,5.0333333,3.0166667,2.0166667,"observed","valid",true,true,true,false,false,7,4,false,"am_peak_06_09",2026-07-03 07:00:00.000000,29.3,0,6.9,"dry"
695,"HV0003",2026-07-03 07:39:56.000000,2026-07-03 07:48:36.000000,2026-07-03 07:48:42.000000,2026-07-03 07:56:44.000000,129,"Jackson Heights","Queens",82,"Elmhurst","Queens",1.23,8.033334,8.766666,8.666667,0.1,"observed","valid",true,true,true,false,false,7,4,false,"am_peak_06_09",2026-07-03 07:00:00.000000,29.3,0,6.9,"dry"
696,"HV0003",2026-07-03 07:28:57.000000,2026-07-03 07:30:51.000000,2026-07-03 07:32:18.000000,2026-07-03 07:40:58.000000,10,"Baisley Park","Queens",10,"Baisley Park","Queens",1.7,8.666667,3.35,1.9,1.45,"observed","valid",true,true,true,false,false,7,4,false,"am_peak_06_09",2026-07-03 07:00:00.000000,29.3,0,6.9,"dry"
697,"HV0003",2026-07-03 07:50:16.000000,2026-07-03 07:53:37.000000,2026-07-03 07:53:37.000000,2026-07-03 08:09:36.000000,256,"Williamsburg (South Side)","Brooklyn",80,"East Williamsburg","Brooklyn",2.26,15.983334,3.35,3.35,0,"same_as_pickup","valid",true,false,true,false,false,7,4,false,"am_peak_06_09",2026-07-03 07:00:00.000000,29.3,0,6.9,"dry"
698,"HV0003",2026-07-03 07:50:07.000000,2026-07-03 07:54:47.000000,2026-07-03 07:54:58.000000,2026-07-03 08:08:03.000000,98,"Fresh Meadows","Queens",160,"Middle Village","Queens",6.88,13.083333,4.85,4.6666665,0.18333334,"observed","valid",true,true,true,false,false,7,4,false,"am_peak_06_09",2026-07-03 07:00:00.000000,29.3,0,6.9,"dry"
699,"HV0005",2026-07-03 08:14:18.000000,2026-07-03 08:17:44.000000,2026-07-03 08:21:24.000000,2026-07-03 08:32:10.000000,74,"East Harlem North","Manhattan",140,"Lenox Hill East","Manhattan",3.396,10.766666,7.1,3.4333334,3.6666667,"observed","valid",true,true,true,false,true,8,4,false,"am_peak_06_09",2026-07-03 08:00:00.000000,30.6,0,6.2,"dry"
700,"HV0005",2026-07-03 08:18:12.000000,2026-07-03 08:21:21.000000,2026-07-03 08:22:06.000000,2026-07-03 08:29:03.000000,42,"Central Harlem North","Manhattan",74,"East Harlem North","Manhattan",1.966,6.95,3.9,3.15,0.75,"observed","valid",true,true,true,false,false,8,4,false,"am_peak_06_09",2026-07-03 08:00:00.000000,30.6,0,6.2,"dry"
701,"HV0003",2026-07-03 08:43:03.000000,2026-07-03 08:44:36.000000,2026-07-03 08:45:58.000000,2026-07-03 08:51:08.000000,197,"Richmond Hill","Queens",130,"Jamaica","Queens",0.93,5.1666665,2.9166667,1.55,1.3666667,"observed","valid",true,true,true,false,false,8,4,false,"am_peak_06_09",2026-07-03 08:00:00.000000,30.6,0,6.2,"dry"
702,"HV0005",2026-07-03 07:59:52.000000,2026-07-03 08:01:10.000000,2026-07-03 08:04:45.000000,2026-07-03 08:13:56.000000,215,"South Jamaica","Queens",130,"Jamaica","Queens",1.474,9.183333,4.883333,1.3,3.5833333,"observed","valid",true,true,true,false,true,7,4,false,"am_peak_06_09",2026-07-03 07:00:00.000000,29.3,0,6.9,"dry"
703,"HV0003",2026-07-03 08:25:11.000000,2026-07-03 08:27:17.000000,2026-07-03 08:27:29.000000,2026-07-03 08:41:02.000000,220,"Spuyten Duyvil/Kingsbridge","Bronx",94,"Fordham South","Bronx",2.45,13.55,2.3,2.1,0.2,"observed","valid",true,true,true,false,false,8,4,false,"am_peak_06_09",2026-07-03 08:00:00.000000,30.6,0,6.2,"dry"
704,"HV0005",2026-07-03 08:43:25.000000,2026-07-03 08:46:59.000000,2026-07-03 08:47:31.000000,2026-07-03 08:57:46.000000,219,"Springfield Gardens South","Queens",10,"Baisley Park","Queens",3.202,10.25,4.1,3.5666666,0.53333336,"observed","valid",true,true,true,false,false,8,4,false,"am_peak_06_09",2026-07-03 08:00:00.000000,30.6,0,6.2,"dry"
705,"HV0003",2026-07-03 08:38:51.000000,2026-07-03 08:44:02.000000,2026-07-03 08:44:02.000000,2026-07-03 08:57:38.000000,153,"Marble Hill","Manhattan",60,"Crotona Park East","Bronx",6.42,13.6,5.1833334,5.1833334,0,"same_as_pickup","valid",true,false,true,false,false,8,4,false,"am_peak_06_09",2026-07-03 08:00:00.000000,30.6,0,6.2,"dry"
706,"HV0005",2026-07-03 08:40:47.000000,2026-07-03 08:43:21.000000,2026-07-03 08:45:16.000000,2026-07-03 08:57:38.000000,248,"West Farms/Bronx River","Bronx",254,"Williamsbridge/Olinville","Bronx",4.237,12.366667,4.483333,2.5666666,1.9166666,"observed","valid",true,true,true,false,false,8,4,false,"am_peak_06_09",2026-07-03 08:00:00.000000,30.6,0,6.2,"dry"
707,"HV0003",2026-07-03 07:59:14.000000,2026-07-03 08:00:39.000000,2026-07-03 08:01:41.000000,2026-07-03 08:19:12.000000,167,"Morrisania/Melrose","Bronx",250,"Westchester Village/Unionport","Bronx",3.73,17.516666,2.45,1.4166666,1.0333333,"observed","valid",true,true,true,false,false,7,4,false,"am_peak_06_09",2026-07-03 07:00:00.000000,29.3,0,6.9,"dry"
708,"HV0003",2026-07-03 08:05:40.000000,2026-07-03 08:08:52.000000,2026-07-03 08:09:25.000000,2026-07-03 08:45:52.000000,25,"Boerum Hill","Brooklyn",132,"JFK Airport","Queens",18.91,36.45,3.75,3.2,0.55,"observed","valid",true,true,true,false,false,8,4,false,"am_peak_06_09",2026-07-03 08:00:00.000000,30.6,0,6.2,"dry"
709,"HV0003",2026-07-03 08:38:14.000000,2026-07-03 08:39:12.000000,2026-07-03 08:41:13.000000,2026-07-03 08:58:04.000000,198,"Ridgewood","Queens",217,"South Williamsburg","Brooklyn",3.1,16.85,2.9833333,0.96666664,2.0166667,"observed","valid",true,true,true,false,false,8,4,false,"am_peak_06_09",2026-07-03 08:00:00.000000,30.6,0,6.2,"dry"
710,"HV0003",2026-07-03 08:43:23.000000,2026-07-03 08:44:25.000000,2026-07-03 08:46:25.000000,2026-07-03 09:02:00.000000,226,"Sunnyside","Queens",80,"East Williamsburg","Brooklyn",2.88,15.583333,3.0333333,1.0333333,2,"observed","valid",true,true,true,false,false,8,4,false,"am_peak_06_09",2026-07-03 08:00:00.000000,30.6,0,6.2,"dry"
711,"HV0003",2026-07-03 08:48:55.000000,2026-07-03 08:50:40.000000,2026-07-03 08:51:09.000000,2026-07-03 09:00:41.000000,14,"Bay Ridge","Brooklyn",228,"Sunset Park West","Brooklyn",1.85,9.533334,2.2333333,1.75,0.48333332,"observed","valid",true,true,true,false,false,8,4,false,"am_peak_06_09",2026-07-03 08:00:00.000000,30.6,0,6.2,"dry"
712,"HV0003",2026-07-03 09:18:39.000000,2026-07-03 09:19:51.000000,2026-07-03 09:21:52.000000,2026-07-03 09:29:51.000000,130,"Jamaica","Queens",215,"South Jamaica","Queens",1.43,7.983333,3.2166667,1.2,2.0166667,"observed","valid",true,true,true,false,false,9,4,false,"am_peak_06_09",2026-07-03 09:00:00.000000,32.2,0,7.4,"dry"
713,"HV0003",2026-07-03 09:35:12.000000,2026-07-03 09:37:21.000000,2026-07-03 09:38:30.000000,2026-07-03 09:48:36.000000,243,"Washington Heights North","Manhattan",42,"Central Harlem North","Manhattan",4.12,10.1,3.3,2.15,1.15,"observed","valid",true,true,true,false,false,9,4,false,"am_peak_06_09",2026-07-03 09:00:00.000000,32.2,0,7.4,"dry"
714,"HV0003",2026-07-03 09:56:48.000000,2026-07-03 09:59:02.000000,2026-07-03 09:59:16.000000,2026-07-03 10:07:36.000000,16,"Bayside","Queens",171,"Murray Hill-Queens","Queens",2.22,8.333333,2.4666667,2.2333333,0.23333333,"observed","valid",true,true,true,false,false,9,4,false,"am_peak_06_09",2026-07-03 09:00:00.000000,32.2,0,7.4,"dry"
715,"HV0003",2026-07-03 09:25:10.000000,2026-07-03 09:28:57.000000,2026-07-03 09:29:38.000000,2026-07-03 09:36:44.000000,124,"Howard Beach","Queens",124,"Howard Beach","Queens",1.29,7.1,4.4666667,3.7833333,0.68333334,"observed","valid",true,true,true,false,false,9,4,false,"am_peak_06_09",2026-07-03 09:00:00.000000,32.2,0,7.4,"dry"
716,"HV0003",2026-07-03 09:33:48.000000,2026-07-03 09:37:32.000000,2026-07-03 09:37:40.000000,2026-07-03 09:58:35.000000,112,"Greenpoint","Brooklyn",161,"Midtown Center","Manhattan",4.41,20.916666,3.8666666,3.7333333,0.13333334,"observed","valid",true,true,true,false,false,9,4,false,"am_peak_06_09",2026-07-03 09:00:00.000000,32.2,0,7.4,"dry"
717,"HV0005",2026-07-03 09:27:12.000000,2026-07-03 09:28:13.000000,2026-07-03 09:29:38.000000,2026-07-03 09:35:27.000000,39,"Canarsie","Brooklyn",39,"Canarsie","Brooklyn",0.798,5.8166666,2.4333334,1.0166667,1.4166666,"observed","valid",true,true,true,false,false,9,4,false,"am_peak_06_09",2026-07-03 09:00:00.000000,32.2,0,7.4,"dry"
718,"HV0005",2026-07-03 09:22:36.000000,2026-07-03 09:24:38.000000,2026-07-03 09:24:39.000000,2026-07-03 09:33:28.000000,168,"Mott Haven/Port Morris","Bronx",159,"Melrose South","Bronx",1.618,8.816667,2.05,2.0333333,0.016666668,"observed","valid",true,true,true,false,false,9,4,false,"am_peak_06_09",2026-07-03 09:00:00.000000,32.2,0,7.4,"dry"
719,"HV0005",2026-07-03 09:01:53.000000,2026-07-03 09:03:55.000000,2026-07-03 09:04:15.000000,2026-07-03 09:07:41.000000,225,"Stuyvesant Heights","Brooklyn",61,"Crown Heights North","Brooklyn",0.713,3.4333334,2.3666666,2.0333333,0.33333334,"observed","valid",true,true,true,false,false,9,4,false,"am_peak_06_09",2026-07-03 09:00:00.000000,32.2,0,7.4,"dry"
720,"HV0005",2026-07-03 09:36:55.000000,2026-07-03 09:48:40.000000,2026-07-03 09:49:32.000000,2026-07-03 10:05:19.000000,245,"West Brighton","Staten Island",23,"Bloomfield/Emerson Hill","Staten Island",2.193,15.783334,12.616667,11.75,0.8666667,"observed","valid",true,true,true,false,false,9,4,false,"am_peak_06_09",2026-07-03 09:00:00.000000,32.2,0,7.4,"dry"
721,"HV0005",2026-07-03 09:47:43.000000,2026-07-03 09:49:02.000000,2026-07-03 09:49:30.000000,2026-07-03 10:20:39.000000,132,"JFK Airport","Queens",145,"Long Island City/Hunters Point","Queens",15.121,31.15,1.7833333,1.3166667,0.46666667,"observed","valid",true,true,true,false,false,9,4,false,"am_peak_06_09",2026-07-03 09:00:00.000000,32.2,0,7.4,"dry"
722,"HV0003",2026-07-03 09:06:38.000000,2026-07-03 09:10:45.000000,2026-07-03 09:10:50.000000,2026-07-03 09:21:15.000000,254,"Williamsbridge/Olinville","Bronx",174,"Norwood","Bronx",1.89,10.416667,4.2,4.116667,0.083333336,"observed","valid",true,true,true,false,false,9,4,false,"am_peak_06_09",2026-07-03 09:00:00.000000,32.2,0,7.4,"dry"
723,"HV0003",2026-07-03 09:33:08.000000,2026-07-03 09:41:03.000000,2026-07-03 09:43:03.000000,2026-07-03 10:05:10.000000,3,"Allerton/Pelham Gardens","Bronx",171,"Murray Hill-Queens","Queens",8.09,22.116667,9.916667,7.9166665,2,"observed","valid",true,true,true,false,false,9,4,false,"am_peak_06_09",2026-07-03 09:00:00.000000,32.2,0,7.4,"dry"
724,"HV0003",2026-07-03 09:03:51.000000,2026-07-03 09:07:06.000000,2026-07-03 09:07:35.000000,2026-07-03 10:02:24.000000,132,"JFK Airport","Queens",265,"Outside of NYC","N/A",35.23,54.816666,3.7333333,3.25,0.48333332,"observed","valid",true,true,true,false,false,9,4,false,"am_peak_06_09",2026-07-03 09:00:00.000000,32.2,0,7.4,"dry"
725,"HV0003",2026-07-03 09:44:48.000000,2026-07-03 09:47:03.000000,2026-07-03 09:47:03.000000,2026-07-03 09:58:20.000000,232,"Two Bridges/Seward Park","Manhattan",211,"SoHo","Manhattan",1.18,11.283334,2.25,2.25,0,"same_as_pickup","valid",true,false,true,false,false,9,4,false,"am_peak_06_09",2026-07-03 09:00:00.000000,32.2,0,7.4,"dry"
726,"HV0003",2026-07-03 09:26:07.000000,2026-07-03 09:32:43.000000,2026-07-03 09:34:33.000000,2026-07-03 09:44:44.000000,69,"East Concourse/Concourse Village","Bronx",159,"Melrose South","Bronx",1.58,10.183333,8.433333,6.6,1.8333334,"observed","valid",true,true,true,false,false,9,4,false,"am_peak_06_09",2026-07-03 09:00:00.000000,32.2,0,7.4,"dry"
727,"HV0003",2026-07-03 08:55:29.000000,2026-07-03 08:58:50.000000,2026-07-03 09:00:51.000000,2026-07-03 09:26:52.000000,164,"Midtown South","Manhattan",66,"DUMBO/Vinegar Hill","Brooklyn",5.9,26.016666,5.366667,3.35,2.0166667,"observed","valid",true,true,true,false,false,8,4,false,"am_peak_06_09",2026-07-03 08:00:00.000000,30.6,0,6.2,"dry"
728,"HV0005",2026-07-03 09:48:57.000000,2026-07-03 09:51:44.000000,2026-07-03 09:52:19.000000,2026-07-03 10:13:42.000000,76,"East New York","Brooklyn",91,"Flatlands","Brooklyn",4.306,21.383333,3.3666666,2.7833333,0.5833333,"observed","valid",true,true,true,false,false,9,4,false,"am_peak_06_09",2026-07-03 09:00:00.000000,32.2,0,7.4,"dry"
729,"HV0003",2026-07-03 10:03:16.000000,2026-07-03 10:04:33.000000,2026-07-03 10:04:38.000000,2026-07-03 10:13:43.000000,215,"South Jamaica","Queens",130,"Jamaica","Queens",1.31,9.083333,1.3666667,1.2833333,0.083333336,"observed","valid",true,true,true,false,false,10,4,false,"midday_10_15",2026-07-03 10:00:00.000000,33.7,0,8.4,"dry"
730,"HV0003",2026-07-03 10:05:24.000000,2026-07-03 10:10:05.000000,2026-07-03 10:10:21.000000,2026-07-03 10:27:14.000000,35,"Brownsville","Brooklyn",85,"Erasmus","Brooklyn",2.47,16.883333,4.95,4.6833334,0.26666668,"observed","valid",true,true,true,false,false,10,4,false,"midday_10_15",2026-07-03 10:00:00.000000,33.7,0,8.4,"dry"
731,"HV0005",2026-07-03 10:42:46.000000,2026-07-03 10:44:57.000000,2026-07-03 10:46:01.000000,2026-07-03 11:01:58.000000,162,"Midtown East","Manhattan",146,"Long Island City/Queens Plaza","Queens",3.216,15.95,3.25,2.1833334,1.0666667,"observed","valid",true,true,true,false,false,10,4,false,"midday_10_15",2026-07-03 10:00:00.000000,33.7,0,8.4,"dry"
732,"HV0003",2026-07-03 10:12:37.000000,2026-07-03 10:19:42.000000,2026-07-03 10:20:12.000000,2026-07-03 10:30:40.000000,140,"Lenox Hill East","Manhattan",239,"Upper West Side South","Manhattan",2,10.466666,7.5833335,7.0833335,0.5,"observed","valid",true,true,true,false,false,10,4,false,"midday_10_15",2026-07-03 10:00:00.000000,33.7,0,8.4,"dry"
733,"HV0003",2026-07-03 10:42:16.000000,2026-07-03 10:45:03.000000,2026-07-03 10:45:03.000000,2026-07-03 10:47:47.000000,76,"East New York","Brooklyn",76,"East New York","Brooklyn",0.5,2.7333333,2.7833333,2.7833333,0,"same_as_pickup","valid",true,false,true,false,false,10,4,false,"midday_10_15",2026-07-03 10:00:00.000000,33.7,0,8.4,"dry"
734,"HV0003",2026-07-03 10:28:34.000000,2026-07-03 10:31:03.000000,2026-07-03 10:31:07.000000,2026-07-03 10:34:27.000000,205,"Saint Albans","Queens",205,"Saint Albans","Queens",0.56,3.3333333,2.55,2.4833333,0.06666667,"observed","valid",true,true,true,false,false,10,4,false,"midday_10_15",2026-07-03 10:00:00.000000,33.7,0,8.4,"dry"
735,"HV0003",2026-07-03 10:49:42.000000,2026-07-03 10:52:48.000000,2026-07-03 10:53:43.000000,2026-07-03 11:18:24.000000,166,"Morningside Heights","Manhattan",234,"Union Sq","Manhattan",7.5,24.683332,4.016667,3.1,0.9166667,"observed","valid",true,true,true,false,false,10,4,false,"midday_10_15",2026-07-03 10:00:00.000000,33.7,0,8.4,"dry"
736,"HV0005",2026-07-03 10:33:25.000000,2026-07-03 10:41:32.000000,2026-07-03 10:41:37.000000,2026-07-03 11:27:49.000000,164,"Midtown South","Manhattan",265,"Outside of NYC","N/A",16.77,46.2,8.2,8.116667,0.083333336,"observed","valid",true,true,true,false,false,10,4,false,"midday_10_15",2026-07-03 10:00:00.000000,33.7,0,8.4,"dry"
737,"HV0003",2026-07-03 10:06:12.000000,2026-07-03 10:07:42.000000,2026-07-03 10:08:03.000000,2026-07-03 10:13:40.000000,25,"Boerum Hill","Brooklyn",33,"Brooklyn Heights","Brooklyn",1.03,5.616667,1.85,1.5,0.35,"observed","valid",true,true,true,false,false,10,4,false,"midday_10_15",2026-07-03 10:00:00.000000,33.7,0,8.4,"dry"
738,"HV0003",2026-07-03 10:00:54.000000,2026-07-03 10:01:58.000000,2026-07-03 10:02:44.000000,2026-07-03 10:38:42.000000,168,"Mott Haven/Port Morris","Bronx",49,"Clinton Hill","Brooklyn",12.92,35.966667,1.8333334,1.0666667,0.76666665,"observed","valid",true,true,true,false,false,10,4,false,"midday_10_15",2026-07-03 10:00:00.000000,33.7,0,8.4,"dry"
739,"HV0003",2026-07-03 11:34:10.000000,2026-07-03 11:40:40.000000,2026-07-03 11:40:45.000000,2026-07-03 12:01:50.000000,30,"Broad Channel","Queens",76,"East New York","Brooklyn",6.41,21.083334,6.5833335,6.5,0.083333336,"observed","valid",true,true,true,false,false,11,4,false,"midday_10_15",2026-07-03 11:00:00.000000,35.2,0,6.2,"dry"
740,"HV0003",2026-07-03 11:27:54.000000,2026-07-03 11:32:52.000000,2026-07-03 11:33:31.000000,2026-07-03 11:51:40.000000,80,"East Williamsburg","Brooklyn",255,"Williamsburg (North Side)","Brooklyn",1.94,18.15,5.616667,4.9666667,0.65,"observed","valid",true,true,true,false,false,11,4,false,"midday_10_15",2026-07-03 11:00:00.000000,35.2,0,6.2,"dry"
741,"HV0005",2026-07-03 11:05:22.000000,2026-07-03 11:09:23.000000,2026-07-03 11:10:27.000000,2026-07-03 11:16:45.000000,39,"Canarsie","Brooklyn",39,"Canarsie","Brooklyn",1.071,6.3,5.0833335,4.016667,1.0666667,"observed","valid",true,true,true,false,false,11,4,false,"midday_10_15",2026-07-03 11:00:00.000000,35.2,0,6.2,"dry"
742,"HV0005",2026-07-03 11:43:39.000000,2026-07-03 11:47:04.000000,2026-07-03 11:47:36.000000,2026-07-03 12:01:40.000000,148,"Lower East Side","Manhattan",107,"Gramercy","Manhattan",2.021,14.066667,3.95,3.4166667,0.53333336,"observed","valid",true,true,true,false,false,11,4,false,"midday_10_15",2026-07-03 11:00:00.000000,35.2,0,6.2,"dry"
743,"HV0003",2026-07-03 11:29:13.000000,2026-07-03 11:32:48.000000,2026-07-03 11:33:49.000000,2026-07-03 11:39:50.000000,7,"Astoria","Queens",7,"Astoria","Queens",0.96,6.016667,4.6,3.5833333,1.0166667,"observed","valid",true,true,true,false,false,11,4,false,"midday_10_15",2026-07-03 11:00:00.000000,35.2,0,6.2,"dry"
744,"HV0003",2026-07-03 11:33:19.000000,2026-07-03 11:34:48.000000,2026-07-03 11:39:10.000000,2026-07-03 12:19:36.000000,158,"Meatpacking/West Village West","Manhattan",1,"Newark Airport","EWR",14.07,40.433334,5.85,1.4833333,4.366667,"observed","valid",true,true,true,false,false,11,4,false,"midday_10_15",2026-07-03 11:00:00.000000,35.2,0,6.2,"dry"
745,"HV0003",2026-07-03 11:26:10.000000,2026-07-03 11:29:59.000000,2026-07-03 11:30:11.000000,2026-07-03 11:43:32.000000,90,"Flatiron","Manhattan",162,"Midtown East","Manhattan",2.1,13.35,4.016667,3.8166666,0.2,"observed","valid",true,true,true,false,false,11,4,false,"midday_10_15",2026-07-03 11:00:00.000000,35.2,0,6.2,"dry"
746,"HV0003",2026-07-03 11:48:56.000000,2026-07-03 11:50:34.000000,2026-07-03 11:52:35.000000,2026-07-03 12:00:48.000000,168,"Mott Haven/Port Morris","Bronx",74,"East Harlem North","Manhattan",1.23,8.216666,3.65,1.6333333,2.0166667,"observed","valid",true,true,true,false,false,11,4,false,"midday_10_15",2026-07-03 11:00:00.000000,35.2,0,6.2,"dry"
747,"HV0003",2026-07-03 11:10:08.000000,2026-07-03 11:20:33.000000,2026-07-03 11:20:38.000000,2026-07-03 11:31:44.000000,177,"Ocean Hill","Brooklyn",61,"Crown Heights North","Brooklyn",1.69,11.1,10.5,10.416667,0.083333336,"observed","valid",true,true,true,false,false,11,4,false,"midday_10_15",2026-07-03 11:00:00.000000,35.2,0,6.2,"dry"
748,"HV0005",2026-07-03 11:26:00.000000,2026-07-03 11:28:41.000000,2026-07-03 11:29:04.000000,2026-07-03 11:42:46.000000,260,"Woodside","Queens",8,"Astoria Park","Queens",2.881,13.7,3.0666666,2.6833334,0.38333333,"observed","valid",true,true,true,true,false,11,4,false,"midday_10_15",2026-07-03 11:00:00.000000,35.2,0,6.2,"dry"
749,"HV0003",2026-07-03 11:01:23.000000,2026-07-03 11:08:08.000000,2026-07-03 11:08:19.000000,2026-07-03 11:13:20.000000,36,"Bushwick North","Brooklyn",198,"Ridgewood","Queens",0.89,5.016667,6.9333334,6.75,0.18333334,"observed","valid",true,true,true,false,false,11,4,false,"midday_10_15",2026-07-03 11:00:00.000000,35.2,0,6.2,"dry"
750,"HV0003",2026-07-03 12:55:03.000000,2026-07-03 12:57:37.000000,2026-07-03 12:58:04.000000,2026-07-03 13:11:12.000000,82,"Elmhurst","Queens",138,"LaGuardia Airport","Queens",2.26,13.133333,3.0166667,2.5666666,0.45,"observed","valid",true,true,true,false,false,12,4,false,"midday_10_15",2026-07-03 12:00:00.000000,36.4,0,10.9,"dry"
751,"HV0003",2026-07-03 11:58:16.000000,2026-07-03 12:11:04.000000,2026-07-03 12:11:16.000000,2026-07-03 12:22:11.000000,53,"College Point","Queens",92,"Flushing","Queens",2.02,10.916667,13,12.8,0.2,"observed","valid",true,true,true,false,false,11,4,false,"midday_10_15",2026-07-03 11:00:00.000000,35.2,0,6.2,"dry"
752,"HV0003",2026-07-03 12:12:30.000000,2026-07-03 12:18:11.000000,2026-07-03 12:18:22.000000,2026-07-03 12:24:19.000000,143,"Lincoln Square West","Manhattan",163,"Midtown North","Manhattan",0.99,5.95,5.866667,5.6833334,0.18333334,"observed","valid",true,true,true,false,false,12,4,false,"midday_10_15",2026-07-03 12:00:00.000000,36.4,0,10.9,"dry"
753,"HV0005",2026-07-03 11:52:09.000000,2026-07-03 12:01:56.000000,2026-07-03 12:02:00.000000,2026-07-03 12:16:24.000000,168,"Mott Haven/Port Morris","Bronx",31,"Bronx Park","Bronx",6.713,14.4,9.85,9.783334,0.06666667,"observed","valid",true,true,true,false,false,11,4,false,"midday_10_15",2026-07-03 11:00:00.000000,35.2,0,6.2,"dry"
754,"HV0003",2026-07-03 12:32:38.000000,2026-07-03 12:42:16.000000,2026-07-03 12:43:27.000000,2026-07-03 12:48:03.000000,225,"Stuyvesant Heights","Brooklyn",225,"Stuyvesant Heights","Brooklyn",0.69,4.6,10.816667,9.633333,1.1833333,"observed","valid",true,true,true,false,false,12,4,false,"midday_10_15",2026-07-03 12:00:00.000000,36.4,0,10.9,"dry"
755,"HV0003",2026-07-03 12:00:00.000000,2026-07-03 12:00:37.000000,2026-07-03 12:02:37.000000,2026-07-03 12:16:03.000000,48,"Clinton East","Manhattan",234,"Union Sq","Manhattan",2.4,13.433333,2.6166666,0.6166667,2,"observed","valid",true,true,true,true,false,12,4,false,"midday_10_15",2026-07-03 12:00:00.000000,36.4,0,10.9,"dry"
756,"HV0003",2026-07-03 12:21:50.000000,2026-07-03 12:22:54.000000,2026-07-03 12:23:01.000000,2026-07-03 12:36:55.000000,158,"Meatpacking/West Village West","Manhattan",230,"Times Sq/Theatre District","Manhattan",2.53,13.9,1.1833333,1.0666667,0.11666667,"observed","valid",true,true,true,false,false,12,4,false,"midday_10_15",2026-07-03 12:00:00.000000,36.4,0,10.9,"dry"
757,"HV0005",2026-07-03 12:07:22.000000,2026-07-03 12:14:44.000000,2026-07-03 12:14:46.000000,2026-07-03 12:20:05.000000,218,"Springfield Gardens North","Queens",218,"Springfield Gardens North","Queens",0.968,5.3166666,7.4,7.366667,0.033333335,"observed","valid",true,true,true,false,false,12,4,false,"midday_10_15",2026-07-03 12:00:00.000000,36.4,0,10.9,"dry"
758,"HV0003",2026-07-03 12:02:30.000000,2026-07-03 12:05:36.000000,2026-07-03 12:06:09.000000,2026-07-03 13:34:11.000000,148,"Lower East Side","Manhattan",265,"Outside of NYC","N/A",26.43,88.03333,3.65,3.1,0.55,"observed","valid",true,true,true,false,false,12,4,false,"midday_10_15",2026-07-03 12:00:00.000000,36.4,0,10.9,"dry"
759,"HV0003",2026-07-03 12:36:57.000000,2026-07-03 12:42:10.000000,2026-07-03 12:42:32.000000,2026-07-03 13:23:53.000000,255,"Williamsburg (North Side)","Brooklyn",130,"Jamaica","Queens",10.79,41.35,5.5833335,5.2166667,0.36666667,"observed","valid",true,true,true,false,false,12,4,false,"midday_10_15",2026-07-03 12:00:00.000000,36.4,0,10.9,"dry"
760,"HV0003",2026-07-03 12:17:42.000000,2026-07-03 12:25:37.000000,2026-07-03 12:27:37.000000,2026-07-03 13:11:39.000000,236,"Upper East Side North","Manhattan",61,"Crown Heights North","Brooklyn",12.96,44.033333,9.916667,7.9166665,2,"observed","valid",true,true,true,false,false,12,4,false,"midday_10_15",2026-07-03 12:00:00.000000,36.4,0,10.9,"dry"
761,"HV0003",2026-07-03 12:18:37.000000,2026-07-03 12:25:59.000000,2026-07-03 12:25:59.000000,2026-07-03 12:32:31.000000,259,"Woodlawn/Wakefield","Bronx",265,"Outside of NYC","N/A",1.3,6.5333333,7.366667,7.366667,0,"same_as_pickup","valid",true,false,true,false,false,12,4,false,"midday_10_15",2026-07-03 12:00:00.000000,36.4,0,10.9,"dry"
762,"HV0003",2026-07-03 11:57:27.000000,2026-07-03 12:05:59.000000,2026-07-03 12:05:59.000000,2026-07-03 12:10:18.000000,85,"Erasmus","Brooklyn",188,"Prospect-Lefferts Gardens","Brooklyn",0.64,4.3166666,8.533334,8.533334,0,"same_as_pickup","valid",true,false,true,false,false,11,4,false,"midday_10_15",2026-07-03 11:00:00.000000,35.2,0,6.2,"dry"
763,"HV0003",2026-07-03 12:14:37.000000,2026-07-03 12:17:04.000000,2026-07-03 12:17:14.000000,2026-07-03 12:29:19.000000,232,"Two Bridges/Seward Park","Manhattan",261,"World Trade Center","Manhattan",2.61,12.083333,2.6166666,2.45,0.16666667,"observed","valid",true,true,true,false,false,12,4,false,"midday_10_15",2026-07-03 12:00:00.000000,36.4,0,10.9,"dry"
764,"HV0003",2026-07-03 12:13:28.000000,2026-07-03 12:35:50.000000,2026-07-03 12:35:50.000000,2026-07-03 12:53:12.000000,37,"Bushwick South","Brooklyn",255,"Williamsburg (North Side)","Brooklyn",2.71,17.366667,22.366667,22.366667,0,"same_as_pickup","valid",true,false,true,false,false,12,4,false,"midday_10_15",2026-07-03 12:00:00.000000,36.4,0,10.9,"dry"
765,"HV0003",2026-07-03 13:40:41.000000,2026-07-03 13:42:58.000000,2026-07-03 13:43:04.000000,2026-07-03 13:54:40.000000,68,"East Chelsea","Manhattan",48,"Clinton East","Manhattan",2.1,11.6,2.3833334,2.2833333,0.1,"observed","valid",true,true,true,false,false,13,4,false,"midday_10_15",2026-07-03 13:00:00.000000,37.4,0,11.8,"dry"
766,"HV0005",2026-07-03 13:11:16.000000,2026-07-03 13:20:07.000000,2026-07-03 13:21:33.000000,2026-07-03 13:42:40.000000,232,"Two Bridges/Seward Park","Manhattan",138,"LaGuardia Airport","Queens",9.92,21.116667,10.283334,8.85,1.4333333,"observed","valid",true,true,true,false,false,13,4,false,"midday_10_15",2026-07-03 13:00:00.000000,37.4,0,11.8,"dry"
767,"HV0003",2026-07-03 13:18:39.000000,2026-07-03 13:31:59.000000,2026-07-03 13:31:59.000000,2026-07-03 13:55:19.000000,222,"Starrett City","Brooklyn",203,"Rosedale","Queens",8.9,23.333334,13.333333,13.333333,0,"same_as_pickup","valid",true,false,true,false,false,13,4,false,"midday_10_15",2026-07-03 13:00:00.000000,37.4,0,11.8,"dry"
768,"HV0005",2026-07-03 13:10:21.000000,2026-07-03 13:19:23.000000,2026-07-03 13:19:39.000000,2026-07-03 13:41:48.000000,166,"Morningside Heights","Manhattan",233,"UN/Turtle Bay South","Manhattan",6.203,22.15,9.3,9.033334,0.26666668,"observed","valid",true,true,true,false,false,13,4,false,"midday_10_15",2026-07-03 13:00:00.000000,37.4,0,11.8,"dry"
769,"HV0005",2026-07-03 12:58:35.000000,2026-07-03 13:04:15.000000,2026-07-03 13:04:25.000000,2026-07-03 13:14:28.000000,259,"Woodlawn/Wakefield","Bronx",254,"Williamsbridge/Olinville","Bronx",1.935,10.05,5.8333335,5.6666665,0.16666667,"observed","valid",true,true,true,false,false,12,4,false,"midday_10_15",2026-07-03 12:00:00.000000,36.4,0,10.9,"dry"
770,"HV0005",2026-07-03 13:55:04.000000,2026-07-03 13:56:26.000000,2026-07-03 13:58:16.000000,2026-07-03 14:02:38.000000,195,"Red Hook","Brooklyn",195,"Red Hook","Brooklyn",1.09,4.366667,3.2,1.3666667,1.8333334,"observed","valid",true,true,true,false,false,13,4,false,"midday_10_15",2026-07-03 13:00:00.000000,37.4,0,11.8,"dry"
771,"HV0005",2026-07-03 12:54:50.000000,2026-07-03 13:04:23.000000,2026-07-03 13:04:48.000000,2026-07-03 13:20:53.000000,177,"Ocean Hill","Brooklyn",39,"Canarsie","Brooklyn",3.59,16.083334,9.966666,9.55,0.41666666,"observed","valid",true,true,true,false,false,12,4,false,"midday_10_15",2026-07-03 12:00:00.000000,36.4,0,10.9,"dry"
772,"HV0003",2026-07-03 13:19:18.000000,2026-07-03 13:28:19.000000,2026-07-03 13:30:19.000000,2026-07-03 14:29:51.000000,36,"Bushwick North","Brooklyn",27,"Breezy Point/Fort Tilden/Riis Beach","Queens",12.68,59.533333,11.016666,9.016666,2,"observed","valid",true,true,true,false,false,13,4,false,"midday_10_15",2026-07-03 13:00:00.000000,37.4,0,11.8,"dry"
773,"HV0005",2026-07-03 12:57:41.000000,2026-07-03 13:28:43.000000,2026-07-03 13:29:14.000000,2026-07-03 13:49:28.000000,244,"Washington Heights South","Manhattan",265,"Outside of NYC","N/A",6.802,20.233334,31.55,31.033333,0.51666665,"observed","valid",true,true,true,false,false,12,4,false,"midday_10_15",2026-07-03 12:00:00.000000,36.4,0,10.9,"dry"
774,"HV0005",2026-07-03 13:39:22.000000,2026-07-03 13:48:06.000000,2026-07-03 13:48:29.000000,2026-07-03 14:08:44.000000,159,"Melrose South","Bronx",47,"Claremont/Bathgate","Bronx",3.096,20.25,9.116667,8.733334,0.38333333,"observed","valid",true,true,true,false,false,13,4,false,"midday_10_15",2026-07-03 13:00:00.000000,37.4,0,11.8,"dry"
775,"HV0003",2026-07-03 13:21:46.000000,2026-07-03 13:36:19.000000,2026-07-03 13:36:52.000000,2026-07-03 13:50:04.000000,258,"Woodhaven","Queens",95,"Forest Hills","Queens",2.44,13.2,15.1,14.55,0.55,"observed","valid",true,true,true,false,false,13,4,false,"midday_10_15",2026-07-03 13:00:00.000000,37.4,0,11.8,"dry"
776,"HV0003",2026-07-03 13:13:38.000000,2026-07-03 13:15:57.000000,2026-07-03 13:17:31.000000,2026-07-03 13:40:02.000000,117,"Hammels/Arverne","Queens",86,"Far Rockaway","Queens",3.72,22.516666,3.8833334,2.3166666,1.5666667,"observed","valid",true,true,true,false,false,13,4,false,"midday_10_15",2026-07-03 13:00:00.000000,37.4,0,11.8,"dry"
777,"HV0003",2026-07-03 13:42:36.000000,2026-07-03 13:45:42.000000,2026-07-03 13:46:31.000000,2026-07-03 13:56:50.000000,3,"Allerton/Pelham Gardens","Bronx",51,"Co-Op City","Bronx",1.38,10.316667,3.9166667,3.1,0.81666666,"observed","valid",true,true,true,false,false,13,4,false,"midday_10_15",2026-07-03 13:00:00.000000,37.4,0,11.8,"dry"
778,"HV0003",2026-07-03 13:23:53.000000,2026-07-03 13:32:10.000000,2026-07-03 13:34:10.000000,2026-07-03 13:38:28.000000,36,"Bushwick North","Brooklyn",37,"Bushwick South","Brooklyn",0.63,4.3,10.283334,8.283334,2,"observed","valid",true,true,true,false,false,13,4,false,"midday_10_15",2026-07-03 13:00:00.000000,37.4,0,11.8,"dry"
779,"HV0003",2026-07-03 13:55:15.000000,2026-07-03 13:59:32.000000,2026-07-03 13:59:53.000000,2026-07-03 14:19:27.000000,102,"Glendale","Queens",138,"LaGuardia Airport","Queens",8.96,19.566668,4.633333,4.2833333,0.35,"observed","valid",true,true,true,false,false,13,4,false,"midday_10_15",2026-07-03 13:00:00.000000,37.4,0,11.8,"dry"
780,"HV0003",2026-07-03 13:59:08.000000,2026-07-03 14:03:27.000000,2026-07-03 14:05:26.000000,2026-07-03 14:19:34.000000,169,"Mount Hope","Bronx",136,"Kingsbridge Heights","Bronx",2.17,14.133333,6.3,4.3166666,1.9833333,"observed","valid",true,true,true,false,false,13,4,false,"midday_10_15",2026-07-03 13:00:00.000000,37.4,0,11.8,"dry"
781,"HV0003",2026-07-03 14:43:02.000000,2026-07-03 14:44:12.000000,2026-07-03 14:44:37.000000,2026-07-03 14:53:02.000000,137,"Kips Bay","Manhattan",186,"Penn Station/Madison Sq West","Manhattan",0.89,8.416667,1.5833334,1.1666666,0.41666666,"observed","valid",true,true,true,false,false,14,4,false,"midday_10_15",2026-07-03 14:00:00.000000,38.2,0,13.4,"dry"
782,"HV0005",2026-07-03 14:09:49.000000,2026-07-03 14:19:39.000000,2026-07-03 14:20:01.000000,2026-07-03 14:26:41.000000,140,"Lenox Hill East","Manhattan",237,"Upper East Side South","Manhattan",0.725,6.6666665,10.2,9.833333,0.36666667,"observed","valid",true,true,true,false,false,14,4,false,"midday_10_15",2026-07-03 14:00:00.000000,38.2,0,13.4,"dry"
783,"HV0003",2026-07-03 14:23:33.000000,2026-07-03 14:27:54.000000,2026-07-03 14:28:21.000000,2026-07-03 14:50:20.000000,169,"Mount Hope","Bronx",244,"Washington Heights South","Manhattan",3.2,21.983334,4.8,4.35,0.45,"observed","valid",true,true,true,false,false,14,4,false,"midday_10_15",2026-07-03 14:00:00.000000,38.2,0,13.4,"dry"
784,"HV0005",2026-07-03 14:17:56.000000,2026-07-03 14:20:50.000000,2026-07-03 14:23:27.000000,2026-07-03 14:26:43.000000,212,"Soundview/Bruckner","Bronx",250,"Westchester Village/Unionport","Bronx",0.728,3.2666667,5.516667,2.9,2.6166666,"observed","valid",true,true,true,false,false,14,4,false,"midday_10_15",2026-07-03 14:00:00.000000,38.2,0,13.4,"dry"
785,"HV0003",2026-07-03 14:12:19.000000,2026-07-03 14:15:50.000000,2026-07-03 14:17:51.000000,2026-07-03 14:43:54.000000,89,"Flatbush/Ditmas Park","Brooklyn",97,"Fort Greene","Brooklyn",4.06,26.05,5.5333333,3.5166667,2.0166667,"observed","valid",true,true,true,false,false,14,4,false,"midday_10_15",2026-07-03 14:00:00.000000,38.2,0,13.4,"dry"
786,"HV0003",2026-07-03 14:04:32.000000,2026-07-03 14:06:06.000000,2026-07-03 14:06:42.000000,2026-07-03 14:19:54.000000,127,"Inwood","Manhattan",241,"Van Cortlandt Village","Bronx",1.69,13.2,2.1666667,1.5666667,0.6,"observed","valid",true,true,true,false,false,14,4,false,"midday_10_15",2026-07-03 14:00:00.000000,38.2,0,13.4,"dry"
787,"HV0003",2026-07-03 14:30:08.000000,2026-07-03 14:32:11.000000,2026-07-03 14:32:40.000000,2026-07-03 14:49:50.000000,88,"Financial District South","Manhattan",234,"Union Sq","Manhattan",5.01,17.166666,2.5333333,2.05,0.48333332,"observed","valid",true,true,true,false,false,14,4,false,"midday_10_15",2026-07-03 14:00:00.000000,38.2,0,13.4,"dry"
788,"HV0003",2026-07-03 14:49:32.000000,2026-07-03 14:53:14.000000,2026-07-03 14:54:03.000000,2026-07-03 14:57:26.000000,248,"West Farms/Bronx River","Bronx",248,"West Farms/Bronx River","Bronx",0.65,3.3833334,4.516667,3.7,0.81666666,"observed","valid",true,true,true,false,false,14,4,false,"midday_10_15",2026-07-03 14:00:00.000000,38.2,0,13.4,"dry"
789,"HV0003",2026-07-03 14:00:58.000000,2026-07-03 14:10:08.000000,2026-07-03 14:12:08.000000,2026-07-03 14:34:23.000000,256,"Williamsburg (South Side)","Brooklyn",25,"Boerum Hill","Brooklyn",3.23,22.25,11.166667,9.166667,2,"observed","valid",true,true,true,false,false,14,4,false,"midday_10_15",2026-07-03 14:00:00.000000,38.2,0,13.4,"dry"
790,"HV0005",2026-07-03 14:43:50.000000,2026-07-03 14:49:09.000000,2026-07-03 14:53:15.000000,2026-07-03 15:06:47.000000,97,"Fort Greene","Brooklyn",189,"Prospect Heights","Brooklyn",1.256,13.533334,9.416667,5.3166666,4.1,"observed","valid",true,true,true,false,true,14,4,false,"midday_10_15",2026-07-03 14:00:00.000000,38.2,0,13.4,"dry"
791,"HV0005",2026-07-03 14:15:04.000000,2026-07-03 14:22:01.000000,2026-07-03 14:25:13.000000,2026-07-03 14:49:16.000000,212,"Soundview/Bruckner","Bronx",148,"Lower East Side","Manhattan",11.643,24.05,10.15,6.95,3.2,"observed","valid",true,true,true,false,true,14,4,false,"midday_10_15",2026-07-03 14:00:00.000000,38.2,0,13.4,"dry"
792,"HV0005",2026-07-03 14:20:14.000000,2026-07-03 14:25:50.000000,2026-07-03 14:25:55.000000,2026-07-03 14:44:28.000000,147,"Longwood","Bronx",182,"Parkchester","Bronx",3.568,18.55,5.6833334,5.6,0.083333336,"observed","valid",true,true,true,false,false,14,4,false,"midday_10_15",2026-07-03 14:00:00.000000,38.2,0,13.4,"dry"
793,"HV0003",2026-07-03 14:33:20.000000,2026-07-03 14:37:19.000000,2026-07-03 14:39:19.000000,2026-07-03 15:07:07.000000,40,"Carroll Gardens","Brooklyn",55,"Coney Island","Brooklyn",11.08,27.8,5.983333,3.9833333,2,"observed","valid",true,true,true,false,false,14,4,false,"midday_10_15",2026-07-03 14:00:00.000000,38.2,0,13.4,"dry"
794,"HV0003",2026-07-03 13:50:54.000000,2026-07-03 14:00:33.000000,2026-07-03 14:02:34.000000,2026-07-03 15:28:18.000000,86,"Far Rockaway","Queens",85,"Erasmus","Brooklyn",14.49,85.73333,11.666667,9.65,2.0166667,"observed","valid",true,true,true,false,false,13,4,false,"midday_10_15",2026-07-03 13:00:00.000000,37.4,0,11.8,"dry"
795,"HV0003",2026-07-03 14:59:31.000000,2026-07-03 15:05:43.000000,2026-07-03 15:07:44.000000,2026-07-03 15:18:29.000000,37,"Bushwick South","Brooklyn",37,"Bushwick South","Brooklyn",1.27,10.75,8.216666,6.2,2.0166667,"observed","valid",true,true,true,false,false,14,4,false,"midday_10_15",2026-07-03 14:00:00.000000,38.2,0,13.4,"dry"
796,"HV0005",2026-07-03 15:54:13.000000,2026-07-03 15:57:03.000000,2026-07-03 15:57:23.000000,2026-07-03 16:10:20.000000,79,"East Village","Manhattan",246,"West Chelsea/Hudson Yards","Manhattan",2.252,12.95,3.1666667,2.8333333,0.33333334,"observed","valid",true,true,true,false,false,15,4,false,"midday_10_15",2026-07-03 15:00:00.000000,38.5,0,14.4,"dry"
797,"HV0003",2026-07-03 15:04:03.000000,2026-07-03 15:07:40.000000,2026-07-03 15:07:51.000000,2026-07-03 15:12:17.000000,205,"Saint Albans","Queens",205,"Saint Albans","Queens",0.59,4.4333334,3.8,3.6166666,0.18333334,"observed","valid",true,true,true,false,false,15,4,false,"midday_10_15",2026-07-03 15:00:00.000000,38.5,0,14.4,"dry"
798,"HV0003",2026-07-03 15:19:22.000000,2026-07-03 15:20:17.000000,2026-07-03 15:22:18.000000,2026-07-03 15:33:52.000000,100,"Garment District","Manhattan",162,"Midtown East","Manhattan",1.46,11.566667,2.9333334,0.9166667,2.0166667,"observed","valid",true,true,true,false,false,15,4,false,"midday_10_15",2026-07-03 15:00:00.000000,38.5,0,14.4,"dry"
799,"HV0003",2026-07-03 15:43:03.000000,2026-07-03 15:47:31.000000,2026-07-03 15:48:58.000000,2026-07-03 16:18:42.000000,89,"Flatbush/Ditmas Park","Brooklyn",76,"East New York","Brooklyn",5.48,29.733334,5.9166665,4.4666667,1.45,"observed","valid",true,true,true,false,false,15,4,false,"midday_10_15",2026-07-03 15:00:00.000000,38.5,0,14.4,"dry"
800,"HV0005",2026-07-03 15:05:54.000000,2026-07-03 15:14:46.000000,2026-07-03 15:14:48.000000,2026-07-03 15:48:27.000000,138,"LaGuardia Airport","Queens",62,"Crown Heights South","Brooklyn",10.768,33.65,8.9,8.866667,0.033333335,"observed","valid",true,true,true,false,false,15,4,false,"midday_10_15",2026-07-03 15:00:00.000000,38.5,0,14.4,"dry"
801,"HV0005",2026-07-03 15:04:55.000000,2026-07-03 15:07:45.000000,2026-07-03 15:08:09.000000,2026-07-03 15:13:35.000000,208,"Schuylerville/Edgewater Park","Bronx",212,"Soundview/Bruckner","Bronx",2.397,5.4333334,3.2333333,2.8333333,0.4,"observed","valid",true,true,true,false,false,15,4,false,"midday_10_15",2026-07-03 15:00:00.000000,38.5,0,14.4,"dry"
802,"HV0005",2026-07-03 15:36:52.000000,2026-07-03 15:38:52.000000,2026-07-03 15:41:55.000000,2026-07-03 15:53:07.000000,197,"Richmond Hill","Queens",95,"Forest Hills","Queens",2.157,11.2,5.05,2,3.05,"observed","valid",true,true,true,false,true,15,4,false,"midday_10_15",2026-07-03 15:00:00.000000,38.5,0,14.4,"dry"
803,"HV0003",2026-07-03 15:34:23.000000,2026-07-03 15:36:35.000000,2026-07-03 15:36:55.000000,2026-07-03 16:00:56.000000,224,"Stuy Town/Peter Cooper Village","Manhattan",25,"Boerum Hill","Brooklyn",6.15,24.016666,2.5333333,2.2,0.33333334,"observed","valid",true,true,true,false,false,15,4,false,"midday_10_15",2026-07-03 15:00:00.000000,38.5,0,14.4,"dry"
804,"HV0003",2026-07-03 15:50:37.000000,2026-07-03 15:55:02.000000,2026-07-03 15:55:02.000000,2026-07-03 15:59:37.000000,150,"Manhattan Beach","Brooklyn",29,"Brighton Beach","Brooklyn",1.09,4.5833335,4.4166665,4.4166665,0,"same_as_pickup","valid",true,false,true,false,false,15,4,false,"midday_10_15",2026-07-03 15:00:00.000000,38.5,0,14.4,"dry"
805,"HV0005",2026-07-03 15:17:58.000000,2026-07-03 15:21:56.000000,2026-07-03 15:22:52.000000,2026-07-03 15:36:48.000000,61,"Crown Heights North","Brooklyn",177,"Ocean Hill","Brooklyn",2.604,13.933333,4.9,3.9666667,0.93333334,"observed","valid",true,true,true,false,false,15,4,false,"midday_10_15",2026-07-03 15:00:00.000000,38.5,0,14.4,"dry"
806,"HV0005",2026-07-03 15:24:25.000000,2026-07-03 15:27:05.000000,2026-07-03 15:27:08.000000,2026-07-03 15:41:43.000000,229,"Sutton Place/Turtle Bay North","Manhattan",236,"Upper East Side North","Manhattan",2.07,14.583333,2.7166667,2.6666667,0.05,"observed","valid",true,true,true,false,false,15,4,false,"midday_10_15",2026-07-03 15:00:00.000000,38.5,0,14.4,"dry"
807,"HV0003",2026-07-03 15:33:02.000000,2026-07-03 15:43:18.000000,2026-07-03 15:43:54.000000,2026-07-03 16:21:32.000000,161,"Midtown Center","Manhattan",186,"Penn Station/Madison Sq West","Manhattan",1.02,37.633335,10.866667,10.266666,0.6,"observed","valid",true,true,true,false,false,15,4,false,"midday_10_15",2026-07-03 15:00:00.000000,38.5,0,14.4,"dry"
808,"HV0005",2026-07-03 15:40:42.000000,2026-07-03 15:45:47.000000,2026-07-03 15:48:00.000000,2026-07-03 15:50:33.000000,89,"Flatbush/Ditmas Park","Brooklyn",89,"Flatbush/Ditmas Park","Brooklyn",0.559,2.55,7.3,5.0833335,2.2166667,"observed","valid",true,true,true,false,false,15,4,false,"midday_10_15",2026-07-03 15:00:00.000000,38.5,0,14.4,"dry"
809,"HV0003",2026-07-03 15:05:44.000000,2026-07-03 15:07:36.000000,2026-07-03 15:08:00.000000,2026-07-03 15:22:13.000000,68,"East Chelsea","Manhattan",265,"Outside of NYC","N/A",3.4,14.216666,2.2666667,1.8666667,0.4,"observed","valid",true,true,true,false,false,15,4,false,"midday_10_15",2026-07-03 15:00:00.000000,38.5,0,14.4,"dry"
810,"HV0003",2026-07-03 15:42:24.000000,2026-07-03 15:47:04.000000,2026-07-03 15:49:05.000000,2026-07-03 16:11:06.000000,224,"Stuy Town/Peter Cooper Village","Manhattan",97,"Fort Greene","Brooklyn",5.65,22.016666,6.6833334,4.6666665,2.0166667,"observed","valid",true,true,true,false,false,15,4,false,"midday_10_15",2026-07-03 15:00:00.000000,38.5,0,14.4,"dry"
811,"HV0005",2026-07-03 16:48:15.000000,2026-07-03 16:51:26.000000,2026-07-03 16:51:30.000000,2026-07-03 17:09:25.000000,55,"Coney Island","Brooklyn",123,"Homecrest","Brooklyn",3.977,17.916666,3.25,3.1833334,0.06666667,"observed","valid",true,true,true,false,false,16,4,false,"pm_peak_16_19",2026-07-03 16:00:00.000000,38.2,0,15.8,"dry"
812,"HV0003",2026-07-03 15:55:15.000000,2026-07-03 16:00:53.000000,2026-07-03 16:02:32.000000,2026-07-03 16:12:48.000000,210,"Sheepshead Bay","Brooklyn",155,"Marine Park/Mill Basin","Brooklyn",1.48,10.266666,7.2833333,5.633333,1.65,"observed","valid",true,true,true,false,false,15,4,false,"midday_10_15",2026-07-03 15:00:00.000000,38.5,0,14.4,"dry"
813,"HV0003",2026-07-03 15:56:38.000000,2026-07-03 16:03:51.000000,2026-07-03 16:04:03.000000,2026-07-03 16:20:09.000000,246,"West Chelsea/Hudson Yards","Manhattan",230,"Times Sq/Theatre District","Manhattan",2.35,16.1,7.4166665,7.2166667,0.2,"observed","valid",true,true,true,false,false,15,4,false,"midday_10_15",2026-07-03 15:00:00.000000,38.5,0,14.4,"dry"
814,"HV0003",2026-07-03 16:29:21.000000,2026-07-03 16:34:34.000000,2026-07-03 16:35:36.000000,2026-07-03 16:45:55.000000,228,"Sunset Park West","Brooklyn",14,"Bay Ridge","Brooklyn",2.53,10.316667,6.25,5.2166667,1.0333333,"observed","valid",true,true,true,false,false,16,4,false,"pm_peak_16_19",2026-07-03 16:00:00.000000,38.2,0,15.8,"dry"
815,"HV0005",2026-07-03 16:24:10.000000,2026-07-03 16:26:22.000000,2026-07-03 16:28:23.000000,2026-07-03 16:34:53.000000,66,"DUMBO/Vinegar Hill","Brooklyn",148,"Lower East Side","Manhattan",1.79,6.5,4.2166667,2.2,2.0166667,"observed","valid",true,true,true,false,false,16,4,false,"pm_peak_16_19",2026-07-03 16:00:00.000000,38.2,0,15.8,"dry"
816,"HV0003",2026-07-03 16:07:53.000000,2026-07-03 16:11:11.000000,2026-07-03 16:11:29.000000,2026-07-03 16:37:59.000000,220,"Spuyten Duyvil/Kingsbridge","Bronx",142,"Lincoln Square East","Manhattan",10.79,26.5,3.6,3.3,0.3,"observed","valid",true,true,true,false,false,16,4,false,"pm_peak_16_19",2026-07-03 16:00:00.000000,38.2,0,15.8,"dry"
817,"HV0003",2026-07-03 16:28:02.000000,2026-07-03 16:30:17.000000,2026-07-03 16:30:45.000000,2026-07-03 16:39:37.000000,260,"Woodside","Queens",83,"Elmhurst/Maspeth","Queens",1.34,8.866667,2.7166667,2.25,0.46666667,"observed","valid",true,true,true,false,false,16,4,false,"pm_peak_16_19",2026-07-03 16:00:00.000000,38.2,0,15.8,"dry"
818,"HV0005",2026-07-03 16:16:36.000000,2026-07-03 16:25:15.000000,2026-07-03 16:25:17.000000,2026-07-03 16:46:00.000000,97,"Fort Greene","Brooklyn",61,"Crown Heights North","Brooklyn",3.941,20.716667,8.683333,8.65,0.033333335,"observed","valid",true,true,true,false,false,16,4,false,"pm_peak_16_19",2026-07-03 16:00:00.000000,38.2,0,15.8,"dry"
819,"HV0003",2026-07-03 16:06:34.000000,2026-07-03 16:06:44.000000,2026-07-03 16:08:09.000000,2026-07-03 16:15:05.000000,212,"Soundview/Bruckner","Bronx",126,"Hunts Point","Bronx",2.25,6.9333334,1.5833334,0.16666667,1.4166666,"observed","valid",true,true,true,false,false,16,4,false,"pm_peak_16_19",2026-07-03 16:00:00.000000,38.2,0,15.8,"dry"
820,"HV0005",2026-07-03 16:50:26.000000,2026-07-03 16:57:02.000000,2026-07-03 16:57:03.000000,2026-07-03 17:02:11.000000,18,"Bedford Park","Bronx",18,"Bedford Park","Bronx",0.518,5.133333,6.616667,6.6,0.016666668,"observed","valid",true,true,true,false,false,16,4,false,"pm_peak_16_19",2026-07-03 16:00:00.000000,38.2,0,15.8,"dry"
821,"HV0003",2026-07-03 16:33:35.000000,2026-07-03 16:34:35.000000,2026-07-03 16:34:41.000000,2026-07-03 16:49:44.000000,226,"Sunnyside","Queens",202,"Roosevelt Island","Manhattan",2.41,15.05,1.1,1,0.1,"observed","valid",true,true,true,false,false,16,4,false,"pm_peak_16_19",2026-07-03 16:00:00.000000,38.2,0,15.8,"dry"
822,"HV0003",2026-07-03 16:02:38.000000,2026-07-03 16:05:51.000000,2026-07-03 16:06:45.000000,2026-07-03 16:22:14.000000,226,"Sunnyside","Queens",233,"UN/Turtle Bay South","Manhattan",4.75,15.483334,4.116667,3.2166667,0.9,"observed","valid",true,true,true,false,false,16,4,false,"pm_peak_16_19",2026-07-03 16:00:00.000000,38.2,0,15.8,"dry"
823,"HV0003",2026-07-03 16:35:54.000000,2026-07-03 16:39:28.000000,2026-07-03 16:39:48.000000,2026-07-03 16:46:11.000000,95,"Forest Hills","Queens",93,"Flushing Meadows-Corona Park","Queens",0.81,6.383333,3.9,3.5666666,0.33333334,"observed","valid",true,true,true,false,false,16,4,false,"pm_peak_16_19",2026-07-03 16:00:00.000000,38.2,0,15.8,"dry"
824,"HV0003",2026-07-03 16:29:15.000000,2026-07-03 16:36:05.000000,2026-07-03 16:37:47.000000,2026-07-03 16:53:39.000000,254,"Williamsbridge/Olinville","Bronx",51,"Co-Op City","Bronx",2.82,15.866667,8.533334,6.8333335,1.7,"observed","valid",true,true,true,false,false,16,4,false,"pm_peak_16_19",2026-07-03 16:00:00.000000,38.2,0,15.8,"dry"
825,"HV0005",2026-07-03 16:40:49.000000,2026-07-03 16:47:10.000000,2026-07-03 16:47:18.000000,2026-07-03 17:07:27.000000,60,"Crotona Park East","Bronx",69,"East Concourse/Concourse Village","Bronx",2.159,20.15,6.483333,6.35,0.13333334,"observed","valid",true,true,true,false,false,16,4,false,"pm_peak_16_19",2026-07-03 16:00:00.000000,38.2,0,15.8,"dry"
826,"HV0003",2026-07-03 16:21:10.000000,2026-07-03 16:26:36.000000,2026-07-03 16:26:51.000000,2026-07-03 16:49:10.000000,151,"Manhattan Valley","Manhattan",79,"East Village","Manhattan",6.31,22.316668,5.6833334,5.4333334,0.25,"observed","valid",true,true,true,false,false,16,4,false,"pm_peak_16_19",2026-07-03 16:00:00.000000,38.2,0,15.8,"dry"
827,"HV0003",2026-07-03 16:54:24.000000,2026-07-03 16:58:54.000000,2026-07-03 16:59:27.000000,2026-07-03 17:27:36.000000,138,"LaGuardia Airport","Queens",37,"Bushwick South","Brooklyn",8.4,28.15,5.05,4.5,0.55,"observed","valid",true,true,true,false,false,16,4,false,"pm_peak_16_19",2026-07-03 16:00:00.000000,38.2,0,15.8,"dry"
828,"HV0003",2026-07-03 16:33:49.000000,2026-07-03 16:34:00.000000,2026-07-03 16:36:00.000000,2026-07-03 17:42:06.000000,132,"JFK Airport","Queens",265,"Outside of NYC","N/A",22.15,66.1,2.1833334,0.18333334,2,"observed","valid",true,true,true,false,false,16,4,false,"pm_peak_16_19",2026-07-03 16:00:00.000000,38.2,0,15.8,"dry"
829,"HV0003",2026-07-03 16:17:37.000000,2026-07-03 16:21:59.000000,2026-07-03 16:23:37.000000,2026-07-03 16:53:55.000000,223,"Steinway","Queens",265,"Outside of NYC","N/A",13.37,30.3,6,4.366667,1.6333333,"observed","valid",true,true,true,false,false,16,4,false,"pm_peak_16_19",2026-07-03 16:00:00.000000,38.2,0,15.8,"dry"
830,"HV0003",2026-07-03 16:39:02.000000,2026-07-03 16:39:25.000000,2026-07-03 16:41:25.000000,2026-07-03 17:27:24.000000,132,"JFK Airport","Queens",162,"Midtown East","Manhattan",16.74,45.983334,2.3833334,0.38333333,2,"observed","valid",true,true,true,false,false,16,4,false,"pm_peak_16_19",2026-07-03 16:00:00.000000,38.2,0,15.8,"dry"
831,"HV0003",2026-07-03 15:59:18.000000,2026-07-03 16:00:52.000000,2026-07-03 16:02:44.000000,2026-07-03 16:17:41.000000,83,"Elmhurst/Maspeth","Queens",7,"Astoria","Queens",3.27,14.95,3.4333334,1.5666667,1.8666667,"observed","valid",true,true,true,false,false,15,4,false,"midday_10_15",2026-07-03 15:00:00.000000,38.5,0,14.4,"dry"
832,"HV0003",2026-07-03 15:59:00.000000,2026-07-03 16:03:34.000000,2026-07-03 16:03:40.000000,2026-07-03 16:21:13.000000,23,"Bloomfield/Emerson Hill","Staten Island",115,"Grymes Hill/Clifton","Staten Island",7.25,17.55,4.6666665,4.5666666,0.1,"observed","valid",true,true,true,true,false,15,4,false,"midday_10_15",2026-07-03 15:00:00.000000,38.5,0,14.4,"dry"
833,"HV0003",2026-07-03 16:51:56.000000,2026-07-03 16:53:26.000000,2026-07-03 16:58:09.000000,2026-07-03 17:17:28.000000,234,"Union Sq","Manhattan",163,"Midtown North","Manhattan",3.27,19.316668,6.2166667,1.5,4.7166667,"observed","valid",true,true,true,false,false,16,4,false,"pm_peak_16_19",2026-07-03 16:00:00.000000,38.2,0,15.8,"dry"
834,"HV0003",2026-07-03 16:09:50.000000,2026-07-03 16:12:13.000000,2026-07-03 16:12:18.000000,2026-07-03 16:17:01.000000,82,"Elmhurst","Queens",157,"Maspeth","Queens",0.89,4.7166667,2.4666667,2.3833334,0.083333336,"observed","valid",true,true,true,false,false,16,4,false,"pm_peak_16_19",2026-07-03 16:00:00.000000,38.2,0,15.8,"dry"
835,"HV0005",2026-07-03 17:39:31.000000,2026-07-03 17:40:38.000000,2026-07-03 17:42:27.000000,2026-07-03 18:07:08.000000,261,"World Trade Center","Manhattan",189,"Prospect Heights","Brooklyn",4.11,24.683332,2.9333334,1.1166667,1.8166667,"observed","valid",true,true,true,false,false,17,4,false,"pm_peak_16_19",2026-07-03 17:00:00.000000,34.1,0.9,18.6,"light_rain"
836,"HV0003",2026-07-03 17:05:07.000000,2026-07-03 17:12:00.000000,2026-07-03 17:13:25.000000,2026-07-03 17:29:49.000000,170,"Murray Hill","Manhattan",138,"LaGuardia Airport","Queens",9.65,16.4,8.3,6.883333,1.4166666,"observed","valid",true,true,true,false,false,17,4,false,"pm_peak_16_19",2026-07-03 17:00:00.000000,34.1,0.9,18.6,"light_rain"
837,"HV0005",2026-07-03 16:52:56.000000,2026-07-03 16:59:23.000000,2026-07-03 17:01:09.000000,2026-07-03 17:43:45.000000,238,"Upper West Side North","Manhattan",1,"Newark Airport","EWR",28.416,42.6,8.216666,6.45,1.7666667,"observed","valid",true,true,true,false,false,16,4,false,"pm_peak_16_19",2026-07-03 16:00:00.000000,38.2,0,15.8,"dry"
838,"HV0003",2026-07-03 17:34:43.000000,2026-07-03 17:36:26.000000,2026-07-03 17:36:30.000000,2026-07-03 17:56:27.000000,255,"Williamsburg (North Side)","Brooklyn",226,"Sunnyside","Queens",3.65,19.95,1.7833333,1.7166667,0.06666667,"observed","valid",true,true,true,false,false,17,4,false,"pm_peak_16_19",2026-07-03 17:00:00.000000,34.1,0.9,18.6,"light_rain"
839,"HV0003",2026-07-03 17:43:09.000000,2026-07-03 17:54:13.000000,2026-07-03 17:54:23.000000,2026-07-03 18:20:17.000000,74,"East Harlem North","Manhattan",65,"Downtown Brooklyn/MetroTech","Brooklyn",10.84,25.9,11.233334,11.066667,0.16666667,"observed","valid",true,true,true,false,false,17,4,false,"pm_peak_16_19",2026-07-03 17:00:00.000000,34.1,0.9,18.6,"light_rain"
840,"HV0005",2026-07-03 17:06:05.000000,2026-07-03 17:10:35.000000,2026-07-03 17:12:52.000000,2026-07-03 17:43:01.000000,82,"Elmhurst","Queens",205,"Saint Albans","Queens",9.367,30.15,6.7833333,4.5,2.2833333,"observed","valid",true,true,true,false,false,17,4,false,"pm_peak_16_19",2026-07-03 17:00:00.000000,34.1,0.9,18.6,"light_rain"
841,"HV0005",2026-07-03 17:20:30.000000,2026-07-03 17:22:59.000000,2026-07-03 17:23:31.000000,2026-07-03 17:28:53.000000,227,"Sunset Park East","Brooklyn",26,"Borough Park","Brooklyn",0.419,5.366667,3.0166667,2.4833333,0.53333336,"observed","valid",true,true,true,false,false,17,4,false,"pm_peak_16_19",2026-07-03 17:00:00.000000,34.1,0.9,18.6,"light_rain"
842,"HV0003",2026-07-03 17:00:07.000000,2026-07-03 17:03:41.000000,2026-07-03 17:04:04.000000,2026-07-03 17:12:31.000000,136,"Kingsbridge Heights","Bronx",127,"Inwood","Manhattan",1.81,8.45,3.95,3.5666666,0.38333333,"observed","valid",true,true,true,false,false,17,4,false,"pm_peak_16_19",2026-07-03 17:00:00.000000,34.1,0.9,18.6,"light_rain"
843,"HV0003",2026-07-03 17:20:36.000000,2026-07-03 17:24:18.000000,2026-07-03 17:24:18.000000,2026-07-03 17:30:36.000000,155,"Marine Park/Mill Basin","Brooklyn",91,"Flatlands","Brooklyn",1.37,6.3,3.7,3.7,0,"same_as_pickup","valid",true,false,true,false,false,17,4,false,"pm_peak_16_19",2026-07-03 17:00:00.000000,34.1,0.9,18.6,"light_rain"
844,"HV0005",2026-07-03 17:12:14.000000,2026-07-03 17:15:20.000000,2026-07-03 17:15:51.000000,2026-07-03 17:29:05.000000,256,"Williamsburg (South Side)","Brooklyn",49,"Clinton Hill","Brooklyn",2.327,13.233334,3.6166666,3.1,0.51666665,"observed","valid",true,true,true,false,false,17,4,false,"pm_peak_16_19",2026-07-03 17:00:00.000000,34.1,0.9,18.6,"light_rain"
845,"HV0005",2026-07-03 17:42:15.000000,2026-07-03 17:42:57.000000,2026-07-03 17:44:25.000000,2026-07-03 17:52:26.000000,239,"Upper West Side South","Manhattan",43,"Central Park","Manhattan",1.361,8.016666,2.1666667,0.7,1.4666667,"observed","valid",true,true,true,false,false,17,4,false,"pm_peak_16_19",2026-07-03 17:00:00.000000,34.1,0.9,18.6,"light_rain"
846,"HV0003",2026-07-03 17:30:49.000000,2026-07-03 17:31:19.000000,2026-07-03 17:33:19.000000,2026-07-03 17:46:57.000000,242,"Van Nest/Morris Park","Bronx",248,"West Farms/Bronx River","Bronx",1.41,13.633333,2.5,0.5,2,"observed","valid",true,true,true,false,false,17,4,false,"pm_peak_16_19",2026-07-03 17:00:00.000000,34.1,0.9,18.6,"light_rain"
847,"HV0003",2026-07-03 17:45:27.000000,2026-07-03 17:47:24.000000,2026-07-03 17:48:02.000000,2026-07-03 18:08:35.000000,90,"Flatiron","Manhattan",141,"Lenox Hill West","Manhattan",4.87,20.55,2.5833333,1.95,0.6333333,"observed","valid",true,true,true,false,false,17,4,false,"pm_peak_16_19",2026-07-03 17:00:00.000000,34.1,0.9,18.6,"light_rain"
848,"HV0003",2026-07-03 16:51:35.000000,2026-07-03 17:03:26.000000,2026-07-03 17:03:34.000000,2026-07-03 17:57:43.000000,117,"Hammels/Arverne","Queens",61,"Crown Heights North","Brooklyn",12.84,54.15,11.983334,11.85,0.13333334,"observed","valid",true,true,true,false,false,16,4,false,"pm_peak_16_19",2026-07-03 16:00:00.000000,38.2,0,15.8,"dry"
849,"HV0005",2026-07-03 17:46:24.000000,2026-07-03 17:47:38.000000,2026-07-03 17:51:10.000000,2026-07-03 18:13:30.000000,138,"LaGuardia Airport","Queens",79,"East Village","Manhattan",9.114,22.333334,4.766667,1.2333333,3.5333333,"observed","valid",true,true,true,false,true,17,4,false,"pm_peak_16_19",2026-07-03 17:00:00.000000,34.1,0.9,18.6,"light_rain"
850,"HV0005",2026-07-03 17:20:50.000000,2026-07-03 17:22:05.000000,2026-07-03 17:24:10.000000,2026-07-03 17:41:25.000000,40,"Carroll Gardens","Brooklyn",61,"Crown Heights North","Brooklyn",3.199,17.25,3.3333333,1.25,2.0833333,"observed","valid",true,true,true,false,false,17,4,false,"pm_peak_16_19",2026-07-03 17:00:00.000000,34.1,0.9,18.6,"light_rain"
851,"HV0003",2026-07-03 17:51:07.000000,2026-07-03 17:52:58.000000,2026-07-03 17:54:02.000000,2026-07-03 18:09:23.000000,233,"UN/Turtle Bay South","Manhattan",158,"Meatpacking/West Village West","Manhattan",6.86,15.35,2.9166667,1.85,1.0666667,"observed","valid",true,true,true,false,false,17,4,false,"pm_peak_16_19",2026-07-03 17:00:00.000000,34.1,0.9,18.6,"light_rain"
852,"HV0005",2026-07-03 17:29:24.000000,2026-07-03 17:17:52.000000,2026-07-03 17:19:59.000000,2026-07-03 17:36:19.000000,90,"Flatiron","Manhattan",186,"Penn Station/Madison Sq West","Manhattan",1.245,16.333334,-9.416667,-11.533334,2.1166666,"before_request","pickup_before_request",false,false,false,false,false,17,4,false,"pm_peak_16_19",2026-07-03 17:00:00.000000,34.1,0.9,18.6,"light_rain"
853,"HV0003",2026-07-03 17:23:06.000000,2026-07-03 17:24:08.000000,2026-07-03 17:26:09.000000,2026-07-03 18:09:24.000000,164,"Midtown South","Manhattan",256,"Williamsburg (South Side)","Brooklyn",8.53,43.25,3.05,1.0333333,2.0166667,"observed","valid",true,true,true,false,false,17,4,false,"pm_peak_16_19",2026-07-03 17:00:00.000000,34.1,0.9,18.6,"light_rain"
854,"HV0003",2026-07-03 16:52:59.000000,2026-07-03 16:58:51.000000,2026-07-03 17:00:25.000000,2026-07-03 17:10:57.000000,21,"Bensonhurst East","Brooklyn",22,"Bensonhurst West","Brooklyn",1.1,10.533334,7.4333334,5.866667,1.5666667,"observed","valid",true,true,true,false,false,16,4,false,"pm_peak_16_19",2026-07-03 16:00:00.000000,38.2,0,15.8,"dry"
855,"HV0003",2026-07-03 17:47:12.000000,2026-07-03 17:55:06.000000,2026-07-03 17:55:15.000000,2026-07-03 18:16:20.000000,197,"Richmond Hill","Queens",130,"Jamaica","Queens",3.31,21.083334,8.05,7.9,0.15,"observed","valid",true,true,true,false,false,17,4,false,"pm_peak_16_19",2026-07-03 17:00:00.000000,34.1,0.9,18.6,"light_rain"
856,"HV0005",2026-07-03 17:58:45.000000,2026-07-03 18:04:27.000000,2026-07-03 18:05:10.000000,2026-07-03 18:23:41.000000,4,"Alphabet City","Manhattan",112,"Greenpoint","Brooklyn",4.304,18.516666,6.4166665,5.7,0.71666664,"observed","valid",true,true,true,false,false,17,4,false,"pm_peak_16_19",2026-07-03 17:00:00.000000,34.1,0.9,18.6,"light_rain"
857,"HV0003",2026-07-03 18:37:23.000000,2026-07-03 18:47:35.000000,2026-07-03 18:48:38.000000,2026-07-03 19:04:37.000000,70,"East Elmhurst","Queens",130,"Jamaica","Queens",6.08,15.983334,11.25,10.2,1.05,"observed","valid",true,true,true,false,false,18,4,false,"pm_peak_16_19",2026-07-03 18:00:00.000000,33.7,1.4,6.7,"light_rain"
858,"HV0003",2026-07-03 18:23:49.000000,2026-07-03 18:28:55.000000,2026-07-03 18:29:50.000000,2026-07-03 18:32:30.000000,26,"Borough Park","Brooklyn",26,"Borough Park","Brooklyn",0.66,2.6666667,6.016667,5.1,0.9166667,"observed","valid",true,true,true,false,false,18,4,false,"pm_peak_16_19",2026-07-03 18:00:00.000000,33.7,1.4,6.7,"light_rain"
859,"HV0005",2026-07-03 18:07:43.000000,2026-07-03 18:11:29.000000,2026-07-03 18:12:30.000000,2026-07-03 18:29:26.000000,226,"Sunnyside","Queens",112,"Greenpoint","Brooklyn",3.524,16.933332,4.7833333,3.7666667,1.0166667,"observed","valid",true,true,true,false,false,18,4,false,"pm_peak_16_19",2026-07-03 18:00:00.000000,33.7,1.4,6.7,"light_rain"
860,"HV0003",2026-07-03 18:48:30.000000,2026-07-03 18:50:01.000000,2026-07-03 18:51:16.000000,2026-07-03 18:58:05.000000,69,"East Concourse/Concourse Village","Bronx",247,"West Concourse","Bronx",0.69,6.8166666,2.7666667,1.5166667,1.25,"observed","valid",true,true,true,false,false,18,4,false,"pm_peak_16_19",2026-07-03 18:00:00.000000,33.7,1.4,6.7,"light_rain"
861,"HV0003",2026-07-03 18:29:06.000000,2026-07-03 18:32:30.000000,2026-07-03 18:34:30.000000,2026-07-03 18:42:54.000000,143,"Lincoln Square West","Manhattan",151,"Manhattan Valley","Manhattan",2.17,8.4,5.4,3.4,2,"observed","valid",true,true,true,false,false,18,4,false,"pm_peak_16_19",2026-07-03 18:00:00.000000,33.7,1.4,6.7,"light_rain"
862,"HV0005",2026-07-03 18:17:29.000000,2026-07-03 18:22:48.000000,2026-07-03 18:23:19.000000,2026-07-03 18:32:24.000000,37,"Bushwick South","Brooklyn",225,"Stuyvesant Heights","Brooklyn",1.347,9.083333,5.8333335,5.3166666,0.51666665,"observed","valid",true,true,true,false,false,18,4,false,"pm_peak_16_19",2026-07-03 18:00:00.000000,33.7,1.4,6.7,"light_rain"
863,"HV0003",2026-07-03 18:41:05.000000,2026-07-03 18:42:12.000000,2026-07-03 18:42:21.000000,2026-07-03 18:48:02.000000,40,"Carroll Gardens","Brooklyn",25,"Boerum Hill","Brooklyn",0.83,5.6833334,1.2666667,1.1166667,0.15,"observed","valid",true,true,true,false,false,18,4,false,"pm_peak_16_19",2026-07-03 18:00:00.000000,33.7,1.4,6.7,"light_rain"
864,"HV0003",2026-07-03 18:25:41.000000,2026-07-03 18:31:13.000000,2026-07-03 18:31:13.000000,2026-07-03 18:43:08.000000,195,"Red Hook","Brooklyn",227,"Sunset Park East","Brooklyn",4.83,11.916667,5.5333333,5.5333333,0,"same_as_pickup","valid",true,false,true,false,false,18,4,false,"pm_peak_16_19",2026-07-03 18:00:00.000000,33.7,1.4,6.7,"light_rain"
865,"HV0005",2026-07-03 18:20:35.000000,2026-07-03 18:25:17.000000,2026-07-03 18:25:18.000000,2026-07-03 18:34:30.000000,263,"Yorkville West","Manhattan",141,"Lenox Hill West","Manhattan",1.711,9.2,4.7166667,4.7,0.016666668,"observed","valid",true,true,true,false,false,18,4,false,"pm_peak_16_19",2026-07-03 18:00:00.000000,33.7,1.4,6.7,"light_rain"
866,"HV0003",2026-07-03 18:08:37.000000,2026-07-03 18:13:13.000000,2026-07-03 18:13:48.000000,2026-07-03 18:17:11.000000,18,"Bedford Park","Bronx",18,"Bedford Park","Bronx",0.48,3.3833334,5.1833334,4.6,0.5833333,"observed","valid",true,true,true,false,false,18,4,false,"pm_peak_16_19",2026-07-03 18:00:00.000000,33.7,1.4,6.7,"light_rain"
867,"HV0003",2026-07-03 17:54:37.000000,2026-07-03 18:04:06.000000,2026-07-03 18:04:15.000000,2026-07-03 18:40:26.000000,95,"Forest Hills","Queens",29,"Brighton Beach","Brooklyn",18.14,36.183334,9.633333,9.483334,0.15,"observed","valid",true,true,true,false,false,17,4,false,"pm_peak_16_19",2026-07-03 17:00:00.000000,34.1,0.9,18.6,"light_rain"
868,"HV0003",2026-07-03 18:24:23.000000,2026-07-03 18:26:16.000000,2026-07-03 18:26:16.000000,2026-07-03 18:34:09.000000,145,"Long Island City/Hunters Point","Queens",193,"Queensbridge/Ravenswood","Queens",1.15,7.883333,1.8833333,1.8833333,0,"same_as_pickup","valid",true,false,true,false,false,18,4,false,"pm_peak_16_19",2026-07-03 18:00:00.000000,33.7,1.4,6.7,"light_rain"
869,"HV0003",2026-07-03 18:25:34.000000,2026-07-03 18:28:32.000000,2026-07-03 18:30:33.000000,2026-07-03 18:52:46.000000,74,"East Harlem North","Manhattan",69,"East Concourse/Concourse Village","Bronx",3.99,22.216667,4.983333,2.9666667,2.0166667,"observed","valid",true,true,true,false,false,18,4,false,"pm_peak_16_19",2026-07-03 18:00:00.000000,33.7,1.4,6.7,"light_rain"
870,"HV0003",2026-07-03 18:42:58.000000,2026-07-03 18:46:07.000000,2026-07-03 18:47:55.000000,2026-07-03 19:07:26.000000,236,"Upper East Side North","Manhattan",42,"Central Harlem North","Manhattan",3.78,19.516666,4.95,3.15,1.8,"observed","valid",true,true,true,false,false,18,4,false,"pm_peak_16_19",2026-07-03 18:00:00.000000,33.7,1.4,6.7,"light_rain"
871,"HV0003",2026-07-03 18:11:42.000000,2026-07-03 18:14:00.000000,2026-07-03 18:14:15.000000,2026-07-03 18:24:21.000000,142,"Lincoln Square East","Manhattan",161,"Midtown Center","Manhattan",1.59,10.1,2.55,2.3,0.25,"observed","valid",true,true,true,false,false,18,4,false,"pm_peak_16_19",2026-07-03 18:00:00.000000,33.7,1.4,6.7,"light_rain"
872,"HV0003",2026-07-03 18:29:49.000000,2026-07-03 18:39:26.000000,2026-07-03 18:39:26.000000,2026-07-03 20:12:05.000000,132,"JFK Airport","Queens",265,"Outside of NYC","N/A",68.44,92.65,9.616667,9.616667,0,"same_as_pickup","valid",true,false,true,false,false,18,4,false,"pm_peak_16_19",2026-07-03 18:00:00.000000,33.7,1.4,6.7,"light_rain"
873,"HV0003",2026-07-03 18:20:13.000000,2026-07-03 18:26:19.000000,2026-07-03 18:28:20.000000,2026-07-03 18:47:40.000000,85,"Erasmus","Brooklyn",178,"Ocean Parkway South","Brooklyn",2.97,19.333334,8.116667,6.1,2.0166667,"observed","valid",true,true,true,false,false,18,4,false,"pm_peak_16_19",2026-07-03 18:00:00.000000,33.7,1.4,6.7,"light_rain"
874,"HV0003",2026-07-03 18:16:34.000000,2026-07-03 18:19:32.000000,2026-07-03 18:21:14.000000,2026-07-03 18:47:13.000000,155,"Marine Park/Mill Basin","Brooklyn",71,"East Flatbush/Farragut","Brooklyn",5,25.983334,4.6666665,2.9666667,1.7,"observed","valid",true,true,true,false,false,18,4,false,"pm_peak_16_19",2026-07-03 18:00:00.000000,33.7,1.4,6.7,"light_rain"
875,"HV0003",2026-07-03 18:38:51.000000,2026-07-03 18:40:32.000000,2026-07-03 18:41:29.000000,2026-07-03 18:56:00.000000,80,"East Williamsburg","Brooklyn",112,"Greenpoint","Brooklyn",1.79,14.516666,2.6333334,1.6833333,0.95,"observed","valid",true,true,true,false,false,18,4,false,"pm_peak_16_19",2026-07-03 18:00:00.000000,33.7,1.4,6.7,"light_rain"
876,"HV0005",2026-07-03 17:57:56.000000,2026-07-03 18:01:09.000000,2026-07-03 18:02:11.000000,2026-07-03 19:07:57.000000,140,"Lenox Hill East","Manhattan",124,"Howard Beach","Queens",12.611,65.76667,4.25,3.2166667,1.0333333,"observed","valid",true,true,true,false,false,17,4,false,"pm_peak_16_19",2026-07-03 17:00:00.000000,34.1,0.9,18.6,"light_rain"
877,"HV0003",2026-07-03 18:20:45.000000,2026-07-03 18:26:23.000000,2026-07-03 18:28:23.000000,2026-07-03 18:48:40.000000,37,"Bushwick South","Brooklyn",33,"Brooklyn Heights","Brooklyn",3.76,20.283333,7.633333,5.633333,2,"observed","valid",true,true,true,false,false,18,4,false,"pm_peak_16_19",2026-07-03 18:00:00.000000,33.7,1.4,6.7,"light_rain"
878,"HV0003",2026-07-03 18:12:34.000000,2026-07-03 18:13:10.000000,2026-07-03 18:15:10.000000,2026-07-03 18:28:35.000000,63,"Cypress Hills","Brooklyn",76,"East New York","Brooklyn",2.31,13.416667,2.6,0.6,2,"observed","valid",true,true,true,false,false,18,4,false,"pm_peak_16_19",2026-07-03 18:00:00.000000,33.7,1.4,6.7,"light_rain"
879,"HV0003",2026-07-03 18:01:16.000000,2026-07-03 18:04:53.000000,2026-07-03 18:06:53.000000,2026-07-03 18:09:12.000000,39,"Canarsie","Brooklyn",91,"Flatlands","Brooklyn",0.33,2.3166666,5.616667,3.6166666,2,"observed","valid",true,true,true,false,false,18,4,false,"pm_peak_16_19",2026-07-03 18:00:00.000000,33.7,1.4,6.7,"light_rain"
880,"HV0005",2026-07-03 18:03:09.000000,2026-07-03 18:05:15.000000,2026-07-03 18:05:54.000000,2026-07-03 18:23:14.000000,102,"Glendale","Queens",76,"East New York","Brooklyn",3.221,17.333334,2.75,2.1,0.65,"observed","valid",true,true,true,false,false,18,4,false,"pm_peak_16_19",2026-07-03 18:00:00.000000,33.7,1.4,6.7,"light_rain"
881,"HV0003",2026-07-03 19:38:50.000000,2026-07-03 19:39:22.000000,2026-07-03 19:40:10.000000,2026-07-03 19:49:38.000000,170,"Murray Hill","Manhattan",234,"Union Sq","Manhattan",1.23,9.466666,1.3333334,0.53333336,0.8,"observed","valid",true,true,true,false,false,19,4,false,"pm_peak_16_19",2026-07-03 19:00:00.000000,35.2,0,9.8,"dry"
882,"HV0005",2026-07-03 19:27:26.000000,2026-07-03 19:31:47.000000,2026-07-03 19:32:18.000000,2026-07-03 19:42:32.000000,78,"East Tremont","Bronx",185,"Pelham Parkway","Bronx",1.681,10.233334,4.866667,4.35,0.51666665,"observed","valid",true,true,true,false,false,19,4,false,"pm_peak_16_19",2026-07-03 19:00:00.000000,35.2,0,9.8,"dry"
883,"HV0003",2026-07-03 18:55:58.000000,2026-07-03 18:59:44.000000,2026-07-03 19:01:01.000000,2026-07-03 19:04:21.000000,61,"Crown Heights North","Brooklyn",62,"Crown Heights South","Brooklyn",0.63,3.3333333,5.05,3.7666667,1.2833333,"observed","valid",true,true,true,false,false,18,4,false,"pm_peak_16_19",2026-07-03 18:00:00.000000,33.7,1.4,6.7,"light_rain"
884,"HV0003",2026-07-03 19:08:22.000000,2026-07-03 19:10:20.000000,2026-07-03 19:10:31.000000,2026-07-03 19:21:36.000000,239,"Upper West Side South","Manhattan",166,"Morningside Heights","Manhattan",2.9,11.083333,2.15,1.9666667,0.18333334,"observed","valid",true,true,true,false,false,19,4,false,"pm_peak_16_19",2026-07-03 19:00:00.000000,35.2,0,9.8,"dry"
885,"HV0005",2026-07-03 19:54:09.000000,2026-07-03 19:56:44.000000,2026-07-03 19:57:23.000000,2026-07-03 20:14:46.000000,208,"Schuylerville/Edgewater Park","Bronx",254,"Williamsbridge/Olinville","Bronx",6.898,17.383333,3.2333333,2.5833333,0.65,"observed","valid",true,true,true,false,false,19,4,false,"pm_peak_16_19",2026-07-03 19:00:00.000000,35.2,0,9.8,"dry"
886,"HV0003",2026-07-03 19:44:18.000000,2026-07-03 19:47:42.000000,2026-07-03 19:47:56.000000,2026-07-03 20:01:33.000000,223,"Steinway","Queens",7,"Astoria","Queens",1.95,13.616667,3.6333334,3.4,0.23333333,"observed","valid",true,true,true,false,false,19,4,false,"pm_peak_16_19",2026-07-03 19:00:00.000000,35.2,0,9.8,"dry"
887,"HV0003",2026-07-03 19:07:17.000000,2026-07-03 19:07:48.000000,2026-07-03 19:09:48.000000,2026-07-03 19:31:22.000000,37,"Bushwick South","Brooklyn",17,"Bedford","Brooklyn",3.02,21.566668,2.5166667,0.51666665,2,"observed","valid",true,true,true,false,false,19,4,false,"pm_peak_16_19",2026-07-03 19:00:00.000000,35.2,0,9.8,"dry"
888,"HV0003",2026-07-03 19:02:03.000000,2026-07-03 19:08:28.000000,2026-07-03 19:10:27.000000,2026-07-03 19:18:05.000000,49,"Clinton Hill","Brooklyn",61,"Crown Heights North","Brooklyn",0.83,7.633333,8.4,6.4166665,1.9833333,"observed","valid",true,true,true,false,false,19,4,false,"pm_peak_16_19",2026-07-03 19:00:00.000000,35.2,0,9.8,"dry"
889,"HV0003",2026-07-03 19:33:47.000000,2026-07-03 19:34:55.000000,2026-07-03 19:35:38.000000,2026-07-03 19:44:43.000000,140,"Lenox Hill East","Manhattan",137,"Kips Bay","Manhattan",2.36,9.083333,1.85,1.1333333,0.71666664,"observed","valid",true,true,true,false,false,19,4,false,"pm_peak_16_19",2026-07-03 19:00:00.000000,35.2,0,9.8,"dry"
890,"HV0003",2026-07-03 19:49:26.000000,2026-07-03 19:51:23.000000,2026-07-03 19:52:52.000000,2026-07-03 20:30:57.000000,61,"Crown Heights North","Brooklyn",100,"Garment District","Manhattan",9.9,38.083332,3.4333334,1.95,1.4833333,"observed","valid",true,true,true,false,false,19,4,false,"pm_peak_16_19",2026-07-03 19:00:00.000000,35.2,0,9.8,"dry"
891,"HV0003",2026-07-03 19:28:07.000000,2026-07-03 19:34:59.000000,2026-07-03 19:37:00.000000,2026-07-03 20:10:35.000000,44,"Charleston/Tottenville","Staten Island",14,"Bay Ridge","Brooklyn",19.99,33.583332,8.883333,6.866667,2.0166667,"observed","valid",true,true,true,false,false,19,4,false,"pm_peak_16_19",2026-07-03 19:00:00.000000,35.2,0,9.8,"dry"
892,"HV0003",2026-07-03 19:49:50.000000,2026-07-03 19:54:21.000000,2026-07-03 19:54:57.000000,2026-07-03 20:00:06.000000,21,"Bensonhurst East","Brooklyn",21,"Bensonhurst East","Brooklyn",0.82,5.15,5.116667,4.516667,0.6,"observed","valid",true,true,true,false,false,19,4,false,"pm_peak_16_19",2026-07-03 19:00:00.000000,35.2,0,9.8,"dry"
893,"HV0005",2026-07-03 19:26:58.000000,2026-07-03 19:29:12.000000,2026-07-03 19:31:18.000000,2026-07-03 19:43:15.000000,235,"University Heights/Morris Heights","Bronx",18,"Bedford Park","Bronx",1.801,11.95,4.3333335,2.2333333,2.1,"observed","valid",true,true,true,false,false,19,4,false,"pm_peak_16_19",2026-07-03 19:00:00.000000,35.2,0,9.8,"dry"
894,"HV0003",2026-07-03 19:57:09.000000,2026-07-03 19:57:54.000000,2026-07-03 19:58:20.000000,2026-07-03 20:09:06.000000,148,"Lower East Side","Manhattan",114,"Greenwich Village South","Manhattan",1.15,10.766666,1.1833333,0.75,0.43333334,"observed","valid",true,true,true,false,false,19,4,false,"pm_peak_16_19",2026-07-03 19:00:00.000000,35.2,0,9.8,"dry"
895,"HV0003",2026-07-03 19:46:16.000000,2026-07-03 19:48:46.000000,2026-07-03 19:49:25.000000,2026-07-03 20:11:26.000000,37,"Bushwick South","Brooklyn",256,"Williamsburg (South Side)","Brooklyn",2.28,22.016666,3.15,2.5,0.65,"observed","valid",true,true,true,false,false,19,4,false,"pm_peak_16_19",2026-07-03 19:00:00.000000,35.2,0,9.8,"dry"
896,"HV0005",2026-07-03 19:59:32.000000,2026-07-03 20:02:15.000000,2026-07-03 20:05:27.000000,2026-07-03 20:25:35.000000,145,"Long Island City/Hunters Point","Queens",142,"Lincoln Square East","Manhattan",4.798,20.133333,5.9166665,2.7166667,3.2,"observed","valid",true,true,true,false,true,19,4,false,"pm_peak_16_19",2026-07-03 19:00:00.000000,35.2,0,9.8,"dry"
897,"HV0003",2026-07-03 20:08:36.000000,2026-07-03 20:10:50.000000,2026-07-03 20:12:50.000000,2026-07-03 20:24:03.000000,189,"Prospect Heights","Brooklyn",181,"Park Slope","Brooklyn",0.66,11.216666,4.233333,2.2333333,2,"observed","valid",true,true,true,false,false,20,4,false,"evening_20_23",2026-07-03 20:00:00.000000,32.3,0,17.4,"dry"
898,"HV0003",2026-07-03 20:13:06.000000,2026-07-03 20:15:54.000000,2026-07-03 20:16:13.000000,2026-07-03 20:26:59.000000,76,"East New York","Brooklyn",76,"East New York","Brooklyn",2.27,10.766666,3.1166666,2.8,0.31666666,"observed","valid",true,true,true,false,false,20,4,false,"evening_20_23",2026-07-03 20:00:00.000000,32.3,0,17.4,"dry"
899,"HV0005",2026-07-03 19:59:30.000000,2026-07-03 20:00:38.000000,2026-07-03 20:01:33.000000,2026-07-03 20:07:12.000000,121,"Hillcrest/Pomonok","Queens",98,"Fresh Meadows","Queens",1.796,5.65,2.05,1.1333333,0.9166667,"observed","valid",true,true,true,false,false,19,4,false,"pm_peak_16_19",2026-07-03 19:00:00.000000,35.2,0,9.8,"dry"
900,"HV0003",2026-07-03 20:36:18.000000,2026-07-03 20:41:29.000000,2026-07-03 20:42:19.000000,2026-07-03 20:50:03.000000,229,"Sutton Place/Turtle Bay North","Manhattan",263,"Yorkville West","Manhattan",2.05,7.733333,6.016667,5.1833334,0.8333333,"observed","valid",true,true,true,false,false,20,4,false,"evening_20_23",2026-07-03 20:00:00.000000,32.3,0,17.4,"dry"
901,"HV0003",2026-07-03 20:47:01.000000,2026-07-03 20:47:57.000000,2026-07-03 20:48:39.000000,2026-07-03 20:58:22.000000,249,"West Village","Manhattan",234,"Union Sq","Manhattan",1.6,9.716666,1.6333333,0.93333334,0.7,"observed","valid",true,true,true,false,false,20,4,false,"evening_20_23",2026-07-03 20:00:00.000000,32.3,0,17.4,"dry"
902,"HV0003",2026-07-03 20:03:16.000000,2026-07-03 20:04:58.000000,2026-07-03 20:05:11.000000,2026-07-03 20:06:49.000000,220,"Spuyten Duyvil/Kingsbridge","Bronx",220,"Spuyten Duyvil/Kingsbridge","Bronx",0.27,1.6333333,1.9166666,1.7,0.21666667,"observed","valid",true,true,true,false,false,20,4,false,"evening_20_23",2026-07-03 20:00:00.000000,32.3,0,17.4,"dry"
903,"HV0005",2026-07-03 20:33:25.000000,2026-07-03 20:42:41.000000,2026-07-03 20:42:58.000000,2026-07-03 21:06:18.000000,95,"Forest Hills","Queens",10,"Baisley Park","Queens",5.101,23.333334,9.55,9.266666,0.28333333,"observed","valid",true,true,true,false,false,20,4,false,"evening_20_23",2026-07-03 20:00:00.000000,32.3,0,17.4,"dry"
904,"HV0003",2026-07-03 20:17:40.000000,2026-07-03 20:21:27.000000,2026-07-03 20:21:46.000000,2026-07-03 20:28:38.000000,25,"Boerum Hill","Brooklyn",25,"Boerum Hill","Brooklyn",0.91,6.866667,4.1,3.7833333,0.31666666,"observed","valid",true,true,true,false,false,20,4,false,"evening_20_23",2026-07-03 20:00:00.000000,32.3,0,17.4,"dry"
905,"HV0003",2026-07-03 20:50:55.000000,2026-07-03 20:57:12.000000,2026-07-03 20:57:12.000000,2026-07-03 21:18:40.000000,37,"Bushwick South","Brooklyn",63,"Cypress Hills","Brooklyn",3.58,21.466667,6.2833333,6.2833333,0,"same_as_pickup","valid",true,false,true,false,false,20,4,false,"evening_20_23",2026-07-03 20:00:00.000000,32.3,0,17.4,"dry"
906,"HV0005",2026-07-03 20:56:18.000000,2026-07-03 20:58:33.000000,2026-07-03 20:58:35.000000,2026-07-03 21:07:56.000000,129,"Jackson Heights","Queens",7,"Astoria","Queens",1.388,9.35,2.2833333,2.25,0.033333335,"observed","valid",true,true,true,false,false,20,4,false,"evening_20_23",2026-07-03 20:00:00.000000,32.3,0,17.4,"dry"
907,"HV0005",2026-07-03 19:55:47.000000,2026-07-03 19:59:28.000000,2026-07-03 20:03:13.000000,2026-07-03 20:14:52.000000,163,"Midtown North","Manhattan",48,"Clinton East","Manhattan",1.536,11.65,7.4333334,3.6833334,3.75,"observed","valid",true,true,true,false,true,19,4,false,"pm_peak_16_19",2026-07-03 19:00:00.000000,35.2,0,9.8,"dry"
908,"HV0003",2026-07-03 20:04:22.000000,2026-07-03 20:07:50.000000,2026-07-03 20:09:51.000000,2026-07-03 20:33:18.000000,229,"Sutton Place/Turtle Bay North","Manhattan",231,"TriBeCa/Civic Center","Manhattan",6.93,23.45,5.483333,3.4666667,2.0166667,"observed","valid",true,true,true,false,false,20,4,false,"evening_20_23",2026-07-03 20:00:00.000000,32.3,0,17.4,"dry"
909,"HV0003",2026-07-03 20:12:53.000000,2026-07-03 20:19:52.000000,2026-07-03 20:20:18.000000,2026-07-03 20:34:01.000000,61,"Crown Heights North","Brooklyn",225,"Stuyvesant Heights","Brooklyn",2.63,13.716666,7.4166665,6.983333,0.43333334,"observed","valid",true,true,true,false,false,20,4,false,"evening_20_23",2026-07-03 20:00:00.000000,32.3,0,17.4,"dry"
910,"HV0003",2026-07-03 20:47:31.000000,2026-07-03 20:49:43.000000,2026-07-03 20:50:25.000000,2026-07-03 21:04:21.000000,13,"Battery Park City","Manhattan",113,"Greenwich Village North","Manhattan",2.56,13.933333,2.9,2.2,0.7,"observed","valid",true,true,true,false,false,20,4,false,"evening_20_23",2026-07-03 20:00:00.000000,32.3,0,17.4,"dry"
911,"HV0005",2026-07-03 20:26:21.000000,2026-07-03 20:32:09.000000,2026-07-03 20:34:20.000000,2026-07-03 20:45:58.000000,258,"Woodhaven","Queens",130,"Jamaica","Queens",2.837,11.633333,7.983333,5.8,2.1833334,"observed","valid",true,true,true,false,false,20,4,false,"evening_20_23",2026-07-03 20:00:00.000000,32.3,0,17.4,"dry"
912,"HV0005",2026-07-03 20:12:22.000000,2026-07-03 20:15:47.000000,2026-07-03 20:16:00.000000,2026-07-03 20:25:28.000000,218,"Springfield Gardens North","Queens",203,"Rosedale","Queens",2.889,9.466666,3.6333334,3.4166667,0.21666667,"observed","valid",true,true,true,false,false,20,4,false,"evening_20_23",2026-07-03 20:00:00.000000,32.3,0,17.4,"dry"
913,"HV0003",2026-07-03 20:05:12.000000,2026-07-03 20:11:57.000000,2026-07-03 20:11:57.000000,2026-07-03 20:35:55.000000,138,"LaGuardia Airport","Queens",144,"Little Italy/NoLiTa","Manhattan",9.92,23.966667,6.75,6.75,0,"same_as_pickup","valid",true,false,true,false,false,20,4,false,"evening_20_23",2026-07-03 20:00:00.000000,32.3,0,17.4,"dry"
914,"HV0005",2026-07-03 20:09:51.000000,2026-07-03 20:14:19.000000,2026-07-03 20:15:08.000000,2026-07-03 20:17:23.000000,255,"Williamsburg (North Side)","Brooklyn",255,"Williamsburg (North Side)","Brooklyn",0.349,2.25,5.2833333,4.4666667,0.81666666,"observed","valid",true,true,true,false,false,20,4,false,"evening_20_23",2026-07-03 20:00:00.000000,32.3,0,17.4,"dry"
915,"HV0003",2026-07-03 20:30:52.000000,2026-07-03 20:39:26.000000,2026-07-03 20:41:02.000000,2026-07-03 20:55:56.000000,60,"Crotona Park East","Bronx",168,"Mott Haven/Port Morris","Bronx",2.82,14.9,10.166667,8.566667,1.6,"observed","valid",true,true,true,false,false,20,4,false,"evening_20_23",2026-07-03 20:00:00.000000,32.3,0,17.4,"dry"
916,"HV0005",2026-07-03 20:37:10.000000,2026-07-03 20:38:21.000000,2026-07-03 20:38:54.000000,2026-07-03 20:42:59.000000,145,"Long Island City/Hunters Point","Queens",145,"Long Island City/Hunters Point","Queens",0.692,4.0833335,1.7333333,1.1833333,0.55,"observed","valid",true,true,true,false,false,20,4,false,"evening_20_23",2026-07-03 20:00:00.000000,32.3,0,17.4,"dry"
917,"HV0003",2026-07-03 20:18:14.000000,2026-07-03 20:20:14.000000,2026-07-03 20:20:42.000000,2026-07-03 20:26:21.000000,158,"Meatpacking/West Village West","Manhattan",249,"West Village","Manhattan",0.71,5.65,2.4666667,2,0.46666667,"observed","valid",true,true,true,false,false,20,4,false,"evening_20_23",2026-07-03 20:00:00.000000,32.3,0,17.4,"dry"
918,"HV0003",2026-07-03 20:01:44.000000,2026-07-03 20:08:26.000000,2026-07-03 20:09:59.000000,2026-07-03 20:31:05.000000,22,"Bensonhurst West","Brooklyn",91,"Flatlands","Brooklyn",3.68,21.1,8.25,6.7,1.55,"observed","valid",true,true,true,false,false,20,4,false,"evening_20_23",2026-07-03 20:00:00.000000,32.3,0,17.4,"dry"
919,"HV0003",2026-07-03 20:36:07.000000,2026-07-03 20:36:33.000000,2026-07-03 20:37:03.000000,2026-07-03 20:53:32.000000,79,"East Village","Manhattan",261,"World Trade Center","Manhattan",2.07,16.483334,0.93333334,0.43333334,0.5,"observed","valid",true,true,true,false,false,20,4,false,"evening_20_23",2026-07-03 20:00:00.000000,32.3,0,17.4,"dry"
920,"HV0003",2026-07-03 20:36:46.000000,2026-07-03 20:42:48.000000,2026-07-03 20:43:46.000000,2026-07-03 20:50:55.000000,39,"Canarsie","Brooklyn",39,"Canarsie","Brooklyn",1.17,7.15,7,6.0333333,0.96666664,"observed","valid",true,true,true,false,false,20,4,false,"evening_20_23",2026-07-03 20:00:00.000000,32.3,0,17.4,"dry"
921,"HV0005",2026-07-03 20:31:12.000000,2026-07-03 20:35:01.000000,2026-07-03 20:39:26.000000,2026-07-03 20:46:04.000000,215,"South Jamaica","Queens",122,"Hollis","Queens",1.399,6.633333,8.233334,3.8166666,4.4166665,"observed","valid",true,true,true,false,true,20,4,false,"evening_20_23",2026-07-03 20:00:00.000000,32.3,0,17.4,"dry"
922,"HV0003",2026-07-03 21:22:00.000000,2026-07-03 21:26:03.000000,2026-07-03 21:26:33.000000,2026-07-03 22:03:41.000000,216,"South Ozone Park","Queens",91,"Flatlands","Brooklyn",8.8,37.133335,4.55,4.05,0.5,"observed","valid",true,true,true,true,false,21,4,false,"evening_20_23",2026-07-03 21:00:00.000000,29.6,0,12.1,"dry"
923,"HV0003",2026-07-03 21:17:44.000000,2026-07-03 21:22:35.000000,2026-07-03 21:23:58.000000,2026-07-03 21:33:09.000000,136,"Kingsbridge Heights","Bronx",235,"University Heights/Morris Heights","Bronx",1.24,9.183333,6.233333,4.85,1.3833333,"observed","valid",true,true,true,false,false,21,4,false,"evening_20_23",2026-07-03 21:00:00.000000,29.6,0,12.1,"dry"
924,"HV0005",2026-07-03 21:53:30.000000,2026-07-03 21:57:15.000000,2026-07-03 21:57:18.000000,2026-07-03 22:14:24.000000,77,"East New York/Pennsylvania Avenue","Brooklyn",61,"Crown Heights North","Brooklyn",2.893,17.1,3.8,3.75,0.05,"observed","valid",true,true,true,false,false,21,4,false,"evening_20_23",2026-07-03 21:00:00.000000,29.6,0,12.1,"dry"
925,"HV0003",2026-07-03 21:01:49.000000,2026-07-03 21:09:45.000000,2026-07-03 21:10:43.000000,2026-07-03 21:16:31.000000,71,"East Flatbush/Farragut","Brooklyn",71,"East Flatbush/Farragut","Brooklyn",1.18,5.8,8.9,7.9333334,0.96666664,"observed","valid",true,true,true,false,false,21,4,false,"evening_20_23",2026-07-03 21:00:00.000000,29.6,0,12.1,"dry"
926,"HV0003",2026-07-03 21:17:43.000000,2026-07-03 21:18:16.000000,2026-07-03 21:18:24.000000,2026-07-03 21:26:25.000000,233,"UN/Turtle Bay South","Manhattan",170,"Murray Hill","Manhattan",0.98,8.016666,0.68333334,0.55,0.13333334,"observed","valid",true,true,true,false,false,21,4,false,"evening_20_23",2026-07-03 21:00:00.000000,29.6,0,12.1,"dry"
927,"HV0003",2026-07-03 21:43:30.000000,2026-07-03 21:48:07.000000,2026-07-03 21:50:09.000000,2026-07-03 21:57:04.000000,145,"Long Island City/Hunters Point","Queens",146,"Long Island City/Queens Plaza","Queens",0.94,6.9166665,6.65,4.616667,2.0333333,"observed","valid",true,true,true,false,false,21,4,false,"evening_20_23",2026-07-03 21:00:00.000000,29.6,0,12.1,"dry"
928,"HV0003",2026-07-03 21:26:51.000000,2026-07-03 21:30:53.000000,2026-07-03 21:32:28.000000,2026-07-03 22:02:08.000000,149,"Madison","Brooklyn",189,"Prospect Heights","Brooklyn",6.18,29.666666,5.616667,4.0333333,1.5833334,"observed","valid",true,true,true,false,false,21,4,false,"evening_20_23",2026-07-03 21:00:00.000000,29.6,0,12.1,"dry"
929,"HV0003",2026-07-03 21:53:17.000000,2026-07-03 21:57:25.000000,2026-07-03 21:59:26.000000,2026-07-03 22:47:17.000000,170,"Murray Hill","Manhattan",265,"Outside of NYC","N/A",24.68,47.85,6.15,4.133333,2.0166667,"observed","valid",true,true,true,false,false,21,4,false,"evening_20_23",2026-07-03 21:00:00.000000,29.6,0,12.1,"dry"
930,"HV0003",2026-07-03 21:42:26.000000,2026-07-03 21:47:31.000000,2026-07-03 21:47:38.000000,2026-07-03 22:04:44.000000,141,"Lenox Hill West","Manhattan",48,"Clinton East","Manhattan",2.95,17.1,5.2,5.0833335,0.11666667,"observed","valid",true,true,true,false,false,21,4,false,"evening_20_23",2026-07-03 21:00:00.000000,29.6,0,12.1,"dry"
931,"HV0005",2026-07-03 21:05:09.000000,2026-07-03 21:07:45.000000,2026-07-03 21:08:56.000000,2026-07-03 21:11:54.000000,16,"Bayside","Queens",16,"Bayside","Queens",0.552,2.9666667,3.7833333,2.6,1.1833333,"observed","valid",true,true,true,false,false,21,4,false,"evening_20_23",2026-07-03 21:00:00.000000,29.6,0,12.1,"dry"
932,"HV0003",2026-07-03 21:05:08.000000,2026-07-03 21:12:18.000000,2026-07-03 21:12:20.000000,2026-07-03 21:32:49.000000,65,"Downtown Brooklyn/MetroTech","Brooklyn",157,"Maspeth","Queens",6.31,20.483334,7.2,7.1666665,0.033333335,"observed","valid",true,true,true,false,false,21,4,false,"evening_20_23",2026-07-03 21:00:00.000000,29.6,0,12.1,"dry"
933,"HV0003",2026-07-03 21:32:13.000000,2026-07-03 21:36:17.000000,2026-07-03 21:37:32.000000,2026-07-03 21:44:52.000000,233,"UN/Turtle Bay South","Manhattan",141,"Lenox Hill West","Manhattan",1.39,7.3333335,5.3166666,4.0666666,1.25,"observed","valid",true,true,true,false,false,21,4,false,"evening_20_23",2026-07-03 21:00:00.000000,29.6,0,12.1,"dry"
934,"HV0003",2026-07-03 21:32:11.000000,2026-07-03 21:35:01.000000,2026-07-03 21:35:19.000000,2026-07-03 21:58:28.000000,147,"Longwood","Bronx",235,"University Heights/Morris Heights","Bronx",6,23.15,3.1333334,2.8333333,0.3,"observed","valid",true,true,true,false,false,21,4,false,"evening_20_23",2026-07-03 21:00:00.000000,29.6,0,12.1,"dry"
935,"HV0003",2026-07-03 21:23:59.000000,2026-07-03 21:27:33.000000,2026-07-03 21:28:20.000000,2026-07-03 21:34:04.000000,225,"Stuyvesant Heights","Brooklyn",37,"Bushwick South","Brooklyn",0.96,5.733333,4.35,3.5666666,0.78333336,"observed","valid",true,true,true,false,false,21,4,false,"evening_20_23",2026-07-03 21:00:00.000000,29.6,0,12.1,"dry"
936,"HV0003",2026-07-03 21:40:59.000000,2026-07-03 21:46:16.000000,2026-07-03 21:48:11.000000,2026-07-03 22:08:12.000000,168,"Mott Haven/Port Morris","Bronx",47,"Claremont/Bathgate","Bronx",2.39,20.016666,7.2,5.2833333,1.9166666,"observed","valid",true,true,true,false,false,21,4,false,"evening_20_23",2026-07-03 21:00:00.000000,29.6,0,12.1,"dry"
937,"HV0003",2026-07-03 21:42:02.000000,2026-07-03 21:46:18.000000,2026-07-03 21:46:58.000000,2026-07-03 22:19:52.000000,140,"Lenox Hill East","Manhattan",123,"Homecrest","Brooklyn",15.19,32.9,4.9333334,4.266667,0.6666667,"observed","valid",true,true,true,false,false,21,4,false,"evening_20_23",2026-07-03 21:00:00.000000,29.6,0,12.1,"dry"
938,"HV0003",2026-07-03 21:21:56.000000,2026-07-03 21:24:47.000000,2026-07-03 21:25:05.000000,2026-07-03 21:40:31.000000,112,"Greenpoint","Brooklyn",79,"East Village","Manhattan",4.25,15.433333,3.15,2.85,0.3,"observed","valid",true,true,true,false,false,21,4,false,"evening_20_23",2026-07-03 21:00:00.000000,29.6,0,12.1,"dry"
939,"HV0003",2026-07-03 21:52:53.000000,2026-07-03 21:54:17.000000,2026-07-03 21:56:18.000000,2026-07-03 22:11:47.000000,119,"Highbridge","Bronx",127,"Inwood","Manhattan",4.3,15.483334,3.4166667,1.4,2.0166667,"observed","valid",true,true,true,false,false,21,4,false,"evening_20_23",2026-07-03 21:00:00.000000,29.6,0,12.1,"dry"
940,"HV0003",2026-07-03 21:28:40.000000,2026-07-03 21:29:00.000000,2026-07-03 21:31:02.000000,2026-07-03 21:49:37.000000,61,"Crown Heights North","Brooklyn",177,"Ocean Hill","Brooklyn",2.6,18.583334,2.3666666,0.33333334,2.0333333,"observed","valid",true,true,true,false,false,21,4,false,"evening_20_23",2026-07-03 21:00:00.000000,29.6,0,12.1,"dry"
941,"HV0003",2026-07-03 21:49:19.000000,2026-07-03 21:55:05.000000,2026-07-03 21:55:09.000000,2026-07-03 22:14:24.000000,147,"Longwood","Bronx",94,"Fordham South","Bronx",3.23,19.25,5.8333335,5.766667,0.06666667,"observed","valid",true,true,true,false,false,21,4,false,"evening_20_23",2026-07-03 21:00:00.000000,29.6,0,12.1,"dry"
942,"HV0003",2026-07-03 22:05:47.000000,2026-07-03 22:21:51.000000,2026-07-03 22:23:50.000000,2026-07-03 22:50:17.000000,195,"Red Hook","Brooklyn",61,"Crown Heights North","Brooklyn",4.87,26.45,18.05,16.066668,1.9833333,"observed","valid",true,true,true,false,false,22,4,false,"evening_20_23",2026-07-03 22:00:00.000000,28.9,0,8.9,"dry"
943,"HV0003",2026-07-03 22:22:42.000000,2026-07-03 22:23:17.000000,2026-07-03 22:24:20.000000,2026-07-03 22:38:56.000000,113,"Greenwich Village North","Manhattan",87,"Financial District North","Manhattan",2.65,14.6,1.6333333,0.5833333,1.05,"observed","valid",true,true,true,false,false,22,4,false,"evening_20_23",2026-07-03 22:00:00.000000,28.9,0,8.9,"dry"
944,"HV0005",2026-07-03 22:53:49.000000,2026-07-03 22:55:19.000000,2026-07-03 22:55:20.000000,2026-07-03 23:06:55.000000,163,"Midtown North","Manhattan",236,"Upper East Side North","Manhattan",2.368,11.583333,1.5166667,1.5,0.016666668,"observed","valid",true,true,true,false,false,22,4,false,"evening_20_23",2026-07-03 22:00:00.000000,28.9,0,8.9,"dry"
945,"HV0003",2026-07-03 22:28:22.000000,2026-07-03 22:29:24.000000,2026-07-03 22:29:38.000000,2026-07-03 22:36:23.000000,181,"Park Slope","Brooklyn",181,"Park Slope","Brooklyn",0.93,6.75,1.2666667,1.0333333,0.23333333,"observed","valid",true,true,true,false,false,22,4,false,"evening_20_23",2026-07-03 22:00:00.000000,28.9,0,8.9,"dry"
946,"HV0003",2026-07-03 22:23:16.000000,2026-07-03 22:26:33.000000,2026-07-03 22:26:47.000000,2026-07-03 22:28:39.000000,188,"Prospect-Lefferts Gardens","Brooklyn",190,"Prospect Park","Brooklyn",0.35,1.8666667,3.5166667,3.2833333,0.23333333,"observed","valid",true,true,true,false,false,22,4,false,"evening_20_23",2026-07-03 22:00:00.000000,28.9,0,8.9,"dry"
947,"HV0003",2026-07-03 22:05:03.000000,2026-07-03 22:08:40.000000,2026-07-03 22:08:49.000000,2026-07-03 22:24:31.000000,166,"Morningside Heights","Manhattan",120,"Highbridge Park","Manhattan",2.85,15.7,3.7666667,3.6166666,0.15,"observed","valid",true,true,true,false,false,22,4,false,"evening_20_23",2026-07-03 22:00:00.000000,28.9,0,8.9,"dry"
948,"HV0005",2026-07-03 22:55:13.000000,2026-07-03 22:57:10.000000,2026-07-03 22:58:27.000000,2026-07-03 23:19:58.000000,249,"West Village","Manhattan",48,"Clinton East","Manhattan",4,21.516666,3.2333333,1.95,1.2833333,"observed","valid",true,true,true,false,false,22,4,false,"evening_20_23",2026-07-03 22:00:00.000000,28.9,0,8.9,"dry"
949,"HV0003",2026-07-03 22:35:53.000000,2026-07-03 22:48:43.000000,2026-07-03 22:50:19.000000,2026-07-03 22:55:00.000000,76,"East New York","Brooklyn",76,"East New York","Brooklyn",0.62,4.6833334,14.433333,12.833333,1.6,"observed","valid",true,true,true,false,false,22,4,false,"evening_20_23",2026-07-03 22:00:00.000000,28.9,0,8.9,"dry"
950,"HV0003",2026-07-03 22:12:16.000000,2026-07-03 22:17:13.000000,2026-07-03 22:17:52.000000,2026-07-03 22:49:21.000000,158,"Meatpacking/West Village West","Manhattan",188,"Prospect-Lefferts Gardens","Brooklyn",9.53,31.483334,5.6,4.95,0.65,"observed","valid",true,true,true,false,false,22,4,false,"evening_20_23",2026-07-03 22:00:00.000000,28.9,0,8.9,"dry"
951,"HV0003",2026-07-03 22:00:35.000000,2026-07-03 22:04:34.000000,2026-07-03 22:05:38.000000,2026-07-03 22:31:56.000000,129,"Jackson Heights","Queens",48,"Clinton East","Manhattan",7.27,26.3,5.05,3.9833333,1.0666667,"observed","valid",true,true,true,false,false,22,4,false,"evening_20_23",2026-07-03 22:00:00.000000,28.9,0,8.9,"dry"
952,"HV0003",2026-07-03 22:44:28.000000,2026-07-03 22:48:19.000000,2026-07-03 22:48:41.000000,2026-07-03 23:14:02.000000,255,"Williamsburg (North Side)","Brooklyn",61,"Crown Heights North","Brooklyn",3.44,25.35,4.2166667,3.85,0.36666667,"observed","valid",true,true,true,false,false,22,4,false,"evening_20_23",2026-07-03 22:00:00.000000,28.9,0,8.9,"dry"
953,"HV0003",2026-07-03 22:52:00.000000,2026-07-03 22:55:59.000000,2026-07-03 22:56:43.000000,2026-07-03 23:08:46.000000,86,"Far Rockaway","Queens",265,"Outside of NYC","N/A",2.93,12.05,4.7166667,3.9833333,0.73333335,"observed","valid",true,true,true,true,false,22,4,false,"evening_20_23",2026-07-03 22:00:00.000000,28.9,0,8.9,"dry"
954,"HV0003",2026-07-03 22:25:09.000000,2026-07-03 22:29:26.000000,2026-07-03 22:31:26.000000,2026-07-03 22:42:56.000000,231,"TriBeCa/Civic Center","Manhattan",90,"Flatiron","Manhattan",1.96,11.5,6.2833333,4.2833333,2,"observed","valid",true,true,true,false,false,22,4,false,"evening_20_23",2026-07-03 22:00:00.000000,28.9,0,8.9,"dry"
955,"HV0003",2026-07-03 22:30:00.000000,2026-07-03 22:34:36.000000,2026-07-03 22:36:14.000000,2026-07-03 23:07:14.000000,119,"Highbridge","Bronx",186,"Penn Station/Madison Sq West","Manhattan",11.05,31,6.233333,4.6,1.6333333,"observed","valid",true,true,true,true,false,22,4,false,"evening_20_23",2026-07-03 22:00:00.000000,28.9,0,8.9,"dry"
956,"HV0003",2026-07-03 22:07:11.000000,2026-07-03 22:08:51.000000,2026-07-03 22:08:51.000000,2026-07-03 22:15:03.000000,141,"Lenox Hill West","Manhattan",230,"Times Sq/Theatre District","Manhattan",1.21,6.2,1.6666666,1.6666666,0,"same_as_pickup","valid",true,false,true,false,false,22,4,false,"evening_20_23",2026-07-03 22:00:00.000000,28.9,0,8.9,"dry"
957,"HV0003",2026-07-03 22:16:07.000000,2026-07-03 22:20:16.000000,2026-07-03 22:20:33.000000,2026-07-03 22:33:44.000000,42,"Central Harlem North","Manhattan",168,"Mott Haven/Port Morris","Bronx",2.24,13.183333,4.4333334,4.15,0.28333333,"observed","valid",true,true,true,false,false,22,4,false,"evening_20_23",2026-07-03 22:00:00.000000,28.9,0,8.9,"dry"
958,"HV0003",2026-07-03 23:54:27.000000,2026-07-03 23:55:23.000000,2026-07-03 23:57:05.000000,2026-07-04 00:01:44.000000,254,"Williamsbridge/Olinville","Bronx",254,"Williamsbridge/Olinville","Bronx",0.95,4.65,2.6333334,0.93333334,1.7,"observed","valid",true,true,true,false,false,23,4,false,"evening_20_23",2026-07-03 23:00:00.000000,28.6,0,9.8,"dry"
959,"HV0005",2026-07-03 23:52:50.000000,2026-07-03 23:53:31.000000,2026-07-03 23:54:48.000000,2026-07-04 00:13:56.000000,141,"Lenox Hill West","Manhattan",148,"Lower East Side","Manhattan",4.719,19.133333,1.9666667,0.68333334,1.2833333,"observed","valid",true,true,true,false,false,23,4,false,"evening_20_23",2026-07-03 23:00:00.000000,28.6,0,9.8,"dry"
960,"HV0005",2026-07-03 23:14:02.000000,2026-07-03 23:15:34.000000,2026-07-03 23:17:05.000000,2026-07-03 23:32:46.000000,229,"Sutton Place/Turtle Bay North","Manhattan",246,"West Chelsea/Hudson Yards","Manhattan",2.095,15.683333,3.05,1.5333333,1.5166667,"observed","valid",true,true,true,false,false,23,4,false,"evening_20_23",2026-07-03 23:00:00.000000,28.6,0,9.8,"dry"
961,"HV0003",2026-07-03 23:34:32.000000,2026-07-03 23:36:47.000000,2026-07-03 23:38:48.000000,2026-07-03 23:56:27.000000,89,"Flatbush/Ditmas Park","Brooklyn",181,"Park Slope","Brooklyn",4.36,17.65,4.266667,2.25,2.0166667,"observed","valid",true,true,true,false,false,23,4,false,"evening_20_23",2026-07-03 23:00:00.000000,28.6,0,9.8,"dry"
962,"HV0005",2026-07-03 23:43:19.000000,2026-07-03 23:45:57.000000,2026-07-03 23:48:05.000000,2026-07-04 00:04:01.000000,255,"Williamsburg (North Side)","Brooklyn",107,"Gramercy","Manhattan",4.232,15.933333,4.766667,2.6333334,2.1333334,"observed","valid",true,true,true,false,false,23,4,false,"evening_20_23",2026-07-03 23:00:00.000000,28.6,0,9.8,"dry"
963,"HV0003",2026-07-03 22:58:31.000000,2026-07-03 23:04:32.000000,2026-07-03 23:04:38.000000,2026-07-03 23:09:02.000000,206,"Saint George/New Brighton","Staten Island",206,"Saint George/New Brighton","Staten Island",1.19,4.4,6.116667,6.016667,0.1,"observed","valid",true,true,true,false,false,22,4,false,"evening_20_23",2026-07-03 22:00:00.000000,28.9,0,8.9,"dry"
964,"HV0005",2026-07-03 23:44:29.000000,2026-07-03 23:46:56.000000,2026-07-03 23:51:27.000000,2026-07-04 00:00:07.000000,203,"Rosedale","Queens",219,"Springfield Gardens South","Queens",3.081,8.666667,6.9666667,2.45,4.516667,"observed","valid",true,true,true,false,true,23,4,false,"evening_20_23",2026-07-03 23:00:00.000000,28.6,0,9.8,"dry"
965,"HV0003",2026-07-03 23:32:16.000000,2026-07-03 23:37:26.000000,2026-07-03 23:38:14.000000,2026-07-03 23:55:23.000000,91,"Flatlands","Brooklyn",29,"Brighton Beach","Brooklyn",6.89,17.15,5.9666667,5.1666665,0.8,"observed","valid",true,true,true,false,false,23,4,false,"evening_20_23",2026-07-03 23:00:00.000000,28.6,0,9.8,"dry"
966,"HV0005",2026-07-03 23:13:39.000000,2026-07-03 23:21:48.000000,2026-07-03 23:23:24.000000,2026-07-03 23:44:08.000000,167,"Morrisania/Melrose","Bronx",42,"Central Harlem North","Manhattan",2.958,20.733334,9.75,8.15,1.6,"observed","valid",true,true,true,false,false,23,4,false,"evening_20_23",2026-07-03 23:00:00.000000,28.6,0,9.8,"dry"
967,"HV0003",2026-07-03 23:07:27.000000,2026-07-03 23:09:53.000000,2026-07-03 23:10:57.000000,2026-07-03 23:32:32.000000,50,"Clinton West","Manhattan",262,"Yorkville East","Manhattan",4.54,21.583334,3.5,2.4333334,1.0666667,"observed","valid",true,true,true,false,false,23,4,false,"evening_20_23",2026-07-03 23:00:00.000000,28.6,0,9.8,"dry"
968,"HV0005",2026-07-03 23:46:43.000000,2026-07-03 23:50:39.000000,2026-07-03 23:50:56.000000,2026-07-04 00:07:06.000000,256,"Williamsburg (South Side)","Brooklyn",61,"Crown Heights North","Brooklyn",3.234,16.166666,4.2166667,3.9333334,0.28333333,"observed","valid",true,true,true,false,false,23,4,false,"evening_20_23",2026-07-03 23:00:00.000000,28.6,0,9.8,"dry"
969,"HV0005",2026-07-03 23:48:39.000000,2026-07-03 23:49:12.000000,2026-07-03 23:50:42.000000,2026-07-03 23:59:03.000000,161,"Midtown Center","Manhattan",170,"Murray Hill","Manhattan",0.755,8.35,2.05,0.55,1.5,"observed","valid",true,true,true,false,false,23,4,false,"evening_20_23",2026-07-03 23:00:00.000000,28.6,0,9.8,"dry"
970,"HV0003",2026-07-03 23:06:20.000000,2026-07-03 23:18:08.000000,2026-07-03 23:18:46.000000,2026-07-03 23:25:49.000000,22,"Bensonhurst West","Brooklyn",108,"Gravesend","Brooklyn",1.25,7.05,12.433333,11.8,0.6333333,"observed","valid",true,true,true,false,false,23,4,false,"evening_20_23",2026-07-03 23:00:00.000000,28.6,0,9.8,"dry"
971,"HV0005",2026-07-03 23:03:49.000000,2026-07-03 23:05:46.000000,2026-07-03 23:06:03.000000,2026-07-03 23:18:35.000000,255,"Williamsburg (North Side)","Brooklyn",80,"East Williamsburg","Brooklyn",1.637,12.533334,2.2333333,1.95,0.28333333,"observed","valid",true,true,true,false,false,23,4,false,"evening_20_23",2026-07-03 23:00:00.000000,28.6,0,9.8,"dry"
972,"HV0005",2026-07-03 23:10:57.000000,2026-07-03 23:12:29.000000,2026-07-03 23:15:12.000000,2026-07-03 23:32:24.000000,107,"Gramercy","Manhattan",157,"Maspeth","Queens",6.641,17.2,4.25,1.5333333,2.7166667,"observed","valid",true,true,true,false,false,23,4,false,"evening_20_23",2026-07-03 23:00:00.000000,28.6,0,9.8,"dry"
973,"HV0003",2026-07-03 23:04:33.000000,2026-07-03 23:12:32.000000,2026-07-03 23:13:12.000000,2026-07-03 23:48:25.000000,36,"Bushwick North","Brooklyn",218,"Springfield Gardens North","Queens",9.73,35.216667,8.65,7.983333,0.6666667,"observed","valid",true,true,true,false,false,23,4,false,"evening_20_23",2026-07-03 23:00:00.000000,28.6,0,9.8,"dry"
974,"HV0003",2026-07-03 23:12:20.000000,2026-07-03 23:17:18.000000,2026-07-03 23:18:54.000000,2026-07-03 23:52:05.000000,10,"Baisley Park","Queens",97,"Fort Greene","Brooklyn",15.68,33.183334,6.5666666,4.9666667,1.6,"observed","valid",true,true,true,false,false,23,4,false,"evening_20_23",2026-07-03 23:00:00.000000,28.6,0,9.8,"dry"
975,"HV0005",2026-07-03 23:49:29.000000,2026-07-03 23:51:39.000000,2026-07-03 23:51:56.000000,2026-07-04 00:03:12.000000,107,"Gramercy","Manhattan",48,"Clinton East","Manhattan",2.294,11.266666,2.45,2.1666667,0.28333333,"observed","valid",true,true,true,false,false,23,4,false,"evening_20_23",2026-07-03 23:00:00.000000,28.6,0,9.8,"dry"
976,"HV0003",2026-07-03 23:19:59.000000,2026-07-03 23:30:28.000000,2026-07-03 23:30:28.000000,2026-07-03 23:51:59.000000,92,"Flushing","Queens",35,"Brownsville","Brooklyn",10.31,21.516666,10.483334,10.483334,0,"same_as_pickup","valid",true,false,true,false,false,23,4,false,"evening_20_23",2026-07-03 23:00:00.000000,28.6,0,9.8,"dry"
977,"HV0003",2026-07-03 23:47:58.000000,2026-07-03 23:54:28.000000,2026-07-03 23:54:46.000000,2026-07-04 00:03:26.000000,191,"Queens Village","Queens",130,"Jamaica","Queens",1.75,8.666667,6.8,6.5,0.3,"observed","valid",true,true,true,false,false,23,4,false,"evening_20_23",2026-07-03 23:00:00.000000,28.6,0,9.8,"dry"
978,"HV0003",2026-07-03 23:19:13.000000,2026-07-03 23:28:01.000000,2026-07-03 23:30:02.000000,2026-07-03 23:38:39.000000,36,"Bushwick North","Brooklyn",225,"Stuyvesant Heights","Brooklyn",1.41,8.616667,10.816667,8.8,2.0166667,"observed","valid",true,true,true,false,false,23,4,false,"evening_20_23",2026-07-03 23:00:00.000000,28.6,0,9.8,"dry"
979,"HV0003",2026-07-04 00:46:04.000000,2026-07-04 00:46:15.000000,2026-07-04 00:48:15.000000,2026-07-04 01:21:52.000000,29,"Brighton Beach","Brooklyn",230,"Times Sq/Theatre District","Manhattan",20.15,33.616665,2.1833334,0.18333334,2,"observed","valid",true,true,true,false,false,0,5,true,"overnight_00_05",2026-07-04 00:00:00.000000,28.6,0,7,"dry"
980,"HV0003",2026-07-04 00:24:04.000000,2026-07-04 00:26:57.000000,2026-07-04 00:27:37.000000,2026-07-04 00:46:11.000000,255,"Williamsburg (North Side)","Brooklyn",202,"Roosevelt Island","Manhattan",3.94,18.566668,3.55,2.8833334,0.6666667,"observed","valid",true,true,true,false,false,0,5,true,"overnight_00_05",2026-07-04 00:00:00.000000,28.6,0,7,"dry"
981,"HV0005",2026-07-03 23:56:47.000000,2026-07-04 00:00:03.000000,2026-07-04 00:02:46.000000,2026-07-04 00:08:55.000000,93,"Flushing Meadows-Corona Park","Queens",196,"Rego Park","Queens",2.166,6.15,5.983333,3.2666667,2.7166667,"observed","valid",true,true,true,false,false,23,4,false,"evening_20_23",2026-07-03 23:00:00.000000,28.6,0,9.8,"dry"
982,"HV0005",2026-07-04 00:23:45.000000,2026-07-04 00:26:38.000000,2026-07-04 00:27:47.000000,2026-07-04 01:06:10.000000,88,"Financial District South","Manhattan",265,"Outside of NYC","N/A",25.886,38.383335,4.0333333,2.8833334,1.15,"observed","valid",true,true,true,false,false,0,5,true,"overnight_00_05",2026-07-04 00:00:00.000000,28.6,0,7,"dry"
983,"HV0005",2026-07-04 00:36:24.000000,2026-07-04 00:40:23.000000,2026-07-04 00:40:47.000000,2026-07-04 01:08:58.000000,255,"Williamsburg (North Side)","Brooklyn",265,"Outside of NYC","N/A",8.286,28.183332,4.383333,3.9833333,0.4,"observed","valid",true,true,true,false,false,0,5,true,"overnight_00_05",2026-07-04 00:00:00.000000,28.6,0,7,"dry"
984,"HV0005",2026-07-03 23:57:19.000000,2026-07-04 00:01:38.000000,2026-07-04 00:02:41.000000,2026-07-04 00:13:11.000000,83,"Elmhurst/Maspeth","Queens",226,"Sunnyside","Queens",1.727,10.5,5.366667,4.3166666,1.05,"observed","valid",true,true,true,false,false,23,4,false,"evening_20_23",2026-07-03 23:00:00.000000,28.6,0,9.8,"dry"
985,"HV0005",2026-07-04 00:41:42.000000,2026-07-04 00:46:02.000000,2026-07-04 00:46:21.000000,2026-07-04 01:20:46.000000,37,"Bushwick South","Brooklyn",48,"Clinton East","Manhattan",6.882,34.416668,4.65,4.3333335,0.31666666,"observed","valid",true,true,true,false,false,0,5,true,"overnight_00_05",2026-07-04 00:00:00.000000,28.6,0,7,"dry"
986,"HV0003",2026-07-04 00:23:30.000000,2026-07-04 00:24:53.000000,2026-07-04 00:24:53.000000,2026-07-04 00:43:32.000000,247,"West Concourse","Bronx",137,"Kips Bay","Manhattan",7.9,18.65,1.3833333,1.3833333,0,"same_as_pickup","valid",true,false,true,false,false,0,5,true,"overnight_00_05",2026-07-04 00:00:00.000000,28.6,0,7,"dry"
987,"HV0003",2026-07-03 23:57:14.000000,2026-07-04 00:02:16.000000,2026-07-04 00:02:24.000000,2026-07-04 00:13:19.000000,147,"Longwood","Bronx",167,"Morrisania/Melrose","Bronx",1.56,10.916667,5.1666665,5.0333333,0.13333334,"observed","valid",true,true,true,false,false,23,4,false,"evening_20_23",2026-07-03 23:00:00.000000,28.6,0,9.8,"dry"
988,"HV0005",2026-07-04 00:39:38.000000,2026-07-04 00:54:25.000000,2026-07-04 00:55:03.000000,2026-07-04 01:43:48.000000,132,"JFK Airport","Queens",265,"Outside of NYC","N/A",22.364,48.75,15.416667,14.783334,0.6333333,"observed","valid",true,true,true,false,false,0,5,true,"overnight_00_05",2026-07-04 00:00:00.000000,28.6,0,7,"dry"
989,"HV0005",2026-07-04 00:38:48.000000,2026-07-04 00:54:53.000000,2026-07-04 00:54:55.000000,2026-07-04 01:33:55.000000,132,"JFK Airport","Queens",33,"Brooklyn Heights","Brooklyn",27.184,39,16.116667,16.083334,0.033333335,"observed","valid",true,true,true,false,false,0,5,true,"overnight_00_05",2026-07-04 00:00:00.000000,28.6,0,7,"dry"
990,"HV0003",2026-07-04 00:30:55.000000,2026-07-04 00:32:36.000000,2026-07-04 00:32:36.000000,2026-07-04 00:43:12.000000,21,"Bensonhurst East","Brooklyn",123,"Homecrest","Brooklyn",1.88,10.6,1.6833333,1.6833333,0,"same_as_pickup","valid",true,false,true,false,false,0,5,true,"overnight_00_05",2026-07-04 00:00:00.000000,28.6,0,7,"dry"
991,"HV0003",2026-07-04 00:36:35.000000,2026-07-04 00:39:47.000000,2026-07-04 00:40:53.000000,2026-07-04 00:54:35.000000,180,"Ozone Park","Queens",258,"Woodhaven","Queens",2.48,13.7,4.3,3.2,1.1,"observed","valid",true,true,true,false,false,0,5,true,"overnight_00_05",2026-07-04 00:00:00.000000,28.6,0,7,"dry"
992,"HV0003",2026-07-04 00:45:55.000000,2026-07-04 00:47:23.000000,2026-07-04 00:47:52.000000,2026-07-04 01:03:06.000000,49,"Clinton Hill","Brooklyn",133,"Kensington","Brooklyn",3.49,15.233334,1.95,1.4666667,0.48333332,"observed","valid",true,true,true,false,false,0,5,true,"overnight_00_05",2026-07-04 00:00:00.000000,28.6,0,7,"dry"
993,"HV0005",2026-07-04 00:12:48.000000,2026-07-04 00:16:08.000000,2026-07-04 00:20:59.000000,2026-07-04 00:34:21.000000,91,"Flatlands","Brooklyn",188,"Prospect-Lefferts Gardens","Brooklyn",2.262,13.366667,8.183333,3.3333333,4.85,"observed","valid",true,true,true,false,true,0,5,true,"overnight_00_05",2026-07-04 00:00:00.000000,28.6,0,7,"dry"
994,"HV0003",2026-07-04 01:05:12.000000,2026-07-04 01:07:39.000000,2026-07-04 01:07:42.000000,2026-07-04 01:22:02.000000,92,"Flushing","Queens",15,"Bay Terrace/Fort Totten","Queens",3.6,14.333333,2.5,2.45,0.05,"observed","valid",true,true,true,false,false,1,5,true,"overnight_00_05",2026-07-04 01:00:00.000000,28,0,6.7,"dry"
995,"HV0003",2026-07-04 01:19:55.000000,2026-07-04 01:20:49.000000,2026-07-04 01:21:03.000000,2026-07-04 01:28:21.000000,232,"Two Bridges/Seward Park","Manhattan",256,"Williamsburg (South Side)","Brooklyn",2.39,7.3,1.1333333,0.9,0.23333333,"observed","valid",true,true,true,false,false,1,5,true,"overnight_00_05",2026-07-04 01:00:00.000000,28,0,6.7,"dry"
996,"HV0003",2026-07-04 01:16:27.000000,2026-07-04 01:19:43.000000,2026-07-04 01:20:54.000000,2026-07-04 01:24:57.000000,254,"Williamsbridge/Olinville","Bronx",254,"Williamsbridge/Olinville","Bronx",0.73,4.05,4.45,3.2666667,1.1833333,"observed","valid",true,true,true,false,false,1,5,true,"overnight_00_05",2026-07-04 01:00:00.000000,28,0,6.7,"dry"
997,"HV0005",2026-07-04 01:04:05.000000,2026-07-04 01:09:23.000000,2026-07-04 01:10:57.000000,2026-07-04 01:35:48.000000,78,"East Tremont","Bronx",127,"Inwood","Manhattan",3.944,24.85,6.866667,5.3,1.5666667,"observed","valid",true,true,true,false,false,1,5,true,"overnight_00_05",2026-07-04 01:00:00.000000,28,0,6.7,"dry"
998,"HV0003",2026-07-04 01:05:40.000000,2026-07-04 01:06:37.000000,2026-07-04 01:07:58.000000,2026-07-04 01:25:02.000000,17,"Bedford","Brooklyn",36,"Bushwick North","Brooklyn",2.24,17.066668,2.3,0.95,1.35,"observed","valid",true,true,true,false,false,1,5,true,"overnight_00_05",2026-07-04 01:00:00.000000,28,0,6.7,"dry"
999,"HV0003",2026-07-04 01:35:20.000000,2026-07-04 01:39:32.000000,2026-07-04 01:39:48.000000,2026-07-04 02:04:36.000000,249,"West Village","Manhattan",112,"Greenpoint","Brooklyn",7.6,24.8,4.4666667,4.2,0.26666668,"observed","valid",true,true,true,false,false,1,5,true,"overnight_00_05",2026-07-04 01:00:00.000000,28,0,6.7,"dry"
